reciprocity_semantic,liking_semantic,social_proof_semantic,authority_semantic,scarcity_semantic,commitment_consistency_semantic
0.9644353985786438,0.8611712455749512,0.869173526763916,0.9022520780563354,0.7746081948280334,0.8433297872543335
0.8537450432777405,0.9260829091072083,0.8956637978553772,0.8509782552719116,0.7935076355934143,0.4087415933609009
0.13672763109207153,0.07457925379276276,0.10074284672737122,0.07174327224493027,0.03773238882422447,0.030384080484509468
0.8948509693145752,0.8856098055839539,0.7825338244438171,0.8168658018112183,0.17343948781490326,0.07365012168884277
0.8317189812660217,0.7274101376533508,0.7944703102111816,0.7817601561546326,0.5320028066635132,0.7231695055961609
0.6689627170562744,0.9547402858734131,0.12824955582618713,0.09373920410871506,0.023307671770453453,0.01389267761260271
0.9925057888031006,0.780211865901947,0.8975393772125244,0.9759767055511475,0.753349781036377,0.9986973404884338
0.8742473721504211,0.5697858333587646,0.7306357622146606,0.7156444191932678,0.4939275085926056,0.2577381134033203
0.9915367364883423,0.8979364633560181,0.9120656847953796,0.8873764276504517,0.5373044013977051,0.6810144782066345
0.9814818501472473,0.8758008480072021,0.6081953048706055,0.9620085954666138,0.4541710913181305,0.8254523277282715
0.9076281785964966,0.5433201789855957,0.5227277874946594,0.661984920501709,0.18472276628017426,0.3975782096385956
0.9441176652908325,0.8491587042808533,0.4733111560344696,0.8428894877433777,0.18599587678909302,0.2328527867794037
0.98966383934021,0.8057738542556763,0.6816519498825073,0.8984559774398804,0.34788429737091064,0.6770694255828857
0.5965759754180908,0.2872997522354126,0.45142045617103577,0.6499224305152893,0.49458640813827515,0.3091844916343689
0.9499366283416748,0.9087757468223572,0.9150612950325012,0.9362210035324097,0.8006898760795593,0.9489861726760864
0.8998097777366638,0.5240472555160522,0.8139970898628235,0.8677391409873962,0.6652849316596985,0.9715255498886108
0.7381172180175781,0.5394901037216187,0.3450521230697632,0.6270807981491089,0.4510796368122101,0.5598447918891907
0.987023115158081,0.7589032649993896,0.6979009509086609,0.7880931496620178,0.4829667806625366,0.9102879762649536
0.9769154191017151,0.825388491153717,0.9551182389259338,0.9527100324630737,0.9743208885192871,0.7211372256278992
0.9837990999221802,0.6381723284721375,0.6872134804725647,0.8557905554771423,0.3838447630405426,0.7613485455513
0.974034309387207,0.7758153676986694,0.8900414705276489,0.9775622487068176,0.762744128704071,0.8448870778083801
0.9282848238945007,0.8041267395019531,0.6266281008720398,0.7382535338401794,0.3455115258693695,0.9183130860328674
0.9103143811225891,0.8742868900299072,0.7970514893531799,0.8610367178916931,0.8374969363212585,0.6672237515449524
0.997885525226593,0.8665743470191956,0.9255226850509644,0.9753206968307495,0.8253796100616455,0.6980875730514526
0.8273378014564514,0.6470529437065125,0.5843019485473633,0.7222905158996582,0.377177357673645,0.7695334553718567
0.8369194865226746,0.4543200433254242,0.27784204483032227,0.4303809702396393,0.44368213415145874,0.9202966094017029
0.6756926774978638,0.5538081526756287,0.46329590678215027,0.4681004285812378,0.9162468314170837,0.6121514439582825
0.9439837336540222,0.8425823450088501,0.4892604649066925,0.14336290955543518,0.019066983833909035,0.06021255999803543
0.9832273721694946,0.9664562344551086,0.9826284050941467,0.8730220794677734,0.45528948307037354,0.8843345046043396
0.9950075149536133,0.9206485152244568,0.9905869960784912,0.9910640120506287,0.8104192614555359,0.893631637096405
0.9576730132102966,0.8246281743049622,0.681762158870697,0.7193413376808167,0.5394448041915894,0.7711921334266663
0.935337245464325,0.8688060641288757,0.9182854294776917,0.8498933911323547,0.6678071022033691,0.5517319440841675
0.994090735912323,0.9716024398803711,0.9317060708999634,0.9292359352111816,0.9096418619155884,0.8196637034416199
0.8378868103027344,0.7540526986122131,0.6964350938796997,0.4009362459182739,0.033283449709415436,0.24632173776626587
0.9779958724975586,0.854496955871582,0.9122263789176941,0.9412468671798706,0.36755698919296265,0.6999000906944275
0.9723120927810669,0.9220067262649536,0.7733984589576721,0.7422217130661011,0.38511258363723755,0.8190749287605286
0.9937482476234436,0.7600740194320679,0.9465253353118896,0.9665464758872986,0.8259177207946777,0.9206136465072632
0.9931414723396301,0.9359094500541687,0.7408319115638733,0.9299488067626953,0.8027603030204773,0.6211988925933838
0.9951983690261841,0.7926714420318604,0.9607210159301758,0.7937794327735901,0.5800701379776001,0.9576749205589294
0.9665959477424622,0.7380528450012207,0.9692553281784058,0.8751356601715088,0.5777037739753723,0.7913671731948853
0.9863110184669495,0.8958159685134888,0.8341846466064453,0.8423298001289368,0.3810390830039978,0.6517338156700134
0.9732374548912048,0.9472990036010742,0.9896594285964966,0.8330944776535034,0.04742998257279396,0.09662958979606628
0.9873368740081787,0.8670685291290283,0.9539117217063904,0.9763880968093872,0.9029625654220581,0.950045645236969
0.8747676610946655,0.6000422239303589,0.8450721502304077,0.8785578608512878,0.5826421976089478,0.578965425491333
0.8023385405540466,0.5443206429481506,0.45790210366249084,0.6822765469551086,0.3610273003578186,0.651827871799469
0.7459821701049805,0.08159022033214569,0.33335599303245544,0.6671457886695862,0.08185233175754547,0.022225992754101753
0.9131460189819336,0.6339033246040344,0.49309244751930237,0.9421904683113098,0.4498467743396759,0.7486250400543213
0.9639438986778259,0.5222076177597046,0.6746213436126709,0.8566617965698242,0.34731099009513855,0.9138688445091248
0.8739502429962158,0.7925955653190613,0.7473470568656921,0.82365882396698,0.5580984950065613,0.6406533122062683
0.9965337514877319,0.8536238074302673,0.8742414712905884,0.9793683290481567,0.4793432950973511,0.9573608636856079
0.9725860357284546,0.9950841069221497,0.8959129452705383,0.9669502377510071,0.8052927255630493,0.8923600912094116
0.9101530313491821,0.8447491526603699,0.8740320801734924,0.8648462295532227,0.4592382311820984,0.25224584341049194
0.558741569519043,0.4698844850063324,0.3764439821243286,0.6213781237602234,0.20274069905281067,0.1570916622877121
0.721817672252655,0.39112475514411926,0.37635377049446106,0.46756523847579956,0.29401931166648865,0.6694625020027161
0.7747800350189209,0.8310943245887756,0.6767552495002747,0.7345505356788635,0.4501335322856903,0.6872158050537109
0.9412475824356079,0.8613878488540649,0.832702100276947,0.8966380953788757,0.6504462361335754,0.6816385388374329
0.9350309371948242,0.9335277080535889,0.9417274594306946,0.8713457584381104,0.5631169080734253,0.8128241300582886
0.6927674412727356,0.37475061416625977,0.29281193017959595,0.33066537976264954,0.385257750749588,0.3671242296695709
0.8985476493835449,0.6558862924575806,0.5857349634170532,0.7749679684638977,0.18662655353546143,0.8582433462142944
0.8703528046607971,0.22161535918712616,0.19278661906719208,0.16034245491027832,0.049421247094869614,0.04085669293999672
0.9680743217468262,0.533176064491272,0.7439255118370056,0.7705435156822205,0.6863458156585693,0.27546924352645874
0.9633462429046631,0.9580271244049072,0.8810195326805115,0.9374158978462219,0.6851447224617004,0.9034217000007629
0.9816137552261353,0.7552318572998047,0.9277443885803223,0.8139766454696655,0.5806894302368164,0.7045093774795532
0.9987204670906067,0.9949391484260559,0.9769067764282227,0.9968072175979614,0.9553658366203308,0.9966298341751099
0.8614204525947571,0.40727776288986206,0.3536139726638794,0.5786148905754089,0.23793531954288483,0.5148205757141113
0.9302939176559448,0.7693654894828796,0.5944914221763611,0.7872130870819092,0.47960665822029114,0.8487014174461365
0.7127563953399658,0.5107613205909729,0.6107993125915527,0.780761182308197,0.5568126440048218,0.5642147660255432
0.8023385405540466,0.5443206429481506,0.45790210366249084,0.6822765469551086,0.3610273003578186,0.651827871799469
0.7263160943984985,0.780344545841217,0.7036646008491516,0.6881482005119324,0.3151681125164032,0.4798603355884552
0.974952220916748,0.8468613624572754,0.711826741695404,0.8004046678543091,0.9650859236717224,0.7480656504631042
0.9785175323486328,0.9408907294273376,0.8329182863235474,0.8553755283355713,0.6140559315681458,0.9130322933197021
0.8216846585273743,0.7083215117454529,0.767354428768158,0.5850198268890381,0.11294177174568176,0.640511691570282
0.9971574544906616,0.8021950721740723,0.9236025810241699,0.8447241187095642,0.5569638609886169,0.9196357131004333
0.8624181151390076,0.6723788380622864,0.8786093592643738,0.8486881852149963,0.48880958557128906,0.48394739627838135
0.8343068361282349,0.8386824131011963,0.6874231100082397,0.7973060607910156,0.47815439105033875,0.2829256057739258
0.991890549659729,0.8714600801467896,0.8035957217216492,0.9027438163757324,0.5970121026039124,0.9582348465919495
0.9963864684104919,0.936445951461792,0.9606675505638123,0.9380056262016296,0.78629469871521,0.9389463067054749
0.7478875517845154,0.5038561820983887,0.45973363518714905,0.7715370655059814,0.23618179559707642,0.33728525042533875
0.6459408402442932,0.4246194064617157,0.2161392718553543,0.43287473917007446,0.2697051167488098,0.6846058368682861
0.5748336911201477,0.3680836260318756,0.49639251828193665,0.4671078622341156,0.26836296916007996,0.4368484914302826
0.8086888790130615,0.800640344619751,0.9964081048965454,0.9598657488822937,0.06183672696352005,0.13287435472011566
0.9796649217605591,0.8666196465492249,0.913761556148529,0.8843243718147278,0.5700995922088623,0.9092843532562256
0.951052725315094,0.832486093044281,0.9076167345046997,0.8867904543876648,0.8036230802536011,0.7283911108970642
0.9956778287887573,0.9638031125068665,0.9609398245811462,0.960501492023468,0.8124271035194397,0.9587386250495911
0.7944828271865845,0.732218861579895,0.7050899267196655,0.6586416959762573,0.5305895209312439,0.8304218053817749
0.8828762769699097,0.6383417844772339,0.7901180982589722,0.7071903944015503,0.4599030613899231,0.7025565505027771
0.24300867319107056,0.13323970139026642,0.16131113469600677,0.28610408306121826,0.0038242049049586058,0.016912423074245453
0.8306043148040771,0.7725080251693726,0.78652423620224,0.8822950124740601,0.717854380607605,0.7633286714553833
0.9307271242141724,0.6872910857200623,0.8651658892631531,0.9093462228775024,0.5397635698318481,0.6831408143043518
0.8945267200469971,0.7058839797973633,0.9933476448059082,0.6794229745864868,0.06224191561341286,0.27609574794769287
0.9398711323738098,0.6695231199264526,0.9908112287521362,0.9608738422393799,0.5689051151275635,0.9978746771812439
0.9687970280647278,0.761029064655304,0.8698807954788208,0.8071629405021667,0.35893210768699646,0.9014541506767273
0.8023385405540466,0.5443206429481506,0.45790210366249084,0.6822765469551086,0.3610273003578186,0.651827871799469
0.7996442914009094,0.5726709365844727,0.5216346383094788,0.6896873712539673,0.4271584451198578,0.6015625596046448
0.9715448021888733,0.9383406043052673,0.9458787441253662,0.902096152305603,0.8305925130844116,0.6147844195365906
0.9303334951400757,0.9576881527900696,0.7656208872795105,0.24422231316566467,0.5057096481323242,0.05981070548295975
0.9489182233810425,0.6612160801887512,0.7606342434883118,0.8630395531654358,0.5930466651916504,0.9136143922805786
0.5022358298301697,0.5436574816703796,0.2606469690799713,0.45687758922576904,0.6516008973121643,0.37572067975997925
0.973660945892334,0.9255872964859009,0.9337491393089294,0.9245416522026062,0.1431376338005066,0.7224141359329224
0.9922170639038086,0.8423934578895569,0.6450099349021912,0.7248667478561401,0.5710176825523376,0.7224973440170288
0.9282848238945007,0.8041267395019531,0.6266281008720398,0.7382535338401794,0.3455115258693695,0.9183130860328674
0.711948812007904,0.5766309499740601,0.6709837913513184,0.6081032156944275,0.4624735116958618,0.6799456477165222
0.8376487493515015,0.5874187350273132,0.444937527179718,0.3932243585586548,0.1506938636302948,0.9447237253189087
0.9011322855949402,0.8958863615989685,0.8538410067558289,0.8985757827758789,0.6780799627304077,0.9269396066665649
0.3574867248535156,0.2157086431980133,0.1574895679950714,0.08933752030134201,0.15200252830982208,0.0377424955368042
0.9368191957473755,0.5003492832183838,0.6646844148635864,0.8859538435935974,0.8318082690238953,0.41427215933799744
0.9716742634773254,0.8927556276321411,0.9327875375747681,0.8882641792297363,0.7213360667228699,0.9220440983772278
0.8652787208557129,0.7135089039802551,0.730952799320221,0.8041741251945496,0.5909711718559265,0.6754119992256165
0.9863008856773376,0.9024225473403931,0.9930197596549988,0.9655717611312866,0.6530978083610535,0.9152482151985168
0.6658665537834167,0.46199047565460205,0.5824183821678162,0.720273494720459,0.5271274447441101,0.5378061532974243
0.3933897614479065,0.3272494971752167,0.6770450472831726,0.6342529654502869,0.48479270935058594,0.35942861437797546
0.973524808883667,0.9143277406692505,0.8807729482650757,0.8028057217597961,0.9003912806510925,0.9409778118133545
0.9859395623207092,0.8806507587432861,0.9791013598442078,0.9755489826202393,0.790942370891571,0.9545655250549316
0.5665422677993774,0.5898565053939819,0.356548935174942,0.49221283197402954,0.5021570324897766,0.18460895121097565
0.9191922545433044,0.634262204170227,0.20285671949386597,0.5071431398391724,0.1791064590215683,0.5596979856491089
0.9974555373191833,0.9322088360786438,0.9820399880409241,0.9227029085159302,0.4922419786453247,0.6544398069381714
0.9664881825447083,0.6322063207626343,0.7151712775230408,0.7337101697921753,0.48181238770484924,0.8714838027954102
0.8023385405540466,0.5443206429481506,0.45790210366249084,0.6822765469551086,0.3610273003578186,0.651827871799469
0.9769814014434814,0.7510396242141724,0.7721118330955505,0.9549751281738281,0.5822333693504333,0.9472918510437012
0.5792248845100403,0.42980825901031494,0.5215450525283813,0.5410493612289429,0.3392482101917267,0.4674123525619507
0.4850945472717285,0.33626705408096313,0.2038022130727768,0.5341017246246338,0.19187116622924805,0.053826067596673965
0.655078113079071,0.6509903073310852,0.7130444645881653,0.6040013432502747,0.5426597595214844,0.23755384981632233
0.45836853981018066,0.42414990067481995,0.10051753371953964,0.21922382712364197,0.2904255986213684,0.04974004626274109
0.69255131483078,0.5398913621902466,0.5175852179527283,0.9163681864738464,0.13308580219745636,0.9010167121887207
0.7224015593528748,0.5482120513916016,0.5200059413909912,0.7250319123268127,0.7732930183410645,0.5854174494743347
0.9471939206123352,0.6914071440696716,0.8170191049575806,0.8964247703552246,0.6473499536514282,0.8261034488677979
0.9106535315513611,0.6930887699127197,0.8818764686584473,0.9206687808036804,0.6414767503738403,0.7507931590080261
0.9270684123039246,0.739888072013855,0.7835505604743958,0.9782814383506775,0.7257723212242126,0.7989079356193542
0.9386239051818848,0.876548707485199,0.8920090794563293,0.9573171138763428,0.8417173027992249,0.7415173053741455
0.938694417476654,0.3619922697544098,0.31939104199409485,0.38037484884262085,0.2785533368587494,0.5518354773521423
0.9282848238945007,0.8041267395019531,0.6266281008720398,0.7382535338401794,0.3455115258693695,0.9183130860328674
0.7840174436569214,0.7994420528411865,0.33383309841156006,0.2564481794834137,0.5697375535964966,0.13412411510944366
0.16140270233154297,0.42238205671310425,0.07092747837305069,0.05621224641799927,0.006606479175388813,0.006064383313059807
0.9093342423439026,0.8099817037582397,0.8719982504844666,0.7857282757759094,0.6729556322097778,0.9322489500045776
0.8605288863182068,0.6504988670349121,0.8285682797431946,0.889982283115387,0.5486326813697815,0.6483232975006104
0.9919588565826416,0.9689018130302429,0.9710508584976196,0.9457804560661316,0.23548759520053864,0.9059158563613892
0.9733272790908813,0.7473586201667786,0.895862877368927,0.868406355381012,0.6013090014457703,0.7711582183837891
0.9972370862960815,0.5738623142242432,0.7329623103141785,0.8146637082099915,0.48987138271331787,0.7351222038269043
0.8707545399665833,0.8028609156608582,0.7198112607002258,0.7870142459869385,0.7165827751159668,0.5355684161186218
0.9971060752868652,0.941683828830719,0.953236997127533,0.9764353036880493,0.7070086002349854,0.9814647436141968
0.9347855448722839,0.7490838170051575,0.7518258094787598,0.771196186542511,0.3963252305984497,0.7019733786582947
0.23329530656337738,0.06971185654401779,0.02819368615746498,0.030637918040156364,0.0020289288368076086,0.002919250400736928
0.7638568878173828,0.6958342790603638,0.8320465087890625,0.9056859016418457,0.7823668122291565,0.31669968366622925
0.4554585814476013,0.3329818546772003,0.5870496034622192,0.4193556010723114,0.16628602147102356,0.45623791217803955
0.9624855518341064,0.7691912651062012,0.8779661655426025,0.9320109486579895,0.7381830215454102,0.9686341285705566
0.2746022343635559,0.078205905854702,0.3154583275318146,0.6956958770751953,0.27225619554519653,0.19633106887340546
0.5796833038330078,0.48582321405410767,0.9069486260414124,0.6268254518508911,0.44946107268333435,0.08082032203674316
0.41526493430137634,0.3794073462486267,0.1673014909029007,0.01086119469255209,0.08660393208265305,0.021757446229457855
0.9503957629203796,0.8718271851539612,0.901207447052002,0.8898205161094666,0.586002767086029,0.8473936915397644
0.9551976323127747,0.4646960496902466,0.2777595818042755,0.7482302784919739,0.7107518911361694,0.523190438747406
0.4500175714492798,0.34465670585632324,0.6796390414237976,0.9791232943534851,0.1647888720035553,0.5928223729133606
0.7263163328170776,0.5527798533439636,0.5301662683486938,0.7269120812416077,0.7590900659561157,0.5888466238975525
0.9825279712677002,0.8407070636749268,0.5630456209182739,0.13333766162395477,0.04602943733334541,0.07281672954559326
0.13672763109207153,0.07457925379276276,0.10074284672737122,0.07174327224493027,0.03773238882422447,0.030384080484509468
0.9779672622680664,0.8244577646255493,0.9044601917266846,0.9057739973068237,0.5631181597709656,0.7829410433769226
0.7256218791007996,0.6508890986442566,0.3700123429298401,0.4719150960445404,0.2302163541316986,0.24191297590732574
0.7191010117530823,0.4843403398990631,0.44949254393577576,0.5302549600601196,0.3251160681247711,0.397542804479599
0.997326135635376,0.5978209972381592,0.7617905139923096,0.8180885314941406,0.4576709568500519,0.7477034330368042
0.9933489561080933,0.9438227415084839,0.9876463413238525,0.9890864491462708,0.9401343464851379,0.9872066974639893
0.9946486353874207,0.830152153968811,0.9060447812080383,0.976983904838562,0.5280395150184631,0.9470608234405518
0.9295409917831421,0.7324926853179932,0.5940479040145874,0.4527861475944519,0.5940473079681396,0.6881554126739502
0.5516955256462097,0.6697996258735657,0.2403082549571991,0.16136938333511353,0.1499945968389511,0.03042440488934517
0.8631706833839417,0.5228634476661682,0.44473356008529663,0.5289665460586548,0.2288709133863449,0.6998931765556335
0.9136780500411987,0.7198272943496704,0.5686262845993042,0.43924465775489807,0.27526116371154785,0.7385873198509216
0.9878593683242798,0.930444061756134,0.9198254942893982,0.7383835911750793,0.5312932729721069,0.15853802859783173
0.9680815935134888,0.6305031180381775,0.9137184023857117,0.9442360997200012,0.7286930084228516,0.9548442959785461
0.9288315773010254,0.40136855840682983,0.8713409304618835,0.9456113576889038,0.43756982684135437,0.87729811668396
0.8518258929252625,0.8102078437805176,0.9074817299842834,0.8684931397438049,0.7848230600357056,0.7350484728813171
0.9282848238945007,0.8041267395019531,0.6266281008720398,0.7382535338401794,0.3455115258693695,0.9183130860328674
0.7854280471801758,0.5958782434463501,0.4760076105594635,0.5867772102355957,0.3570614755153656,0.58273845911026
0.8023385405540466,0.5443206429481506,0.45790210366249084,0.6822765469551086,0.3610273003578186,0.651827871799469
0.5301514863967896,0.7102365493774414,0.33412784337997437,0.237487331032753,0.3564133942127228,0.03644700348377228
0.28726086020469666,0.36428457498550415,0.11207669973373413,0.18561437726020813,0.06486514210700989,0.1787441074848175
0.786373496055603,0.6265068650245667,0.6223827004432678,0.7290302515029907,0.4352675676345825,0.47295859456062317
0.8423268795013428,0.5139058828353882,0.7908982634544373,0.7787840962409973,0.7081509828567505,0.6432242393493652
0.9001834392547607,0.734173595905304,0.8689829111099243,0.9609007835388184,0.605719804763794,0.8422948718070984
0.9165555834770203,0.513068437576294,0.48851674795150757,0.6003240942955017,0.26001477241516113,0.6897104978561401
0.8035229444503784,0.7677116394042969,0.8008857369422913,0.8893452286720276,0.22673161327838898,0.18970738351345062
0.8374736905097961,0.7976958751678467,0.5097150206565857,0.7016397714614868,0.47806549072265625,0.6298289895057678
0.9829446077346802,0.6234267354011536,0.8812382221221924,0.7150282859802246,0.46837639808654785,0.7361282110214233
0.983742892742157,0.8265913724899292,0.9808530807495117,0.9758737683296204,0.6258941888809204,0.9461750388145447
0.7878530621528625,0.624652624130249,0.34047356247901917,0.5226415991783142,0.27203306555747986,0.4986426532268524
0.9857478737831116,0.5085787773132324,0.331712007522583,0.5240670442581177,0.40574172139167786,0.6177689433097839
0.7394745945930481,0.25422289967536926,0.5174422860145569,0.8784269094467163,0.11369683593511581,0.18871094286441803
0.9149587750434875,0.6579156517982483,0.7014648914337158,0.7688531875610352,0.3221246004104614,0.6314362287521362
0.9878973960876465,0.7895780801773071,0.8592261075973511,0.968355655670166,0.8570193648338318,0.8721948266029358
0.9127561450004578,0.7183150053024292,0.9045777320861816,0.9016017317771912,0.6857118606567383,0.8529729247093201
0.8867482542991638,0.43544718623161316,0.6692928075790405,0.25345578789711,0.20287922024726868,0.029895272105932236
0.7984716296195984,0.8040692806243896,0.7583546042442322,0.7153553366661072,0.6476384997367859,0.7142303586006165
0.8903090357780457,0.6130449175834656,0.6831035017967224,0.8829746246337891,0.743487536907196,0.5574876070022583
0.9302939176559448,0.7693654894828796,0.5944914221763611,0.7872130870819092,0.47960665822029114,0.8487014174461365
0.8543980121612549,0.5327793955802917,0.4760477542877197,0.6413424015045166,0.29523584246635437,0.699006199836731
0.9609179496765137,0.7704972624778748,0.9094783663749695,0.8778662085533142,0.37608399987220764,0.8615904450416565
0.907106339931488,0.8203960657119751,0.8445219993591309,0.8450531959533691,0.7181886434555054,0.7572638392448425
0.9163164496421814,0.8737240433692932,0.9386077523231506,0.9532817006111145,0.6928916573524475,0.9157710671424866
0.9282848238945007,0.8041267395019531,0.6266281008720398,0.7382535338401794,0.3455115258693695,0.9183130860328674
0.992694616317749,0.9248000979423523,0.9441480040550232,0.9765598773956299,0.6937626600265503,0.29058849811553955
0.925934910774231,0.6730179190635681,0.8307915925979614,0.6716078519821167,0.18549391627311707,0.5173794627189636
0.9922658801078796,0.8462074995040894,0.8089349865913391,0.7871707677841187,0.7820673584938049,0.6872265934944153
0.9626051187515259,0.8908596634864807,0.894610583782196,0.8348787426948547,0.5419029593467712,0.46089085936546326
0.9098357558250427,0.6935780644416809,0.5064185857772827,0.6887221336364746,0.4274083077907562,0.46690937876701355
0.9880700707435608,0.9344271421432495,0.9966771602630615,0.9741353988647461,0.7973319888114929,0.7645561099052429
0.7114347219467163,0.7574352025985718,0.979282557964325,0.4075600206851959,0.1167014017701149,0.9209598898887634
0.9650097489356995,0.8071156144142151,0.9283168315887451,0.9588688015937805,0.726577877998352,0.9750537276268005
0.9058830738067627,0.787653923034668,0.8148393034934998,0.8254181742668152,0.5288249850273132,0.8112587332725525
0.7968809008598328,0.45812758803367615,0.6438204646110535,0.47365790605545044,0.28139767050743103,0.9711260795593262
0.9903773665428162,0.8194774389266968,0.860252320766449,0.9049490690231323,0.4710730016231537,0.9689725041389465
0.9537961483001709,0.6280825734138489,0.5745413303375244,0.8869498372077942,0.5898706912994385,0.6500585675239563
0.8879451751708984,0.8813447952270508,0.7752624750137329,0.8290799260139465,0.7958430647850037,0.5991615056991577
0.9651151299476624,0.6704345345497131,0.66218501329422,0.5852698683738708,0.3853834569454193,0.4556528329849243
0.8643010854721069,0.6671500205993652,0.4861818253993988,0.6095275282859802,0.3077652156352997,0.7386928200721741
0.9149852395057678,0.8630456328392029,0.7546855807304382,0.6726374626159668,0.41730430722236633,0.6829411387443542
0.796647310256958,0.5063028931617737,0.5069164037704468,0.6131610870361328,0.17035359144210815,0.5048251152038574
0.9226621985435486,0.638572633266449,0.7329934239387512,0.7534943222999573,0.49620670080184937,0.7395374178886414
0.9135642051696777,0.6761404871940613,0.8146126866340637,0.9572368860244751,0.40770241618156433,0.9138293266296387
0.9577547907829285,0.8194849491119385,0.9131027460098267,0.9434389472007751,0.808762788772583,0.843222439289093
0.8289679288864136,0.5559213161468506,0.8817380666732788,0.9758304953575134,0.27508658170700073,0.9929819703102112
0.47377559542655945,0.36242905259132385,0.2659115195274353,0.31751593947410583,0.32013916969299316,0.21587276458740234
0.8662751317024231,0.46619439125061035,0.3409232199192047,0.5534215569496155,0.5421790480613708,0.5291547775268555
0.9279076457023621,0.6196436882019043,0.8746981620788574,0.6773114204406738,0.49427875876426697,0.8125762939453125
0.8023385405540466,0.5443206429481506,0.45790210366249084,0.6822765469551086,0.3610273003578186,0.651827871799469
0.9730178117752075,0.9071205854415894,0.9817460179328918,0.957607626914978,0.7201784253120422,0.9535334706306458
0.9805675745010376,0.9270424246788025,0.9440844058990479,0.9005091190338135,0.7100629210472107,0.8372132182121277
0.9271990656852722,0.710197389125824,0.6212253570556641,0.7854797840118408,0.4281122386455536,0.693901002407074
0.9465906023979187,0.8868408799171448,0.9401388168334961,0.8701996803283691,0.6568458676338196,0.8465642333030701
0.9558297991752625,0.870410680770874,0.9972307682037354,0.8668397068977356,0.14903736114501953,0.560091495513916
0.9979610443115234,0.904109001159668,0.9333053231239319,0.9020699858665466,0.8567126393318176,0.7792395949363708
0.9367005228996277,0.4693581759929657,0.942492663860321,0.7321794033050537,0.6860662698745728,0.6661991477012634
0.6082802414894104,0.30524054169654846,0.9760010242462158,0.6714028716087341,0.23698769509792328,0.19451001286506653
0.9737611413002014,0.9309810400009155,0.9216235280036926,0.8571577072143555,0.5411913990974426,0.7304022312164307
0.9114807844161987,0.4901057183742523,0.5187687277793884,0.6152852773666382,0.3542979955673218,0.48834460973739624
0.9892492890357971,0.783276379108429,0.8784974217414856,0.9067356586456299,0.74559485912323,0.9656899571418762
0.3505733013153076,0.04764494672417641,0.3404213488101959,0.1322798728942871,0.027934405952692032,0.0030167382210493088
0.9735850095748901,0.8583797812461853,0.8267641663551331,0.8924658894538879,0.0744083821773529,0.058556824922561646
0.9030352234840393,0.5101891160011292,0.24650390446186066,0.5590604543685913,0.2593642473220825,0.7080174684524536
0.9713941812515259,0.4898267090320587,0.5911856889724731,0.9432032704353333,0.4453801214694977,0.8939779996871948
0.9938515424728394,0.8916637301445007,0.9727596044540405,0.9867022037506104,0.6998190879821777,0.9679636359214783
0.9662073850631714,0.6922589540481567,0.7576967477798462,0.7944647669792175,0.3762727379798889,0.6547132134437561
0.7528374791145325,0.476936936378479,0.6199201345443726,0.6432797312736511,0.946522057056427,0.5686876177787781
0.9302939176559448,0.7693654894828796,0.5944914221763611,0.7872130870819092,0.47960665822029114,0.8487014174461365
0.9189350008964539,0.8185155391693115,0.917156994342804,0.9422253966331482,0.5923570990562439,0.9624970555305481
0.7544213533401489,0.49655160307884216,0.472906231880188,0.49155357480049133,0.2926168441772461,0.4853220582008362
0.8436433672904968,0.7111449837684631,0.5330027937889099,0.6499437689781189,0.4083808660507202,0.6259722709655762
0.6666932106018066,0.694143533706665,0.6152889728546143,0.29627153277397156,0.3097797930240631,0.19741608202457428
0.8404104709625244,0.6658535003662109,0.5832435488700867,0.797116219997406,0.5717101693153381,0.601836085319519
0.9302939176559448,0.7693654894828796,0.5944914221763611,0.7872130870819092,0.47960665822029114,0.8487014174461365
0.9621550440788269,0.8141118288040161,0.7826319336891174,0.8940687775611877,0.752032995223999,0.7715583443641663
0.5910808444023132,0.21461103856563568,0.2324935793876648,0.5599981546401978,0.3014606833457947,0.3363018035888672
0.33929529786109924,0.3661970794200897,0.16601614654064178,0.3991135060787201,0.498261958360672,0.09458833932876587
0.9537961483001709,0.6280825734138489,0.5745413303375244,0.8869498372077942,0.5898706912994385,0.6500585675239563
0.9920791983604431,0.7510444521903992,0.9271575212478638,0.9796113967895508,0.7353523969650269,0.9342300295829773
0.8290422558784485,0.7016410231590271,0.6091147065162659,0.7299740314483643,0.20831476151943207,0.9236269593238831
0.9825670123100281,0.7752647399902344,0.8766512870788574,0.8082508444786072,0.7475509643554688,0.30357688665390015
0.9954856634140015,0.9332681894302368,0.9766177535057068,0.9811166524887085,0.5674982666969299,0.9758774638175964
0.6440611481666565,0.27291786670684814,0.38378021121025085,0.7815927863121033,0.28126999735832214,0.2834000587463379
0.9282848238945007,0.8041267395019531,0.6266281008720398,0.7382535338401794,0.3455115258693695,0.9183130860328674
0.9450461864471436,0.8785372376441956,0.7709576487541199,0.6973691582679749,0.7237117886543274,0.4365321695804596
0.9690829515457153,0.9015383124351501,0.9433704018592834,0.9640130400657654,0.8385962247848511,0.9752318859100342
0.8346956968307495,0.6466792821884155,0.5766466856002808,0.6618653535842896,0.17609089612960815,0.3867172598838806
0.12211944162845612,0.032702941447496414,0.019000770524144173,0.028153855353593826,0.16112779080867767,0.0023363104555755854
0.222908616065979,0.20568518340587616,0.1449553370475769,0.5211567878723145,0.13128957152366638,0.07130474597215652
0.9460514187812805,0.6465253829956055,0.7366860508918762,0.7798958420753479,0.39593127369880676,0.6846054196357727
0.9670215845108032,0.8905645608901978,0.9292804598808289,0.9692392349243164,0.79183030128479,0.9904649257659912
0.9537961483001709,0.6280825734138489,0.5745413303375244,0.8869498372077942,0.5898706912994385,0.6500585675239563
0.5762311816215515,0.2980652451515198,0.259934663772583,0.2696017920970917,0.11428164690732956,0.28865036368370056
0.8784980773925781,0.7391369938850403,0.8514102697372437,0.6887412667274475,0.5085695385932922,0.35992810130119324
0.7301269769668579,0.4690311849117279,0.45446714758872986,0.5522701144218445,0.24236658215522766,0.4048287272453308
0.8336212038993835,0.7802261114120483,0.5787031054496765,0.5633456707000732,0.3880586326122284,0.14174816012382507
0.9971832633018494,0.995415985584259,0.9962764382362366,0.9957800507545471,0.9964402318000793,0.9958265423774719
0.8023385405540466,0.5443206429481506,0.45790210366249084,0.6822765469551086,0.3610273003578186,0.651827871799469
0.9216846227645874,0.6827378869056702,0.9317024946212769,0.9146618247032166,0.19371823966503143,0.632317066192627
0.9920215010643005,0.8240981101989746,0.8363280892372131,0.9701534509658813,0.48295384645462036,0.9141213893890381
0.7656876444816589,0.5565383434295654,0.7455845475196838,0.6445317268371582,0.5995181202888489,0.4683331847190857
0.9247859716415405,0.8593161106109619,0.8729404211044312,0.7972172498703003,0.6292305588722229,0.7319791316986084
0.9626336693763733,0.867048442363739,0.8541699647903442,0.9266830086708069,0.5795377492904663,0.8714853525161743
0.9356116652488708,0.697083592414856,0.7791858315467834,0.8354767560958862,0.6123589873313904,0.8435282111167908
0.14859116077423096,0.07639259845018387,0.10403447598218918,0.12445008754730225,0.3085695505142212,0.12633435428142548
0.8920385241508484,0.6998677253723145,0.7064592838287354,0.828572154045105,0.40690407156944275,0.7452019453048706
0.9662408232688904,0.9177483320236206,0.7268900275230408,0.8926922082901001,0.9553654193878174,0.2698791027069092
0.8023385405540466,0.5443206429481506,0.45790210366249084,0.6822765469551086,0.3610273003578186,0.651827871799469
0.9377097487449646,0.8788375854492188,0.6711059212684631,0.6732678413391113,0.49065572023391724,0.753689169883728
0.8242040872573853,0.221867173910141,0.40048864483833313,0.368851900100708,0.4102626442909241,0.08387589454650879
0.9220156073570251,0.7692502737045288,0.8145877718925476,0.8519145250320435,0.6080780029296875,0.7683818936347961
0.883303701877594,0.8088087439537048,0.7167670726776123,0.4257451593875885,0.22504837810993195,0.44296014308929443
0.8813774585723877,0.5238213539123535,0.3931644856929779,0.46666190028190613,0.32263219356536865,0.2014218419790268
0.9771298766136169,0.9715837836265564,0.6448331475257874,0.6623479127883911,0.09595923125743866,0.4606384038925171
0.8183940052986145,0.3783729076385498,0.404813677072525,0.6234025359153748,0.390105664730072,0.5858407020568848
0.985893189907074,0.9491393566131592,0.9809924364089966,0.8848558664321899,0.45702704787254333,0.7867172956466675
0.9240224361419678,0.9582036733627319,0.9493885636329651,0.4657614827156067,0.0458952933549881,0.058822501450777054
0.9709282517433167,0.5532820224761963,0.560806155204773,0.8237841129302979,0.22047871351242065,0.7497854232788086
0.7876994013786316,0.6528396606445312,0.32017001509666443,0.6744145750999451,0.10299322754144669,0.32098087668418884
0.9178959131240845,0.6629619598388672,0.8899734020233154,0.8272500038146973,0.6643958687782288,0.5069646835327148
0.977491557598114,0.9279223084449768,0.7659714818000793,0.646449863910675,0.8832767605781555,0.5238624811172485
0.8329170346260071,0.6308213472366333,0.4747988283634186,0.6061693429946899,0.26522451639175415,0.7093966603279114
0.9950880408287048,0.8052105903625488,0.9435589909553528,0.9446893334388733,0.7509051561355591,0.9553443789482117
0.9957664608955383,0.992570698261261,0.9056835770606995,0.8362634181976318,0.37411051988601685,0.6977189183235168
0.8557751774787903,0.32773357629776,0.13592369854450226,0.48694679141044617,0.1405894011259079,0.4974266588687897
0.7684835195541382,0.7651494741439819,0.6672403216362,0.6609365940093994,0.7780324816703796,0.466816246509552
0.6098871231079102,0.2608987092971802,0.29961711168289185,0.6482977271080017,0.09322997182607651,0.5163329839706421
0.8227508664131165,0.7031003832817078,0.580024778842926,0.7108811140060425,0.1459106057882309,0.41591835021972656
0.987859308719635,0.9185104966163635,0.9324684143066406,0.9359850287437439,0.5665944218635559,0.9156113266944885
0.9570947289466858,0.6659042835235596,0.6593537926673889,0.7370560765266418,0.7100210189819336,0.3609856367111206
0.9924550652503967,0.9235793352127075,0.9105181097984314,0.9705578684806824,0.695163905620575,0.9800714254379272
0.8325276374816895,0.5074326992034912,0.39599165320396423,0.5959692597389221,0.28406909108161926,0.42557698488235474
0.9939930438995361,0.9882224202156067,0.9724032282829285,0.9451555013656616,0.9054348468780518,0.9628376960754395
0.8023385405540466,0.5443206429481506,0.45790210366249084,0.6822765469551086,0.3610273003578186,0.651827871799469
0.8023385405540466,0.5443206429481506,0.45790210366249084,0.6822765469551086,0.3610273003578186,0.651827871799469
0.9232391119003296,0.7031395435333252,0.8124309778213501,0.4250023663043976,0.3911687433719635,0.7292442917823792
0.9279120564460754,0.9479248523712158,0.9953767657279968,0.8565850853919983,0.553561270236969,0.041353121399879456
0.9775077104568481,0.7485777139663696,0.714148223400116,0.7835426330566406,0.5778285264968872,0.8795651793479919
0.9164364337921143,0.7214339971542358,0.5768030881881714,0.5388144850730896,0.5082891583442688,0.4238877594470978
0.9862120747566223,0.9697327017784119,0.9122991561889648,0.9264177083969116,0.4633823037147522,0.5667322278022766
0.7941465377807617,0.4666077196598053,0.505092442035675,0.42399275302886963,0.06178770214319229,0.28498709201812744
0.9336131811141968,0.8240723609924316,0.601563036441803,0.7376002669334412,0.2649732530117035,0.9737257957458496
0.9856757521629333,0.9660789370536804,0.8893481492996216,0.7636063694953918,0.6339737176895142,0.9450113773345947
0.9187572002410889,0.7661245465278625,0.98018878698349,0.9929895401000977,0.8929231762886047,0.9016684889793396
0.9302939176559448,0.7693654894828796,0.5944914221763611,0.7872130870819092,0.47960665822029114,0.8487014174461365
0.9891647696495056,0.9464549422264099,0.9297922253608704,0.9246480464935303,0.966011106967926,0.9670419692993164
0.9507594704627991,0.5812525153160095,0.7894342541694641,0.8813444972038269,0.44210103154182434,0.7906141877174377
0.9302939176559448,0.7693654894828796,0.5944914221763611,0.7872130870819092,0.47960665822029114,0.8487014174461365
0.9672411680221558,0.6691991090774536,0.5669832825660706,0.782734215259552,0.2600368559360504,0.7566655278205872
0.9302939176559448,0.7693654894828796,0.5944914221763611,0.7872130870819092,0.47960665822029114,0.8487014174461365
0.9920995831489563,0.8446581363677979,0.9781290292739868,0.9868574738502502,0.8502764105796814,0.9990675449371338
0.9282848238945007,0.8041267395019531,0.6266281008720398,0.7382535338401794,0.3455115258693695,0.9183130860328674
0.9882301688194275,0.9386925101280212,0.9281666874885559,0.9661910533905029,0.7855381965637207,0.9479188919067383
0.3940962255001068,0.3541996479034424,0.308724969625473,0.3328150808811188,0.49036404490470886,0.34381425380706787
0.9257943630218506,0.9738823771476746,0.42156362533569336,0.3761291801929474,0.25190269947052,0.6248756647109985
0.9303089380264282,0.7574157118797302,0.5085445046424866,0.6649680137634277,0.23401939868927002,0.9006057977676392
0.9302939176559448,0.7693654894828796,0.5944914221763611,0.7872130870819092,0.47960665822029114,0.8487014174461365
0.5100476145744324,0.4684842526912689,0.21749740839004517,0.4137340188026428,0.9770597815513611,0.761711061000824
0.9282848238945007,0.8041267395019531,0.6266281008720398,0.7382535338401794,0.3455115258693695,0.9183130860328674
0.7365509867668152,0.5956758260726929,0.31336626410484314,0.6238320469856262,0.17380201816558838,0.8978109955787659
0.7530645728111267,0.40462303161621094,0.3689931035041809,0.5811861753463745,0.3121303915977478,0.4792533814907074
0.4410278797149658,0.2060561329126358,0.2325984537601471,0.7189981937408447,0.23884367942810059,0.09562085568904877
0.9875356554985046,0.9106327295303345,0.9152218103408813,0.9654994010925293,0.8929393291473389,0.9575797319412231
0.979415237903595,0.6229636669158936,0.816131591796875,0.9448624849319458,0.684363067150116,0.998370885848999
0.9886513948440552,0.7401636242866516,0.655791163444519,0.7588201761245728,0.9091435670852661,0.6440483927726746
0.9753349423408508,0.8528808355331421,0.9458486437797546,0.8422814607620239,0.5820497274398804,0.8045276999473572
0.7037618160247803,0.7446911931037903,0.5970396399497986,0.6740386486053467,0.46085125207901,0.8967387676239014
0.9892634749412537,0.9891610145568848,0.8820465803146362,0.8561637997627258,0.42288246750831604,0.22609136998653412
0.9777044653892517,0.46444299817085266,0.4869896173477173,0.8633773326873779,0.29582467675209045,0.4631338119506836
0.9466432332992554,0.8031824827194214,0.9752960205078125,0.9290622472763062,0.7790853977203369,0.9237207174301147
0.9955796599388123,0.8943593502044678,0.9612079858779907,0.9713630080223083,0.5858696699142456,0.932604193687439
0.7342637777328491,0.543179988861084,0.663027286529541,0.7541123628616333,0.783386766910553,0.5404887199401855
0.9776548147201538,0.9879372119903564,0.9143105149269104,0.9740426540374756,0.9188333749771118,0.9101588726043701
0.953070878982544,0.7240611910820007,0.7750170826911926,0.8857561349868774,0.3890380859375,0.8751804232597351
0.9308947920799255,0.9242733716964722,0.8635033369064331,0.9352151155471802,0.714343786239624,0.8837928175926208
0.9783695340156555,0.6997868418693542,0.8590992093086243,0.7808279991149902,0.3637635111808777,0.861404299736023
0.9812644124031067,0.887872576713562,0.5400658249855042,0.3912260830402374,0.5246227979660034,0.035662904381752014
0.9790773391723633,0.7575333118438721,0.9112619757652283,0.9238873720169067,0.7143296003341675,0.9685912728309631
0.9282848238945007,0.8041267395019531,0.6266281008720398,0.7382535338401794,0.3455115258693695,0.9183130860328674
0.9745839238166809,0.5723802447319031,0.5699654221534729,0.7605170607566833,0.4367749094963074,0.7992920875549316
0.9282848238945007,0.8041267395019531,0.6266281008720398,0.7382535338401794,0.3455115258693695,0.9183130860328674
0.948835015296936,0.7474706768989563,0.689385712146759,0.849409818649292,0.8722923398017883,0.8030726909637451
0.9819859862327576,0.9484917521476746,0.790941596031189,0.827666163444519,0.5626893043518066,0.7305890917778015
0.9895021319389343,0.9390164613723755,0.9925905466079712,0.9495601058006287,0.5589302778244019,0.9946406483650208
0.8363875150680542,0.28814995288848877,0.34647437930107117,0.6545614004135132,0.10929178446531296,0.3491831421852112
0.8994290828704834,0.7004984617233276,0.6877586841583252,0.7464831471443176,0.58329838514328,0.4702576994895935
0.9709282517433167,0.5532820224761963,0.560806155204773,0.8237841129302979,0.22047871351242065,0.7497854232788086
0.9546462893486023,0.799639105796814,0.7991692423820496,0.9036051630973816,0.7907364368438721,0.7830935716629028
0.9979830980300903,0.9112378358840942,0.9154989123344421,0.9862298369407654,0.5374091267585754,0.982201337814331
0.8497704267501831,0.7965503931045532,0.2894574999809265,0.6651767492294312,0.16983717679977417,0.9033968448638916
0.870457112789154,0.11393111944198608,0.051788028329610825,0.5303359627723694,0.09478585422039032,0.16525301337242126
0.9232968091964722,0.6800472736358643,0.7341727614402771,0.8014558553695679,0.4321235716342926,0.6496679782867432
0.9078450202941895,0.690215528011322,0.9038184881210327,0.8671022057533264,0.27060991525650024,0.6176945567131042
0.9372400045394897,0.8712703585624695,0.9574472904205322,0.6867337822914124,0.7023061513900757,0.24128232896327972
0.9738893508911133,0.8734592199325562,0.9651938676834106,0.9502764344215393,0.6471006870269775,0.915717601776123
0.9149705767631531,0.6842963695526123,0.6957551836967468,0.733839750289917,0.8591321110725403,0.6594964265823364
0.6848135590553284,0.7351838946342468,0.42091476917266846,0.6861879229545593,0.2514566481113434,0.5272340178489685
0.9805886745452881,0.7521055340766907,0.9537855982780457,0.9341694712638855,0.9680550694465637,0.9075547456741333
0.7116840481758118,0.33026835322380066,0.47945407032966614,0.7125739455223083,0.14582426846027374,0.3033272325992584
0.9835039973258972,0.9230154156684875,0.9292358756065369,0.9830939769744873,0.2291189581155777,0.8847261667251587
0.7275304198265076,0.7778041958808899,0.3508411645889282,0.4903605282306671,0.14398790895938873,0.8537039756774902
0.6917569637298584,0.08037002384662628,0.5367068648338318,0.37316086888313293,0.3704802393913269,0.07534664124250412
0.9985613226890564,0.9834799766540527,0.9690043926239014,0.9980095624923706,0.8906180262565613,0.9978665113449097
0.9733752012252808,0.947269082069397,0.9742112755775452,0.963474452495575,0.7737443447113037,0.9214518666267395
0.5940756797790527,0.22708261013031006,0.10064352303743362,0.30777132511138916,0.13055767118930817,0.25569167733192444
0.47740432620048523,0.43925073742866516,0.143948033452034,0.8259563446044922,0.029351720586419106,0.04462656378746033
0.9941924214363098,0.8304129242897034,0.6408799886703491,0.3091907799243927,0.3456481397151947,0.39608368277549744
0.9712439775466919,0.8331440687179565,0.7487908601760864,0.7593587636947632,0.8246425986289978,0.1694735735654831
0.14375750720500946,0.20619451999664307,0.03462584689259529,0.08657731115818024,0.010852664709091187,0.00057589216157794
0.6056691408157349,0.5820168852806091,0.49280664324760437,0.5820814371109009,0.24536140263080597,0.6358645558357239
0.9427065849304199,0.8390682935714722,0.6062994003295898,0.7482768893241882,0.519914984703064,0.5421199798583984
0.914184033870697,0.4937627911567688,0.4157330095767975,0.5422918796539307,0.7388581037521362,0.11214825510978699
0.987905740737915,0.9431281685829163,0.9276015162467957,0.9513841271400452,0.7006726861000061,0.9383981227874756
0.9576147794723511,0.7540287375450134,0.9349881410598755,0.8988052010536194,0.5401598215103149,0.8879673480987549
0.9086849689483643,0.732340395450592,0.858961820602417,0.9370962381362915,0.7929319143295288,0.6701459288597107
0.9376508593559265,0.7045295238494873,0.4058571457862854,0.7126514911651611,0.20153868198394775,0.606387197971344
0.5584170818328857,0.3750132620334625,0.6713082790374756,0.6468750238418579,0.028646862134337425,0.033964041620492935
0.9551776051521301,0.9435172080993652,0.5960408449172974,0.40825361013412476,0.11415686458349228,0.05926236882805824
0.9894948601722717,0.9068759679794312,0.7272055745124817,0.7965973615646362,0.7708149552345276,0.5711326003074646
0.9198682308197021,0.8459372520446777,0.8198071718215942,0.8176716566085815,0.39503857493400574,0.8454592227935791
0.9282848238945007,0.8041267395019531,0.6266281008720398,0.7382535338401794,0.3455115258693695,0.9183130860328674
0.7591352462768555,0.980974018573761,0.28940173983573914,0.3682330548763275,0.2164309322834015,0.10489630699157715
0.9659572839736938,0.9061455130577087,0.7138925194740295,0.6768996119499207,0.33405351638793945,0.7174646854400635
0.965390145778656,0.7954504489898682,0.8541708588600159,0.8287322521209717,0.1687403917312622,0.5215426683425903
0.9266101717948914,0.5383077263832092,0.5609818696975708,0.5248188972473145,0.2544369697570801,0.5455670952796936
0.8259875178337097,0.5729579329490662,0.41718459129333496,0.664873480796814,0.794173538684845,0.3948386013507843
0.37788626551628113,0.2880288362503052,0.2779897451400757,0.3858279585838318,0.1454954892396927,0.2962036430835724
0.7492984533309937,0.6388924717903137,0.4607761800289154,0.49498486518859863,0.0739668607711792,0.21337656676769257
0.941865086555481,0.6817927360534668,0.7893192768096924,0.7017336487770081,0.39087656140327454,0.3143071234226227
0.9611631035804749,0.6367244124412537,0.45692557096481323,0.8092183470726013,0.4118407368659973,0.8934803605079651
0.8939579129219055,0.6095755100250244,0.3478871285915375,0.41232791543006897,0.2534869313240051,0.2999679744243622
0.960020124912262,0.5930052995681763,0.843933641910553,0.8629610538482666,0.3944332003593445,0.3363074064254761
0.9810647368431091,0.8510420322418213,0.8708569407463074,0.9509609341621399,0.5871496796607971,0.9520739912986755
0.9935510754585266,0.8522146940231323,0.918134868144989,0.9536341428756714,0.7103238701820374,0.9248416423797607
0.9553896188735962,0.8604485392570496,0.8699697852134705,0.9214401245117188,0.9386270642280579,0.9644343256950378
0.9142465591430664,0.8263881206512451,0.7903921604156494,0.7448616623878479,0.6497679352760315,0.7567358613014221
0.9917564988136292,0.989356279373169,0.9912376403808594,0.9861873984336853,0.9858614206314087,0.9896318912506104
0.4967041313648224,0.23016367852687836,0.4812367558479309,0.9395267963409424,0.32373353838920593,0.3643643260002136
0.7713258862495422,0.6103454828262329,0.7207410335540771,0.7614595293998718,0.4115336537361145,0.5994934439659119
0.9112733602523804,0.6539386510848999,0.7457691431045532,0.7572702765464783,0.299175888299942,0.5175381302833557
0.9827812314033508,0.9663292765617371,0.9801651239395142,0.8837806582450867,0.6098907589912415,0.024224549531936646
0.8618375658988953,0.7611531615257263,0.7125642895698547,0.7592924237251282,0.5980595350265503,0.894446849822998
0.6006208062171936,0.0729903131723404,0.3462761342525482,0.536223292350769,0.13070572912693024,0.434597909450531
0.7898319363594055,0.7134289741516113,0.40372106432914734,0.40625491738319397,0.27770277857780457,0.12542757391929626
0.9660578966140747,0.892097532749176,0.9692940711975098,0.8343740105628967,0.13055668771266937,0.9346548914909363
0.9903537034988403,0.8156026005744934,0.9119332432746887,0.9126846790313721,0.7321479916572571,0.9307079315185547
0.035245705395936966,0.10656534135341644,0.014299561269581318,0.17262393236160278,0.03003283031284809,0.003986736759543419
0.976306676864624,0.5094479918479919,0.5460595488548279,0.5975469350814819,0.33538925647735596,0.33319851756095886
0.9709237217903137,0.7398182153701782,0.8336730599403381,0.7955611348152161,0.8135856986045837,0.7586383819580078
0.934802234172821,0.6716444492340088,0.7351374626159668,0.81593918800354,0.6219457983970642,0.7765288352966309
0.9716731905937195,0.8897174000740051,0.7363869547843933,0.6988343596458435,0.6424198150634766,0.9087551236152649
0.6356766819953918,0.38010087609291077,0.18611225485801697,0.2367999106645584,0.2315226048231125,0.19653098285198212
0.6862779855728149,0.4249593913555145,0.3443303108215332,0.37110432982444763,0.2640141546726227,0.5642644762992859
0.9857814908027649,0.9788129329681396,0.9747087955474854,0.9776910543441772,0.6356925368309021,0.9052331447601318
0.29029279947280884,0.22244250774383545,0.45613735914230347,0.11933014541864395,0.07829362899065018,0.031785592436790466
0.90423583984375,0.9538711905479431,0.6026434898376465,0.29684847593307495,0.3345901072025299,0.06813445687294006
0.987197995185852,0.9179238677024841,0.9755579829216003,0.9919724464416504,0.7554214596748352,0.9710025787353516
0.871430516242981,0.47282737493515015,0.5572201609611511,0.7363542914390564,0.4656097888946533,0.7044963836669922
0.9287082552909851,0.8962014317512512,0.628484308719635,0.6395772695541382,0.35670730471611023,0.6619116067886353
0.9176569581031799,0.9550685882568359,0.9015598297119141,0.9499137997627258,0.9432153105735779,0.9526113867759705
0.9922045469284058,0.8524535298347473,0.9026156067848206,0.6834912300109863,0.6262968182563782,0.9169690012931824
0.9282848238945007,0.8041267395019531,0.6266281008720398,0.7382535338401794,0.3455115258693695,0.9183130860328674
0.9702691435813904,0.6861646771430969,0.940781831741333,0.9403215646743774,0.7200018763542175,0.6943236589431763
0.9812701940536499,0.9445117115974426,0.8607450723648071,0.6546624302864075,0.47822827100753784,0.8845416307449341
0.9658495187759399,0.8840490579605103,0.934841513633728,0.9701415300369263,0.7500244975090027,0.855292797088623
0.4425354599952698,0.7246736288070679,0.4677288830280304,0.1693509966135025,0.11888115853071213,0.012168046087026596
0.3365459740161896,0.05912860855460167,0.16721469163894653,0.40190401673316956,0.09291376173496246,0.0923428013920784
0.811356782913208,0.7300370931625366,0.7827008962631226,0.9144127368927002,0.1582801342010498,0.2089359015226364
0.930248498916626,0.8537835478782654,0.9949277639389038,0.8848022222518921,0.435880184173584,0.9612827897071838
0.8696567416191101,0.7398194074630737,0.6332523822784424,0.8357030153274536,0.4561460614204407,0.7832250595092773
0.9020180702209473,0.8563188910484314,0.6859249472618103,0.8102492094039917,0.46865639090538025,0.7832401990890503
0.9302939176559448,0.7693654894828796,0.5944914221763611,0.7872130870819092,0.47960665822029114,0.8487014174461365
0.6726050972938538,0.7258962392807007,0.44813162088394165,0.020685438066720963,0.018401550129055977,0.0005815764889121056
0.9781565070152283,0.7568680047988892,0.8934922814369202,0.8641011714935303,0.7260881066322327,0.8791705369949341
0.9282848238945007,0.8041267395019531,0.6266281008720398,0.7382535338401794,0.3455115258693695,0.9183130860328674
0.7747918367385864,0.6416828036308289,0.6951804161071777,0.8594860434532166,0.5157749652862549,0.8351543545722961
0.9386564493179321,0.9464529752731323,0.5352873206138611,0.6040944457054138,0.4316193163394928,0.5908830761909485
0.9788735508918762,0.8415303230285645,0.8698318600654602,0.9632999897003174,0.45766597986221313,0.6906518936157227
0.9137614369392395,0.3723848760128021,0.8782230615615845,0.9563781023025513,0.854063093662262,0.9256228804588318
0.9302939176559448,0.7693654894828796,0.5944914221763611,0.7872130870819092,0.47960665822029114,0.8487014174461365
0.956972062587738,0.7361820936203003,0.8998082876205444,0.8900085687637329,0.5643748044967651,0.8533453345298767
0.5293982625007629,0.4109685719013214,0.46754980087280273,0.7570738792419434,0.4472280442714691,0.7502187490463257
0.9397648572921753,0.941422164440155,0.7702578902244568,0.6204811334609985,0.03324364870786667,0.0126806003972888
0.9886996150016785,0.9282301068305969,0.988477885723114,0.9855378866195679,0.8474607467651367,0.9820792078971863
0.776118814945221,0.8735401034355164,0.5516096949577332,0.6427326202392578,0.4481963515281677,0.5374209880828857
0.5933307409286499,0.49024498462677,0.4122159779071808,0.39888250827789307,0.3216111958026886,0.16433238983154297
0.9596876502037048,0.8429394364356995,0.8282707929611206,0.7979207634925842,0.8885881304740906,0.8230770826339722
0.9282848238945007,0.8041267395019531,0.6266281008720398,0.7382535338401794,0.3455115258693695,0.9183130860328674
0.8715459108352661,0.7731640338897705,0.42442747950553894,0.4322117865085602,0.41038909554481506,0.6454851627349854
0.9174599647521973,0.5693259835243225,0.731232762336731,0.6741778254508972,0.6922757029533386,0.7503358125686646
0.984411358833313,0.928600549697876,0.9582430124282837,0.9597296714782715,0.7250601649284363,0.8720382452011108
0.9362800121307373,0.7146344780921936,0.8436559438705444,0.8675931096076965,0.5108543634414673,0.9004664421081543
0.9547078013420105,0.6548703908920288,0.7068313956260681,0.7555031180381775,0.41834455728530884,0.7978916764259338
0.9867939949035645,0.9480531215667725,0.9678330421447754,0.9703040719032288,0.6832718253135681,0.9451009035110474
0.9831170439720154,0.8652437329292297,0.8946652412414551,0.9623196125030518,0.5215626955032349,0.9880923628807068
0.991432249546051,0.8613526225090027,0.9902072548866272,0.9827283620834351,0.8200615644454956,0.9808565378189087
0.9521586894989014,0.8581518530845642,0.9616832137107849,0.8386232852935791,0.3367288410663605,0.23413029313087463
0.9917482137680054,0.6701170206069946,0.885033905506134,0.9630315899848938,0.3967365324497223,0.9114545583724976
0.8857880234718323,0.4881143569946289,0.5776249766349792,0.6956349015235901,0.26446181535720825,0.9772390723228455
0.9396507740020752,0.37771695852279663,0.13080339133739471,0.5220043659210205,0.5121595859527588,0.08767104148864746
0.7813137769699097,0.5663841366767883,0.3311333656311035,0.7281972765922546,0.7471053004264832,0.24009667336940765
0.9486795663833618,0.747146725654602,0.6875530481338501,0.6841397881507874,0.5673784017562866,0.9056169390678406
0.932526707649231,0.7545557022094727,0.6556100249290466,0.42989617586135864,0.10883212834596634,0.3341768980026245
0.9121946096420288,0.33523136377334595,0.4553994834423065,0.6843642592430115,0.24483603239059448,0.4998612105846405
0.13704052567481995,0.723179042339325,0.059261057525873184,0.08773854374885559,0.025193938985466957,0.035791296511888504
0.9694216251373291,0.9038869738578796,0.998148500919342,0.9419738054275513,0.6040889620780945,0.7084148526191711
0.9492574334144592,0.8759725093841553,0.8058806657791138,0.7096644639968872,0.4377198815345764,0.595229983329773
0.9913062453269958,0.9329589009284973,0.9352745413780212,0.9500665068626404,0.6435346603393555,0.8667628169059753
0.9879046082496643,0.9487317204475403,0.9883409142494202,0.9832783937454224,0.7563607692718506,0.976325273513794
0.939355194568634,0.7444388270378113,0.8458380103111267,0.956394612789154,0.9724041223526001,0.9679232239723206
0.9282848238945007,0.8041267395019531,0.6266281008720398,0.7382535338401794,0.3455115258693695,0.9183130860328674
0.9265674352645874,0.5786112546920776,0.7244889736175537,0.9153953790664673,0.6012099981307983,0.7355693578720093
0.8004063963890076,0.39035454392433167,0.2050601840019226,0.7746724486351013,0.9094184041023254,0.21730917692184448
0.7219628691673279,0.5209842324256897,0.37514182925224304,0.6217861771583557,0.16389748454093933,0.33670562505722046
0.9302939176559448,0.7693654894828796,0.5944914221763611,0.7872130870819092,0.47960665822029114,0.8487014174461365
0.9300490617752075,0.18112978339195251,0.4687618315219879,0.47064173221588135,0.3135156035423279,0.4464353621006012
0.9979346990585327,0.961513340473175,0.9845560193061829,0.9668022990226746,0.8408992886543274,0.9927420616149902
0.8476282358169556,0.4785446524620056,0.6088352203369141,0.7293472290039062,0.35370245575904846,0.7033799886703491
0.08188273757696152,0.023158544674515724,0.024980107322335243,0.006436470430344343,0.12239563465118408,0.001194104552268982
0.7626417279243469,0.500296413898468,0.2403668910264969,0.5717936754226685,0.18855510652065277,0.5556946396827698
0.9754893183708191,0.7924101948738098,0.8705244064331055,0.834681510925293,0.2603496015071869,0.7452225089073181
0.9687641263008118,0.7952200770378113,0.893257200717926,0.786119282245636,0.5772956609725952,0.9154631495475769
0.9543750882148743,0.5619137287139893,0.7041724920272827,0.7707700729370117,0.2718362510204315,0.6123767495155334
0.8158011436462402,0.588390052318573,0.5719579458236694,0.6928353905677795,0.19644924998283386,0.43263816833496094
0.9145271182060242,0.40747755765914917,0.5688549280166626,0.6449085474014282,0.6046583652496338,0.1544327735900879
0.8524532914161682,0.5662379264831543,0.6827865839004517,0.7402317523956299,0.34836921095848083,0.7022504210472107
0.7149587869644165,0.8188815116882324,0.8315359950065613,0.8505373597145081,0.6463522911071777,0.8095919489860535
0.7623654007911682,0.8952491879463196,0.48565566539764404,0.0684984102845192,0.04868036508560181,0.007747245021164417
0.36549970507621765,0.413715124130249,0.32310596108436584,0.6102374792098999,0.18771475553512573,0.771635115146637
0.9923702478408813,0.7285416722297668,0.8587921857833862,0.9727802276611328,0.623609185218811,0.9817839860916138
0.8268537521362305,0.6200471520423889,0.6655322313308716,0.7155181169509888,0.675966739654541,0.5254437923431396
0.8385784029960632,0.6549193263053894,0.577755868434906,0.49888893961906433,0.25231194496154785,0.6852333545684814
0.7720900774002075,0.5893147587776184,0.2929384410381317,0.8894926905632019,0.29113978147506714,0.25349897146224976
0.8002674579620361,0.7741459608078003,0.6987542510032654,0.6743804812431335,0.4302118420600891,0.37162357568740845
0.966752290725708,0.6639216542243958,0.5161071419715881,0.5936073660850525,0.39333975315093994,0.7359298467636108
0.8342602849006653,0.9313425421714783,0.636320173740387,0.635995090007782,0.3934761881828308,0.6006811261177063
0.9510524868965149,0.857291042804718,0.9509725570678711,0.44453561305999756,0.20637458562850952,0.6639767289161682
0.9537961483001709,0.6280825734138489,0.5745413303375244,0.8869498372077942,0.5898706912994385,0.6500585675239563
0.9258835315704346,0.7822733521461487,0.7982421517372131,0.9201949834823608,0.6404162049293518,0.8687821626663208
0.9917084574699402,0.9513481855392456,0.7977195978164673,0.26222068071365356,0.009853236377239227,0.21730677783489227
0.9578691720962524,0.7405046224594116,0.8428891897201538,0.8905060887336731,0.4396571218967438,0.8638650178909302
0.6468213796615601,0.3269449770450592,0.2817379832267761,0.4063214957714081,0.22792062163352966,0.35725659132003784
0.9782701730728149,0.8967684507369995,0.9631534218788147,0.9903996586799622,0.7426202893257141,0.9979872107505798
0.21542097628116608,0.365146279335022,0.2397560477256775,0.33626434206962585,0.14154820144176483,0.03920481353998184
0.9282848238945007,0.8041267395019531,0.6266281008720398,0.7382535338401794,0.3455115258693695,0.9183130860328674
0.9915969967842102,0.8493385314941406,0.9079214334487915,0.9400367140769958,0.8414424657821655,0.9450069069862366
0.9704674482345581,0.8644813299179077,0.9065670967102051,0.939821183681488,0.6149899959564209,0.9433339834213257
0.7480637431144714,0.8232592344284058,0.2354641854763031,0.5642503499984741,0.18789063394069672,0.8457522392272949
0.7848212122917175,0.41311219334602356,0.5420300364494324,0.5769394636154175,0.26011526584625244,0.7710879445075989
0.5772847533226013,0.2650454044342041,0.4103175401687622,0.4936889111995697,0.3551469147205353,0.29441049695014954
0.9836527109146118,0.7151549458503723,0.899421751499176,0.7520037889480591,0.8016155958175659,0.4945286512374878
0.954550564289093,0.8469488024711609,0.9309828281402588,0.9482659101486206,0.6644639372825623,0.9724714756011963
0.9773024320602417,0.9450011253356934,0.9748256802558899,0.9843036532402039,0.6265866756439209,0.8499425053596497
0.9837367534637451,0.9097599387168884,0.9272462725639343,0.9682498574256897,0.9406131505966187,0.9614499807357788
0.4390728771686554,0.631554365158081,0.3666492700576782,0.7499834299087524,0.2730500102043152,0.339419424533844
0.8900775909423828,0.8262406587600708,0.8097727298736572,0.8852292895317078,0.6666527390480042,0.8372480869293213
0.9463667273521423,0.3427714705467224,0.6236977577209473,0.704917848110199,0.24428290128707886,0.8215689063072205
0.6961461901664734,0.48366931080818176,0.15079760551452637,0.3767310380935669,0.341344952583313,0.23358501493930817
0.9948505759239197,0.9745486974716187,0.9654059410095215,0.9751660227775574,0.7767667770385742,0.992024838924408
0.9899499416351318,0.3521933853626251,0.7006385922431946,0.6609110236167908,0.385806679725647,0.8146307468414307
0.7139937281608582,0.7495808005332947,0.49429115653038025,0.6489443182945251,0.41495567560195923,0.13699030876159668
0.9549338221549988,0.7157350182533264,0.8011565804481506,0.9038886427879333,0.455390602350235,0.7307857275009155
0.987004816532135,0.5681454539299011,0.8523392677307129,0.9324232339859009,0.7462350130081177,0.988002359867096
0.8087133169174194,0.7515512108802795,0.2444658875465393,0.5355935096740723,0.14850455522537231,0.8202879428863525
0.9801813960075378,0.6614958047866821,0.6862242221832275,0.7374041080474854,0.394400954246521,0.7582643032073975
0.9776426553726196,0.5758424997329712,0.7119042873382568,0.6421656608581543,0.5931662321090698,0.867674708366394
0.8115859031677246,0.8055415749549866,0.3338184058666229,0.6969315409660339,0.22091731429100037,0.9117242097854614
0.956270158290863,0.5817825198173523,0.714006781578064,0.827237606048584,0.2975987493991852,0.7399821877479553
0.9764725565910339,0.87076735496521,0.8993136286735535,0.9288609027862549,0.5747194290161133,0.9712571501731873
0.928350567817688,0.8687398433685303,0.5379079580307007,0.5652211904525757,0.38624119758605957,0.4239147901535034
0.92286217212677,0.8112831115722656,0.834852397441864,0.8043997883796692,0.6985306739807129,0.8353841304779053
0.6535974740982056,0.4383358061313629,0.20750518143177032,0.3659154772758484,0.21138116717338562,0.41349491477012634
0.7388027310371399,0.6789591908454895,0.7804991006851196,0.6378318667411804,0.23776261508464813,0.03929419070482254
0.9523093104362488,0.9122266173362732,0.5016101002693176,0.2550811171531677,0.2899867594242096,0.0006979642785154283
0.8261696100234985,0.7390493750572205,0.488178551197052,0.7730861902236938,0.43336936831474304,0.8224281668663025
0.8844872117042542,0.8110165596008301,0.7208237051963806,0.8672652244567871,0.5594604015350342,0.5576543211936951
0.09758040308952332,0.07116664201021194,0.11079759150743484,0.012929978780448437,0.010622956790030003,0.001637558569200337
0.9929461479187012,0.9099894762039185,0.849370002746582,0.8141562342643738,0.7325466871261597,0.7156078815460205
0.8566414713859558,0.6160685420036316,0.592481791973114,0.6911912560462952,0.3586437702178955,0.4789603352546692
0.9096099138259888,0.48772165179252625,0.5332884788513184,0.678902804851532,0.34344595670700073,0.49139195680618286
0.8169203996658325,0.3255724012851715,0.7926518321037292,0.811183512210846,0.4724578857421875,0.3049938678741455
0.9091514348983765,0.5447896718978882,0.37364405393600464,0.635127067565918,0.4185445308685303,0.7205207943916321
0.4819619655609131,0.4866584539413452,0.6495534181594849,0.5120378732681274,0.35554638504981995,0.23725828528404236
0.9559409618377686,0.963248610496521,0.9109759330749512,0.864149808883667,0.7975513339042664,0.8140743374824524
0.9783585667610168,0.9587864875793457,0.8734521269798279,0.5623660087585449,0.12175732851028442,0.29417333006858826
0.9966544508934021,0.4777659773826599,0.6304433941841125,0.7213281393051147,0.09100959450006485,0.6095884442329407
0.8740032315254211,0.885425865650177,0.832942545413971,0.7403029799461365,0.6705010533332825,0.4415203630924225
0.8252865076065063,0.627165675163269,0.666918933391571,0.6303064227104187,0.263759583234787,0.5783292651176453
0.9603645205497742,0.7591103315353394,0.8521949648857117,0.9639345407485962,0.7306764125823975,0.9726320505142212
0.9860323667526245,0.8130353093147278,0.9170169830322266,0.9642289876937866,0.6502737998962402,0.8960607647895813
0.9105114936828613,0.8831218481063843,0.9433792233467102,0.9423128962516785,0.7600175738334656,0.9172685742378235
0.9537961483001709,0.6280825734138489,0.5745413303375244,0.8869498372077942,0.5898706912994385,0.6500585675239563
0.9715909361839294,0.6588156223297119,0.791883111000061,0.9378297924995422,0.8404229879379272,0.9026042222976685
0.9329162836074829,0.9147156476974487,0.9688853025436401,0.9072741270065308,0.5911820530891418,0.9916332364082336
0.8391623497009277,0.41079768538475037,0.684120774269104,0.7498841285705566,0.37203970551490784,0.6242453455924988
0.5152221918106079,0.7512807250022888,0.11796018481254578,0.11919013410806656,0.12066343426704407,0.05778657644987106
0.9664490222930908,0.9164182543754578,0.8704457879066467,0.9401050806045532,0.586142897605896,0.9354553818702698
0.8091636896133423,0.8365423083305359,0.9950575828552246,0.7016516923904419,0.11434649676084518,0.45187848806381226
0.6615996956825256,0.6217791438102722,0.859247088432312,0.7850545048713684,0.3033601939678192,0.7703248262405396
0.6473710536956787,0.3347984552383423,0.4172663986682892,0.56056147813797,0.27571243047714233,0.12969939410686493
0.5510402321815491,0.39355331659317017,0.37323829531669617,0.3867156207561493,0.43610429763793945,0.019186636433005333
0.9233405590057373,0.45754411816596985,0.5807965993881226,0.6519672274589539,0.26778343319892883,0.8707756400108337
0.7168809175491333,0.27686822414398193,0.41662484407424927,0.6663855910301208,0.18257348239421844,0.25135311484336853
0.7869577407836914,0.7314572930335999,0.9951289296150208,0.7094597220420837,0.21999631822109222,0.3351851999759674
0.9573161602020264,0.7280291318893433,0.850883424282074,0.8128446340560913,0.3860899806022644,0.7288239002227783
0.9377615451812744,0.7042977809906006,0.8690719604492188,0.7675986289978027,0.5086598992347717,0.7738602161407471
0.31085726618766785,0.8926141858100891,0.15001703798770905,0.3018403947353363,0.09363573789596558,0.2406095713376999
0.9103846549987793,0.30419954657554626,0.6302477717399597,0.5001299381256104,0.4586385190486908,0.15177801251411438
0.34891676902770996,0.1729470044374466,0.023655686527490616,0.01205455232411623,0.1811189353466034,0.1416434645652771
0.9475440979003906,0.7366324663162231,0.7356367111206055,0.5169408321380615,0.47066551446914673,0.5789823532104492
0.9345470070838928,0.8397026062011719,0.8733507394790649,0.8955426812171936,0.8113973736763,0.9262726306915283
0.3250887393951416,0.4227479100227356,0.5364389419555664,0.6991865634918213,0.3282509446144104,0.885044276714325
0.9682978987693787,0.7775196433067322,0.88713139295578,0.8528485298156738,0.6113357543945312,0.8299721479415894
0.9113627076148987,0.6819195747375488,0.5991275906562805,0.7066141366958618,0.37898242473602295,0.3677091598510742
0.6790325045585632,0.5625459551811218,0.4123865067958832,0.5607299208641052,0.31642448902130127,0.31585994362831116
0.8989459276199341,0.8719356060028076,0.9977361559867859,0.9743465781211853,0.4191557466983795,0.2736264169216156
0.8545435667037964,0.5234927535057068,0.44709867238998413,0.6212050914764404,0.19894322752952576,0.31376680731773376
0.9734347462654114,0.550413191318512,0.9508125185966492,0.9754906296730042,0.5366010665893555,0.8526564836502075
0.6578022241592407,0.437002569437027,0.4192429482936859,0.3034290671348572,0.213530495762825,0.2719995975494385
0.9282848238945007,0.8041267395019531,0.6266281008720398,0.7382535338401794,0.3455115258693695,0.9183130860328674
0.6534020304679871,0.8866362571716309,0.8852949738502502,0.2536087930202484,0.05769208073616028,0.477719783782959
0.9867309927940369,0.8962952494621277,0.9266268610954285,0.9642654657363892,0.7283976078033447,0.9779878258705139
0.6817502379417419,0.5034969449043274,0.39784669876098633,0.8325262665748596,0.7079983949661255,0.36782190203666687
0.93024742603302,0.7159478664398193,0.6357614994049072,0.9330063462257385,0.5692203640937805,0.14076629281044006
0.9913362264633179,0.9900622367858887,0.9963047504425049,0.9605579376220703,0.6211675405502319,0.9434632062911987
0.9681681394577026,0.8685054779052734,0.8320856094360352,0.8561338186264038,0.5311295390129089,0.8924533724784851
0.6153326034545898,0.2909452021121979,0.4155740439891815,0.6048126816749573,0.2775701582431793,0.46273359656333923
0.6348203420639038,0.8705743551254272,0.2440066933631897,0.12403955310583115,0.06780584156513214,0.019593767821788788
0.8964399099349976,0.9545378088951111,0.8072391748428345,0.7741647958755493,0.628079354763031,0.7953391075134277
0.4229089617729187,0.166864275932312,0.07003329694271088,0.12887735664844513,0.02351371943950653,0.1302851140499115
0.9094324707984924,0.9892381429672241,0.7202578783035278,0.754769504070282,0.5177995562553406,0.7067199945449829
0.9918131232261658,0.9233810901641846,0.9608151912689209,0.9803714156150818,0.8391734957695007,0.9372243881225586
0.9241606593132019,0.6816454529762268,0.6923412680625916,0.7989874482154846,0.49112027883529663,0.7126535177230835
0.04706874489784241,0.053631491959095,0.022193098440766335,0.019390856847167015,0.10078698396682739,0.0011281378101557493
0.8945267200469971,0.7058839797973633,0.9933476448059082,0.6794229745864868,0.06224191561341286,0.27609574794769287
0.991027295589447,0.4641649127006531,0.8277433514595032,0.7667050361633301,0.39240604639053345,0.8722084760665894
0.9449046850204468,0.7620251774787903,0.6872766017913818,0.8172968626022339,0.4585902690887451,0.7134608626365662
0.9800218939781189,0.8953499794006348,0.873284637928009,0.8820500373840332,0.3518286645412445,0.9372360110282898
0.9821147322654724,0.9807000756263733,0.9978729486465454,0.9906189441680908,0.8141718506813049,0.8876041769981384
0.9643589854240417,0.9417886734008789,0.676035463809967,0.565513551235199,0.2676197588443756,0.37521636486053467
0.9612242579460144,0.8504524827003479,0.9282346367835999,0.9492968916893005,0.7168340086936951,0.8664018511772156
0.8171005249023438,0.7883477807044983,0.29801762104034424,0.683623731136322,0.19433335959911346,0.9118456244468689
0.9988335967063904,0.6768839955329895,0.6229154467582703,0.7781273126602173,0.284035861492157,0.6134808659553528
0.9248018264770508,0.6832003593444824,0.46503615379333496,0.7342928051948547,0.5082862973213196,0.5408028960227966
0.9562275409698486,0.6150829195976257,0.8495699763298035,0.9196011424064636,0.42217007279396057,0.9938427805900574
0.8518832325935364,0.7645256519317627,0.4046421945095062,0.7074028849601746,0.21046723425388336,0.9373120069503784
0.9282848238945007,0.8041267395019531,0.6266281008720398,0.7382535338401794,0.3455115258693695,0.9183130860328674
0.6847203373908997,0.6625862717628479,0.5485072731971741,0.5732524991035461,0.22247670590877533,0.30438563227653503
0.9239705204963684,0.8353463411331177,0.9126906394958496,0.9425085186958313,0.6494347453117371,0.8391862511634827
0.926491916179657,0.6688202023506165,0.32217296957969666,0.5354135632514954,0.40021270513534546,0.29916781187057495
0.98771071434021,0.9961104989051819,0.9883278012275696,0.8599106669425964,0.41656526923179626,0.8022269010543823
0.9267563223838806,0.9130780696868896,0.6147284507751465,0.6697382926940918,0.3523237705230713,0.6484919190406799
0.9779365062713623,0.9092667102813721,0.9001539945602417,0.8222679495811462,0.751044750213623,0.08005564659833908
0.957321286201477,0.7520847916603088,0.7868817448616028,0.8155633211135864,0.3966141939163208,0.6930520534515381
0.49060532450675964,0.36958739161491394,0.33154118061065674,0.5041572451591492,0.43898990750312805,0.11851238459348679
0.37270331382751465,0.3083838224411011,0.1472318172454834,0.23292070627212524,0.13659773766994476,0.03337310999631882
0.9519646763801575,0.909598708152771,0.8455974459648132,0.8716343641281128,0.521766722202301,0.9303708076477051
0.8691070675849915,0.6850141286849976,0.6506993174552917,0.6749727725982666,0.3146706521511078,0.7577129602432251
0.4320761561393738,0.28536441922187805,0.22835245728492737,0.462336927652359,0.2566281855106354,0.1736709177494049
0.9581713080406189,0.753369927406311,0.45847684144973755,0.5170761346817017,0.7413820624351501,0.3889056146144867
0.8962389230728149,0.7376496195793152,0.8910269737243652,0.7286844253540039,0.6185523271560669,0.7415308356285095
0.7923482656478882,0.5339086055755615,0.46292978525161743,0.4638139307498932,0.13230419158935547,0.2780078053474426
0.9983965754508972,0.979130208492279,0.9846405982971191,0.9671706557273865,0.7336440682411194,0.9818416237831116
0.7395513653755188,0.5043652057647705,0.43775230646133423,0.5006474852561951,0.45649057626724243,0.08240947127342224
0.9328906536102295,0.698456883430481,0.8995890021324158,0.869408130645752,0.5613193511962891,0.7502307891845703
0.03150201216340065,0.30446144938468933,0.17573337256908417,0.2649686932563782,0.30938583612442017,0.14469031989574432
0.7780717611312866,0.47568464279174805,0.48338496685028076,0.7660372257232666,0.4824616014957428,0.6625968217849731
0.8193713426589966,0.4228205382823944,0.61161869764328,0.7677527070045471,0.41893720626831055,0.43163445591926575
0.9509468078613281,0.7024404406547546,0.7547094225883484,0.7601844668388367,0.4058379828929901,0.7970834970474243
0.38516002893447876,0.26500028371810913,0.04959364980459213,0.044408880174160004,0.356402724981308,0.012060104869306087
0.9407446980476379,0.8600276112556458,0.8894127607345581,0.9214246869087219,0.755338191986084,0.8146737813949585
0.9685993790626526,0.8406162858009338,0.886669397354126,0.9488220810890198,0.6349745392799377,0.7865528464317322
0.9367520213127136,0.9304940104484558,0.7124212980270386,0.7092849016189575,0.6225461959838867,0.5632392764091492
0.9620051383972168,0.8909499645233154,0.8915234208106995,0.9162725806236267,0.746391773223877,0.9295523762702942
0.9456795454025269,0.6150678396224976,0.9114701151847839,0.7822480201721191,0.31167691946029663,0.6017630100250244
0.9916679263114929,0.48665183782577515,0.8818026185035706,0.9037131667137146,0.229022815823555,0.7844358682632446
0.618462324142456,0.6599687933921814,0.6945569515228271,0.8173130750656128,0.8169820308685303,0.2967311441898346
0.9018102884292603,0.8929698467254639,0.8670448064804077,0.8347480893135071,0.48806074261665344,0.8269786238670349
0.5107136964797974,0.4710713326931,0.3123764097690582,0.41254204511642456,0.2818451225757599,0.1359848529100418
0.9562674164772034,0.8260788917541504,0.9398106932640076,0.9729393124580383,0.86761474609375,0.9227743148803711
0.06848713010549545,0.0696566104888916,0.012173742055892944,0.02018190734088421,0.005589933600276709,0.013224076479673386
0.9873430728912354,0.580470085144043,0.5506877899169922,0.5220806002616882,0.32710832357406616,0.5747048258781433
0.9922105073928833,0.8967827558517456,0.9869695901870728,0.9821445941925049,0.7143983244895935,0.9753821492195129
0.9671146273612976,0.323027104139328,0.905057966709137,0.9906903505325317,0.17817775905132294,0.3278675973415375
0.9260278940200806,0.6650838851928711,0.8052208423614502,0.6963440179824829,0.34751421213150024,0.8234726786613464
0.9978277087211609,0.9931206107139587,0.9855898022651672,0.9826504588127136,0.5353213548660278,0.9084872603416443
0.9252996444702148,0.8498715162277222,0.9883744716644287,0.9166585206985474,0.5178648829460144,0.9469434022903442
0.7857779264450073,0.8945016860961914,0.14136841893196106,0.33082079887390137,0.1113489642739296,0.12653286755084991
0.7770967483520508,0.6811673045158386,0.5360105037689209,0.9864985346794128,0.40075862407684326,0.7729755640029907
0.9629783034324646,0.9399109482765198,0.9139600992202759,0.9274066090583801,0.5330146551132202,0.8222824931144714
0.9422667622566223,0.9441187977790833,0.9442467093467712,0.9350215792655945,0.9313098788261414,0.9264513850212097
0.624004602432251,0.27033668756484985,0.45854711532592773,0.44219744205474854,0.08084073662757874,0.021194826811552048
0.5714580416679382,0.5039405226707458,0.4113698899745941,0.35089436173439026,0.3641079366207123,0.1251055896282196
0.9964180588722229,0.9151275157928467,0.8760482668876648,0.8595483899116516,0.46597906947135925,0.9161648154258728
0.8820198774337769,0.6138611435890198,0.5551850199699402,0.785504937171936,0.3740464448928833,0.5077230334281921
0.9302939176559448,0.7693654894828796,0.5944914221763611,0.7872130870819092,0.47960665822029114,0.8487014174461365
0.7450743913650513,0.5925527215003967,0.5935789346694946,0.6618273258209229,0.2734251022338867,0.26343002915382385
0.9610123038291931,0.7285109758377075,0.7992109656333923,0.8013337850570679,0.8060014247894287,0.7621588706970215
0.9930325746536255,0.7467638850212097,0.7629410028457642,0.909137487411499,0.736352264881134,0.7710981965065002
0.9302939176559448,0.7693654894828796,0.5944914221763611,0.7872130870819092,0.47960665822029114,0.8487014174461365
0.9388007521629333,0.549335241317749,0.6632897853851318,0.778811514377594,0.47979462146759033,0.5375012159347534
0.9476959705352783,0.9281284213066101,0.9396581649780273,0.9348201155662537,0.7325981259346008,0.9199973940849304
0.9537961483001709,0.6280825734138489,0.5745413303375244,0.8869498372077942,0.5898706912994385,0.6500585675239563
0.9586547017097473,0.8602764010429382,0.8438857793807983,0.8182805180549622,0.51102614402771,0.8666481971740723
0.9598392248153687,0.8376252055168152,0.6558048725128174,0.7378426194190979,0.6762734055519104,0.861984133720398
0.734003484249115,0.4732325077056885,0.5667683482170105,0.33099961280822754,0.10564102232456207,0.003223896725103259
0.830529510974884,0.5251975655555725,0.4866582155227661,0.6400094628334045,0.20172710716724396,0.4720921814441681
0.7891750335693359,0.7828377485275269,0.7755676507949829,0.8086291551589966,0.5248278379440308,0.7378351092338562
0.8508386015892029,0.5849050283432007,0.8128833174705505,0.8150792717933655,0.48522621393203735,0.6397722959518433
0.9785146713256836,0.8866431713104248,0.8680790066719055,0.8974465727806091,0.4061485528945923,0.9843572974205017
0.9964996576309204,0.9865109324455261,0.9634238481521606,0.9476369023323059,0.8863427042961121,0.44264960289001465
0.9676975607872009,0.9606237411499023,0.9734214544296265,0.8136264681816101,0.2744688391685486,0.48807191848754883
0.9954929351806641,0.9582249522209167,0.7726841568946838,0.45841795206069946,0.1359270066022873,0.5124942660331726
0.982526957988739,0.9533419013023376,0.837003767490387,0.8486257791519165,0.9318115711212158,0.7908159494400024
0.9504132270812988,0.7278198003768921,0.7513825297355652,0.8950285911560059,0.7368157505989075,0.9161128401756287
0.7907662391662598,0.7551029324531555,0.3166011869907379,0.1558690220117569,0.45733126997947693,0.4469107687473297
0.6349978446960449,0.43337777256965637,0.3672499656677246,0.5159699320793152,0.15317662060260773,0.49094370007514954
0.6957570910453796,0.4254266321659088,0.2314453125,0.5774410963058472,0.3741918206214905,0.34871625900268555
0.9704805016517639,0.9223445057868958,0.9565238356590271,0.976966917514801,0.758621096611023,0.9604271650314331
0.7921259999275208,0.6327472925186157,0.7400980591773987,0.6900451183319092,0.38452303409576416,0.3058149814605713
0.9189559817314148,0.8934744000434875,0.7565089464187622,0.8166634440422058,0.35507336258888245,0.6890767216682434
0.9303334951400757,0.9576881527900696,0.7656208872795105,0.24422231316566467,0.5057096481323242,0.05981070548295975
0.8771448731422424,0.7414121031761169,0.9528547525405884,0.8264799118041992,0.4015083611011505,0.6897515654563904
0.9744089245796204,0.8043579459190369,0.8018267154693604,0.8704390525817871,0.8996392488479614,0.4364568293094635
0.8009814023971558,0.7426716685295105,0.8122347593307495,0.7577162981033325,0.407325804233551,0.6094514727592468
0.8498176336288452,0.420428067445755,0.6290775537490845,0.6743664741516113,0.4842297434806824,0.41304945945739746
0.9710143804550171,0.9894862174987793,0.9489894509315491,0.9821127653121948,0.915951132774353,0.9584091901779175
0.9201777577400208,0.48670411109924316,0.7334327101707458,0.9058519005775452,0.48621776700019836,0.7354893088340759
0.9798256754875183,0.897778332233429,0.7653862237930298,0.6502142548561096,0.7242638468742371,0.16008861362934113
0.8688245415687561,0.4739450216293335,0.39560481905937195,0.48689326643943787,0.27359819412231445,0.66709303855896
0.9282848238945007,0.8041267395019531,0.6266281008720398,0.7382535338401794,0.3455115258693695,0.9183130860328674
0.928870677947998,0.9019759893417358,0.8573842644691467,0.8101573586463928,0.6955373287200928,0.8043767213821411
0.9302939176559448,0.7693654894828796,0.5944914221763611,0.7872130870819092,0.47960665822029114,0.8487014174461365
0.9934340715408325,0.7970014810562134,0.7290775775909424,0.7317074537277222,0.531786322593689,0.7827145457267761
0.9488465189933777,0.935743510723114,0.9733460545539856,0.8670505881309509,0.05519365519285202,0.29845255613327026
0.9752799272537231,0.9706676602363586,0.9028357267379761,0.9676827788352966,0.7948421239852905,0.860821545124054
0.9682047963142395,0.9433528780937195,0.8992100358009338,0.9139308929443359,0.15789026021957397,0.24466124176979065
0.9934460520744324,0.843874454498291,0.9472216963768005,0.9753551483154297,0.6700920462608337,0.899891197681427
0.18347249925136566,0.16783735156059265,0.4122525453567505,0.7478496432304382,0.8852904438972473,0.30269554257392883
0.9474868178367615,0.847141444683075,0.8842034935951233,0.8883312344551086,0.8904910087585449,0.24826008081436157
0.572560727596283,0.3519183397293091,0.39858803153038025,0.4332018494606018,0.27798032760620117,0.7183603048324585
0.9953372478485107,0.8524272441864014,0.7624022364616394,0.9283717274665833,0.8984468579292297,0.4914610683917999
0.8023385405540466,0.5443206429481506,0.45790210366249084,0.6822765469551086,0.3610273003578186,0.651827871799469
0.9282848238945007,0.8041267395019531,0.6266281008720398,0.7382535338401794,0.3455115258693695,0.9183130860328674
0.8700624704360962,0.4978145658969879,0.5155113339424133,0.4998592734336853,0.3401321470737457,0.6259186267852783
0.839120626449585,0.36533841490745544,0.4503902196884155,0.2521367073059082,0.09959030896425247,0.04103619605302811
0.9282848238945007,0.8041267395019531,0.6266281008720398,0.7382535338401794,0.3455115258693695,0.9183130860328674
0.9282848238945007,0.8041267395019531,0.6266281008720398,0.7382535338401794,0.3455115258693695,0.9183130860328674
0.9169456362724304,0.8563762903213501,0.733949601650238,0.9091407060623169,0.42756545543670654,0.8485790491104126
0.9329265356063843,0.82074373960495,0.8043612837791443,0.8641402125358582,0.5068471431732178,0.8570383787155151
0.987993061542511,0.9750394821166992,0.9865432977676392,0.9955137372016907,0.9189695119857788,0.9633256793022156
0.9275553226470947,0.9574190378189087,0.8493810892105103,0.7644572854042053,0.6821557283401489,0.43250295519828796
0.9582985639572144,0.5600067377090454,0.5642086267471313,0.6484655737876892,0.47117552161216736,0.8393949270248413
0.8249931335449219,0.5668846368789673,0.44857093691825867,0.5760003328323364,0.4445841908454895,0.6036102175712585
0.8736210465431213,0.9541378021240234,0.6541779041290283,0.6790621876716614,0.3936246335506439,0.5849086046218872
0.9878973960876465,0.7895780801773071,0.8592261075973511,0.968355655670166,0.8570193648338318,0.8721948266029358
0.8761479258537292,0.551528811454773,0.8203871250152588,0.7708612084388733,0.2745329439640045,0.6172710061073303
0.9167306423187256,0.6736268997192383,0.7101353406906128,0.7953003644943237,0.48086947202682495,0.6824483275413513
0.9947595596313477,0.8708980679512024,0.9903283715248108,0.9851846694946289,0.9844929575920105,0.9948192238807678
0.876585841178894,0.8051245808601379,0.6416161060333252,0.7194616794586182,0.25297337770462036,0.3957372009754181
0.943303108215332,0.6835329532623291,0.09643515199422836,0.009602310135960579,0.00404692767187953,0.0001120299129979685
0.9716743230819702,0.7841595411300659,0.5478734374046326,0.6822843551635742,0.3224862217903137,0.5976044535636902
0.9317391514778137,0.361696720123291,0.32336103916168213,0.3890722990036011,0.2285369634628296,0.6120746731758118
0.4152405858039856,0.06474125385284424,0.13647864758968353,0.029926566407084465,0.011209257878363132,0.008689687587320805
0.9964696764945984,0.9927505254745483,0.985088050365448,0.9780807495117188,0.9311032295227051,0.9938989281654358
0.9674493074417114,0.8044397234916687,0.8894446492195129,0.9416570067405701,0.3438131809234619,0.9583058953285217
0.9918843507766724,0.7582535743713379,0.9341340661048889,0.8714763522148132,0.5005881786346436,0.4853362441062927
0.9808363318443298,0.8963862061500549,0.8949747681617737,0.9012161493301392,0.92311692237854,0.9538534283638
0.7678816318511963,0.3251022398471832,0.1824423223733902,0.10753346234560013,0.14571739733219147,0.30514124035835266
0.9771851301193237,0.6397014260292053,0.8198248147964478,0.836047351360321,0.7308286428451538,0.8837929964065552
0.7805280685424805,0.8942424058914185,0.4459034502506256,0.5028696060180664,0.61244136095047,0.40862053632736206
0.9963877201080322,0.8573360443115234,0.8753687739372253,0.9300611615180969,0.5714055895805359,0.8756235241889954
0.98703533411026,0.8205455541610718,0.8606955409049988,0.8603099584579468,0.4063786268234253,0.9456455707550049
0.9979912042617798,0.9904465079307556,0.9067627787590027,0.9638069868087769,0.7589181065559387,0.9808778762817383
0.8944058418273926,0.6895676255226135,0.8488321304321289,0.9478403925895691,0.643879234790802,0.8978825211524963
0.9797073602676392,0.9638349413871765,0.9915350675582886,0.9367043375968933,0.571012556552887,0.7574225068092346
0.742085874080658,0.594757080078125,0.560521125793457,0.6215749382972717,0.241784006357193,0.42897847294807434
0.9776046872138977,0.6847501397132874,0.9406589269638062,0.867506206035614,0.5062466859817505,0.8487635850906372
0.9599102735519409,0.8632074594497681,0.8591397404670715,0.7627850770950317,0.3144667148590088,0.5447783470153809
0.968364953994751,0.7497435808181763,0.9114218354225159,0.8716589212417603,0.7972608208656311,0.9569573402404785
0.7783409953117371,0.8830198645591736,0.5022570490837097,0.543329656124115,0.4024757444858551,0.5620585083961487
0.9266409873962402,0.7426364421844482,0.8381404876708984,0.7846052050590515,0.5576492547988892,0.982305109500885
0.8023385405540466,0.5443206429481506,0.45790210366249084,0.6822765469551086,0.3610273003578186,0.651827871799469
0.9342463612556458,0.9061449766159058,0.8052964806556702,0.7780382633209229,0.6153209209442139,0.21006472408771515
0.27878785133361816,0.2680966556072235,0.1509322226047516,0.09631671011447906,0.3180519640445709,0.029197731986641884
0.8308759331703186,0.7106394171714783,0.6341931819915771,0.7352632284164429,0.24583399295806885,0.9146934747695923
0.9741805791854858,0.41915908455848694,0.9391592144966125,0.9895014762878418,0.22891247272491455,0.3768337070941925
0.6627024412155151,0.37098464369773865,0.1930394470691681,0.31711825728416443,0.17748084664344788,0.21201783418655396
0.4322614073753357,0.3644960820674896,0.20392364263534546,0.2248753011226654,0.1813192218542099,0.31445497274398804
0.020013201981782913,0.0068420046009123325,0.011897006072103977,0.006631806958466768,0.16908788681030273,0.0012007151963189244
0.8597618341445923,0.8953027129173279,0.8973537683486938,0.7713508605957031,0.3333473205566406,0.4645443856716156
0.8039799928665161,0.43415558338165283,0.7005245685577393,0.7535812258720398,0.42010992765426636,0.7287665009498596
0.8994141817092896,0.8477017283439636,0.38793399930000305,0.73665851354599,0.3322031497955322,0.9404572248458862
0.7574204206466675,0.4806423783302307,0.5488681197166443,0.5705785751342773,0.4839298129081726,0.025579987093806267
0.7080338597297668,0.6081188321113586,0.47709304094314575,0.49039018154144287,0.15988068282604218,0.4652765989303589
0.9900059103965759,0.8071362376213074,0.8568646311759949,0.8864033818244934,0.4073232114315033,0.6920050978660583
0.9302939176559448,0.7693654894828796,0.5944914221763611,0.7872130870819092,0.47960665822029114,0.8487014174461365
0.9854909777641296,0.7500534057617188,0.8241406083106995,0.9371513724327087,0.5130193829536438,0.806528627872467
0.9018189311027527,0.7370928525924683,0.8205370903015137,0.8100409507751465,0.44631823897361755,0.6489719748497009
0.9927599430084229,0.8719118237495422,0.9279481768608093,0.8583861589431763,0.957210898399353,0.929116427898407
0.9129040837287903,0.7746858596801758,0.7331236600875854,0.8226985931396484,0.454613596200943,0.9675126075744629
0.9947316646575928,0.9172948002815247,0.9545322060585022,0.963646650314331,0.5689104199409485,0.9378179311752319
0.9282848238945007,0.8041267395019531,0.6266281008720398,0.7382535338401794,0.3455115258693695,0.9183130860328674
0.9788399934768677,0.8969500660896301,0.9125468134880066,0.9438971281051636,0.6894124746322632,0.9324978590011597
0.4898531138896942,0.26105690002441406,0.4127025008201599,0.5803375840187073,0.14965833723545074,0.1284855157136917
0.9788868427276611,0.7026653289794922,0.8701801300048828,0.9208561182022095,0.5383778214454651,0.9375860095024109
0.9525848627090454,0.7746407389640808,0.7181077003479004,0.8032557964324951,0.6680138111114502,0.774296760559082
0.7954422831535339,0.5525500774383545,0.4294697344303131,0.398575097322464,0.24607136845588684,0.14377941191196442
0.8550386428833008,0.6778708100318909,0.6859958171844482,0.7324608564376831,0.6430779695510864,0.35415875911712646
0.25336530804634094,0.2543301284313202,0.35131892561912537,0.7613017559051514,0.8763468861579895,0.3130357265472412
0.7763839364051819,0.5905871987342834,0.6264272332191467,0.43063926696777344,0.6340515613555908,0.1744115948677063
0.8839040398597717,0.8959352374076843,0.8274626135826111,0.8059473037719727,0.2399625927209854,0.47908157110214233
0.989521861076355,0.8477140665054321,0.9369266629219055,0.9819610118865967,0.7732444405555725,0.990385890007019
0.9565354585647583,0.5324592590332031,0.5821966528892517,0.9103268980979919,0.27681994438171387,0.2736688554286957
0.9933211803436279,0.7694157361984253,0.8252394199371338,0.9820149540901184,0.5328262448310852,0.8662513494491577
0.9651541709899902,0.9387062788009644,0.9558755159378052,0.9766029119491577,0.33290281891822815,0.6826342344284058
0.9845067262649536,0.7153621315956116,0.9175485372543335,0.9139028191566467,0.7706636190414429,0.9251420497894287
0.9798887968063354,0.881292998790741,0.9234553575515747,0.9132025241851807,0.5820481777191162,0.884735643863678
0.98042231798172,0.832691490650177,0.9775441288948059,0.9107625484466553,0.5774217844009399,0.9477278590202332
0.9935197830200195,0.9644470810890198,0.9813902974128723,0.9822479486465454,0.8342986106872559,0.9607250690460205
0.9932587742805481,0.9682616591453552,0.912138819694519,0.9593294858932495,0.8283542394638062,0.9261786937713623
0.9445585608482361,0.570705235004425,0.7500638961791992,0.8199040293693542,0.27203258872032166,0.8296040892601013
0.876570463180542,0.675306499004364,0.49557358026504517,0.5747315883636475,0.009739914909005165,0.15543122589588165
0.9314786195755005,0.9343151450157166,0.5653038620948792,0.6963849663734436,0.21947164833545685,0.40880510210990906
0.9950120449066162,0.753113329410553,0.905559241771698,0.9425370097160339,0.6662404537200928,0.8147287368774414
0.95271235704422,0.9623301029205322,0.9335188269615173,0.5785653591156006,0.18024946749210358,0.4830194115638733
0.9756151437759399,0.8845991492271423,0.9674419164657593,0.959067702293396,0.7484815716743469,0.967461884021759
0.8314787745475769,0.7818523645401001,0.21228641271591187,0.581809401512146,0.16852886974811554,0.921960711479187
0.9944342970848083,0.821346640586853,0.9681029915809631,0.9803640246391296,0.634539008140564,0.9313673377037048
0.9347103238105774,0.9125868082046509,0.8420013189315796,0.9438621401786804,0.5961380004882812,0.9244741797447205
0.9672220945358276,0.9292649626731873,0.9498857259750366,0.9185877442359924,0.5278488993644714,0.8246882557868958
0.8831035494804382,0.8079809546470642,0.3110068142414093,0.6720487475395203,0.18623311817646027,0.9469667077064514
0.8922494649887085,0.773514986038208,0.6436029076576233,0.5439910292625427,0.49775630235671997,0.4800548553466797
0.9785703420639038,0.662819504737854,0.912629246711731,0.7458611130714417,0.32358330488204956,0.938023567199707
0.8745512962341309,0.6233161091804504,0.5832938551902771,0.7365201711654663,0.4586268961429596,0.791868269443512
0.5191243290901184,0.3872252404689789,0.24546055495738983,0.4017745852470398,0.1984926164150238,0.35939785838127136
0.99457848072052,0.9679057002067566,0.9662772417068481,0.9847056865692139,0.8433023691177368,0.7157403826713562
0.9828550219535828,0.9466452598571777,0.8877117037773132,0.9899319410324097,0.01570216938853264,0.7060138583183289
0.965449869632721,0.9283227920532227,0.9061477184295654,0.7411854863166809,0.22201338410377502,0.039926398545503616
0.8970693945884705,0.4540238678455353,0.3078802525997162,0.37635111808776855,0.12980489432811737,0.34968820214271545
0.9951940178871155,0.8625436425209045,0.8816109299659729,0.9312644004821777,0.7904228568077087,0.9736111164093018
0.9625160098075867,0.9524204134941101,0.8630039691925049,0.897286593914032,0.5171396136283875,0.24955593049526215
0.9366809129714966,0.8183090090751648,0.8754268884658813,0.7870389223098755,0.4600655138492584,0.7743455767631531
0.8822004795074463,0.5272716879844666,0.4539029002189636,0.6343994140625,0.08129415661096573,0.8617881536483765
0.9787599444389343,0.9829520583152771,0.9932229518890381,0.9834654331207275,0.5824074745178223,0.9823044538497925
0.5115843415260315,0.4625113010406494,0.2776919901371002,0.3516938090324402,0.16005279123783112,0.4517883360385895
0.9405229091644287,0.9033699631690979,0.9205414652824402,0.9589275121688843,0.6833181977272034,0.9337009191513062
0.8023385405540466,0.5443206429481506,0.45790210366249084,0.6822765469551086,0.3610273003578186,0.651827871799469
0.7237401008605957,0.5784881711006165,0.5020439624786377,0.6619179844856262,0.2997475862503052,0.5459422469139099
0.7843953967094421,0.4523223042488098,0.2465839684009552,0.3525954782962799,0.9021984338760376,0.19636617600917816
0.9286666512489319,0.7571563124656677,0.7477596402168274,0.7299267053604126,0.43275687098503113,0.6338385343551636
0.9756963849067688,0.912972092628479,0.9731541275978088,0.980166494846344,0.87774258852005,0.9398669600486755
0.9622740149497986,0.7494379281997681,0.8318884372711182,0.931762158870697,0.5185472965240479,0.7822495102882385
0.8127343058586121,0.4988636374473572,0.25802892446517944,0.2354879528284073,0.03737266734242439,0.14603739976882935
0.9682930707931519,0.960044801235199,0.8217073678970337,0.6883475184440613,0.4414854645729065,0.405233770608902
0.8872169256210327,0.598410427570343,0.6599346995353699,0.6865021586418152,0.18635037541389465,0.5528852939605713
0.9794953465461731,0.8059617877006531,0.9290270209312439,0.9716765284538269,0.7934532761573792,0.9596864581108093
0.8930887579917908,0.7694048285484314,0.8959586024284363,0.7645778059959412,0.48005780577659607,0.6904440522193909
0.9210275411605835,0.4888679087162018,0.6567751169204712,0.5326136946678162,0.265597939491272,0.5801213979721069
0.9417705535888672,0.515913724899292,0.7108250260353088,0.41802945733070374,0.5280624628067017,0.4865102767944336
0.859999418258667,0.5891021490097046,0.5224917531013489,0.8372894525527954,0.4012914001941681,0.7072135210037231
0.8982291221618652,0.9219779968261719,0.7892459034919739,0.6507695913314819,0.5242137908935547,0.42100226879119873
0.9958230257034302,0.9644007086753845,0.9086426496505737,0.9720292091369629,0.8108513355255127,0.9846591353416443
0.9830278158187866,0.8633239269256592,0.7574893832206726,0.7277160882949829,0.2110118716955185,0.45215603709220886
0.4854041635990143,0.2749170958995819,0.24297000467777252,0.4276401102542877,0.14510054886341095,0.29945623874664307
0.850827157497406,0.7383372187614441,0.6462827920913696,0.8246458768844604,0.5287325978279114,0.6082217693328857
0.987304151058197,0.8085545301437378,0.9479153156280518,0.9265974760055542,0.8129905462265015,0.8748935461044312
0.8451130390167236,0.418895959854126,0.486686646938324,0.6608030200004578,0.7771231532096863,0.14404815435409546
0.9837451577186584,0.7567169070243835,0.6589921712875366,0.6780194640159607,0.3749232292175293,0.7483277320861816
0.9817075133323669,0.8473333120346069,0.895846962928772,0.8124212026596069,0.36919134855270386,0.8318060040473938
0.44186270236968994,0.17426389455795288,0.37421146035194397,0.37303659319877625,0.274058073759079,0.01435527577996254
0.006717974320054054,0.0054232655093073845,0.043034788221120834,0.00848583783954382,0.07843728363513947,0.11880413442850113
0.32021138072013855,0.3425726890563965,0.2726914882659912,0.37407562136650085,0.18781153857707977,0.4481618404388428
0.8023385405540466,0.5443206429481506,0.45790210366249084,0.6822765469551086,0.3610273003578186,0.651827871799469
0.9800069332122803,0.8197422027587891,0.8528896570205688,0.7811524868011475,0.40805214643478394,0.9227762222290039
0.71664959192276,0.647760808467865,0.4036608338356018,0.5745688080787659,0.4705660045146942,0.5938048958778381
0.6048980951309204,0.31168586015701294,0.17156311869621277,0.15668895840644836,0.9115955233573914,0.0839531347155571
0.8989022374153137,0.6497721076011658,0.6502981185913086,0.6838919520378113,0.30327340960502625,0.5926169753074646
0.8630097508430481,0.4472145736217499,0.5889706611633301,0.9404345154762268,0.5367286801338196,0.9428494572639465
0.9182342886924744,0.6068592071533203,0.8199197053909302,0.8016963005065918,0.403823584318161,0.7547906637191772
0.9862796068191528,0.8166007995605469,0.8573428392410278,0.9623821377754211,0.5941062569618225,0.7576104998588562
0.9830614328384399,0.886616051197052,0.9260028004646301,0.9034866094589233,0.9405935406684875,0.8592854738235474
0.6796373724937439,0.1751123070716858,0.07096182554960251,0.24428141117095947,0.014931030571460724,0.13936661183834076
0.9756392240524292,0.9236964583396912,0.8923812508583069,0.7599324584007263,0.8965932130813599,0.9483826756477356
0.9930774569511414,0.43761271238327026,0.4103147089481354,0.5993526577949524,0.5502793788909912,0.409185528755188
0.9752679467201233,0.9494654536247253,0.8221237063407898,0.9366114139556885,0.38165977597236633,0.9431734681129456
0.9902923703193665,0.9672090411186218,0.9735559225082397,0.9344556927680969,0.03571068495512009,0.999832808971405
0.979351818561554,0.8446249961853027,0.9781683683395386,0.9676945209503174,0.6183657646179199,0.8065593838691711
0.9017671346664429,0.8199511766433716,0.8443353772163391,0.9130708575248718,0.6083723306655884,0.6235293745994568
0.9449770450592041,0.8158263564109802,0.8568132519721985,0.7364630103111267,0.46541664004325867,0.20838430523872375
0.9819574356079102,0.7972192764282227,0.9030938148498535,0.8756341934204102,0.7552028298377991,0.9161178469657898
0.9940226078033447,0.8557475805282593,0.9912576079368591,0.8541513085365295,0.7511178255081177,0.7786038517951965
0.9572479128837585,0.8968409895896912,0.8410113453865051,0.8694828152656555,0.43590453267097473,0.7528029084205627
0.7938827276229858,0.385824590921402,0.8575045466423035,0.8195783495903015,0.42079707980155945,0.8450314402580261
0.638046383857727,0.7512158155441284,0.6566216349601746,0.7167643308639526,0.3503122925758362,0.17489151656627655
0.8659292459487915,0.6559222936630249,0.5996698141098022,0.7171974778175354,0.557587206363678,0.7513549327850342
0.3428879380226135,0.23866456747055054,0.08623897284269333,0.15318234264850616,0.12427479773759842,0.08634307980537415
0.9510568976402283,0.5820107460021973,0.27414652705192566,0.8109830617904663,0.2623254954814911,0.45866334438323975
0.5307673215866089,0.4243176579475403,0.49005386233329773,0.6238514184951782,0.48826926946640015,0.5455529689788818
0.7877392768859863,0.45050427317619324,0.37511926889419556,0.4423767626285553,0.4251413941383362,0.9044929146766663
0.9814945459365845,0.8641209602355957,0.8802897930145264,0.8905171751976013,0.44227370619773865,0.8616381883621216
0.790859043598175,0.5202796459197998,0.4325578808784485,0.42295703291893005,0.28788477182388306,0.9936776757240295
0.9527273178100586,0.886306643486023,0.7563616037368774,0.7704133987426758,0.22719810903072357,0.6757522821426392
0.9818050861358643,0.9054003953933716,0.9739176630973816,0.8288196325302124,0.5830692052841187,0.8260582685470581
0.9621002078056335,0.7315249443054199,0.8282151818275452,0.8833394646644592,0.617316722869873,0.6879387497901917
0.9816403388977051,0.8661447763442993,0.8544929623603821,0.8570475578308105,0.8260060548782349,0.7873220443725586
0.9796692132949829,0.8859405517578125,0.9760039448738098,0.9101443290710449,0.2853221297264099,0.9678506255149841
0.7338258028030396,0.4830097556114197,0.3548748791217804,0.3496498465538025,0.3498462438583374,0.15233418345451355
0.9198169112205505,0.8916645050048828,0.4148675799369812,0.29069262742996216,0.40886929631233215,0.4117256700992584
0.9302939176559448,0.7693654894828796,0.5944914221763611,0.7872130870819092,0.47960665822029114,0.8487014174461365
0.8908032774925232,0.7959392070770264,0.19437097012996674,0.7091896533966064,0.1851256787776947,0.9318742752075195
0.9628197550773621,0.6124301552772522,0.6306458711624146,0.7170991897583008,0.42874598503112793,0.47733983397483826
0.9349532723426819,0.7011454105377197,0.7401698231697083,0.8344886302947998,0.5324724316596985,0.7866591215133667
0.29260000586509705,0.057556215673685074,0.07166857272386551,0.38350823521614075,0.04696357250213623,0.026271697133779526
0.9302939176559448,0.7693654894828796,0.5944914221763611,0.7872130870819092,0.47960665822029114,0.8487014174461365
0.938234269618988,0.7280682325363159,0.9129761457443237,0.9224393963813782,0.618830144405365,0.6799473762512207
0.9755699634552002,0.7572115063667297,0.6678394079208374,0.9200760722160339,0.353039026260376,0.8005893230438232
0.7830412983894348,0.619127631187439,0.6347253322601318,0.6003749370574951,0.3821389973163605,0.9825863242149353
0.9163685441017151,0.625709056854248,0.72464919090271,0.7408630847930908,0.759515643119812,0.37220653891563416
0.9862678050994873,0.7995781302452087,0.8667736053466797,0.8990174531936646,0.5921120643615723,0.6397593021392822
0.9020059704780579,0.8474711179733276,0.6731764078140259,0.626053512096405,0.4817063510417938,0.6219453811645508
0.43192633986473083,0.3285497725009918,0.2622734308242798,0.5690418481826782,0.005618278868496418,0.3301851153373718
0.9566450715065002,0.7147322297096252,0.5907239317893982,0.9223775863647461,0.6406311988830566,0.8195096254348755
0.3376881182193756,0.19358879327774048,0.11563301086425781,0.18240484595298767,0.0742378756403923,0.04374268651008606
0.9799456000328064,0.8343886733055115,0.943976640701294,0.9621034264564514,0.7147851586341858,0.9782623052597046
0.9705946445465088,0.9498332738876343,0.921363115310669,0.9321582913398743,0.5701783299446106,0.8557450771331787
0.9044108986854553,0.5213804841041565,0.6529279947280884,0.5033207535743713,0.28882500529289246,0.5122989416122437
0.9886137247085571,0.9582055807113647,0.9079201817512512,0.9395537376403809,0.7630545496940613,0.9502970576286316
0.9832272529602051,0.9094219207763672,0.9886232614517212,0.40520593523979187,0.05351652577519417,0.003770710900425911
0.8955749273300171,0.4797900915145874,0.32598188519477844,0.5499719977378845,0.5549020171165466,0.356007844209671
0.9925040006637573,0.9895942211151123,0.8119040727615356,0.9700906872749329,0.1072138324379921,0.6595727205276489
0.5428016185760498,0.7130128145217896,0.6953855752944946,0.7412668466567993,0.3379465639591217,0.39337092638015747
0.8721943497657776,0.4998214542865753,0.43912026286125183,0.6579591631889343,0.8038192391395569,0.44540801644325256
0.7869577407836914,0.7314572930335999,0.9951289296150208,0.7094597220420837,0.21999631822109222,0.3351851999759674
0.9241230487823486,0.4640653431415558,0.538126528263092,0.6110134720802307,0.37032392621040344,0.4306910037994385
0.9639558792114258,0.9069236516952515,0.9498483538627625,0.9250881671905518,0.6942625641822815,0.926284670829773
0.88783198595047,0.5601711273193359,0.7382115125656128,0.803991973400116,0.5022352337837219,0.23370647430419922
0.7976956367492676,0.8841811418533325,0.6722368001937866,0.7043485641479492,0.06364143639802933,0.7206353545188904
0.8741216659545898,0.4549989104270935,0.40864476561546326,0.7384265065193176,0.5574756860733032,0.6577278971672058
0.9582632780075073,0.5723223686218262,0.5136982798576355,0.651110827922821,0.3624767065048218,0.9249523878097534
0.9592207074165344,0.8211301565170288,0.5677043795585632,0.564056932926178,0.48125749826431274,0.5239225029945374
0.9485611319541931,0.5412471294403076,0.856339693069458,0.7698798179626465,0.3778713643550873,0.20912782847881317
0.4285424053668976,0.21754610538482666,0.26057755947113037,0.19386222958564758,0.7883567214012146,0.015148211270570755
0.9181156158447266,0.7069341540336609,0.8140625953674316,0.922172486782074,0.6447827816009521,0.9335218071937561
0.9267112612724304,0.8632044196128845,0.6668237447738647,0.8770067095756531,0.6197168827056885,0.8350494503974915
0.8388648629188538,0.3738662898540497,0.5594179630279541,0.6999024152755737,0.6862227320671082,0.19172723591327667
0.9578198194503784,0.839643657207489,0.9582772254943848,0.9607918858528137,0.8826817870140076,0.8190933465957642
0.816506564617157,0.5635921359062195,0.6508710384368896,0.9425493478775024,0.6198533773422241,0.6869753003120422
0.164717897772789,0.33949539065361023,0.1909766048192978,0.2929389178752899,0.7084209322929382,0.055665064603090286
0.6962714791297913,0.43786758184432983,0.3221910297870636,0.5203117728233337,0.3336296081542969,0.4414488673210144
0.9945706129074097,0.9002507328987122,0.8634623885154724,0.9295768141746521,0.1568334400653839,0.7332488298416138
0.18418805301189423,0.24517479538917542,0.13897919654846191,0.08787858486175537,0.029986528679728508,0.0679503083229065
0.7438454627990723,0.4392080307006836,0.2459321916103363,0.4393530786037445,0.20949286222457886,0.5599537491798401
0.8479017019271851,0.27784794569015503,0.7889049649238586,0.9390283823013306,0.13418807089328766,0.9904403686523438
0.8303992748260498,0.7050737142562866,0.6355257630348206,0.7335373759269714,0.22937142848968506,0.9222761988639832
0.9538133144378662,0.5248818397521973,0.6294102668762207,0.6727249026298523,0.34234628081321716,0.6741407513618469
0.9643349051475525,0.8365041017532349,0.8312398791313171,0.8232892155647278,0.6728427410125732,0.7014998197555542
0.5086026787757874,0.5321532487869263,0.7055816054344177,0.27948233485221863,0.04267735779285431,0.006748210173100233
0.8920266628265381,0.8897278904914856,0.8546830415725708,0.8210709095001221,0.701654314994812,0.29539957642555237
0.4312204122543335,0.6238555908203125,0.28440552949905396,0.21165591478347778,0.12642380595207214,0.0006718230433762074
0.6750195622444153,0.6515073776245117,0.7094324827194214,0.6990985870361328,0.45819389820098877,0.21807906031608582
0.8817431926727295,0.5984222888946533,0.8147738575935364,0.759463906288147,0.23602119088172913,0.2763485610485077
0.7963284254074097,0.7477368712425232,0.3929387629032135,0.6623361110687256,0.3162292242050171,0.8336217999458313
0.902927577495575,0.943236231803894,0.9108742475509644,0.8807103633880615,0.8810601234436035,0.5143786668777466
0.894196629524231,0.750569760799408,0.6531010270118713,0.7834998965263367,0.43529075384140015,0.6614778637886047
0.9932550191879272,0.7681296467781067,0.849958062171936,0.9221836924552917,0.4925820231437683,0.8610113263130188
0.9282848238945007,0.8041267395019531,0.6266281008720398,0.7382535338401794,0.3455115258693695,0.9183130860328674
0.468919575214386,0.39006170630455017,0.2973887622356415,0.3469831049442291,0.2337043583393097,0.4867674708366394
0.7135567665100098,0.48586198687553406,0.3715665638446808,0.3632035553455353,0.33385977149009705,0.22443756461143494
0.9601414203643799,0.8107139468193054,0.8830082416534424,0.8728460073471069,0.6485699415206909,0.7333412766456604
0.9959260821342468,0.7343243956565857,0.8333262801170349,0.9758822917938232,0.61765056848526,0.8380376696586609
0.9397370219230652,0.7291468977928162,0.8224000930786133,0.8906619548797607,0.46045124530792236,0.91927170753479
0.8472545742988586,0.5478448867797852,0.504109799861908,0.7989122271537781,0.4603690505027771,0.7320942878723145
0.9664399027824402,0.9705508947372437,0.9374018907546997,0.7226648330688477,0.21008317172527313,0.5424855351448059
0.9148254990577698,0.8299792408943176,0.9726390838623047,0.993012547492981,0.5799807906150818,0.9958505630493164
0.8410648107528687,0.7617418169975281,0.5990591645240784,0.7658336162567139,0.4004288613796234,0.8442074656486511
0.9824670553207397,0.9299474954605103,0.9141514897346497,0.9603138566017151,0.6380714774131775,0.9160932302474976
0.9447886347770691,0.9247474074363708,0.6878106594085693,0.8783750534057617,0.5159756541252136,0.8526804447174072
0.9098673462867737,0.6474243402481079,0.9408206939697266,0.5978554487228394,0.4621204137802124,0.4189133644104004
0.5364773869514465,0.6020606756210327,0.23008576035499573,0.19509190320968628,0.07648414373397827,0.011743873357772827
0.9778254628181458,0.7201566696166992,0.8193167448043823,0.9445931315422058,0.5578063130378723,0.9578903913497925
0.9944363832473755,0.9375388026237488,0.9809049367904663,0.9814735651016235,0.8786176443099976,0.9345867037773132
0.9876067042350769,0.9418264031410217,0.852360725402832,0.8518515229225159,0.555908739566803,0.7965542078018188
0.8363520503044128,0.8372222781181335,0.6091987490653992,0.8245946764945984,0.599249005317688,0.7785981893539429
0.9303334951400757,0.9576881527900696,0.7656208872795105,0.24422231316566467,0.5057096481323242,0.05981070548295975
0.8841105103492737,0.19536322355270386,0.12674634158611298,0.3048005700111389,0.10009892284870148,0.2572372555732727
0.9837717413902283,0.9740126729011536,0.9175412058830261,0.5275928974151611,0.010243825614452362,0.7709047794342041
0.8315744996070862,0.7782863974571228,0.6020941138267517,0.6192753911018372,0.18312621116638184,0.8913533687591553
0.9731409549713135,0.643996000289917,0.8973235487937927,0.9161738157272339,0.7656763792037964,0.9264493584632874
0.5663546323776245,0.30663564801216125,0.24133768677711487,0.286502867937088,0.17167268693447113,0.3289363980293274
0.9753672480583191,0.7207891941070557,0.8830426335334778,0.9718015789985657,0.6539133191108704,0.9720977544784546
0.8530827164649963,0.4302045702934265,0.3856010138988495,0.5999049544334412,0.7929747700691223,0.42406439781188965
0.7213193774223328,0.4011898934841156,0.4099889099597931,0.5739896893501282,0.14099955558776855,0.5991722345352173
0.976067066192627,0.9327458143234253,0.9405837655067444,0.8873702883720398,0.8366068601608276,0.9212059378623962
0.8850951790809631,0.8193743824958801,0.310741126537323,0.7268701195716858,0.13971851766109467,0.8946697115898132
0.42907676100730896,0.28879693150520325,0.12989762425422668,0.2648704946041107,0.134406179189682,0.21593713760375977
0.8317678570747375,0.6513619422912598,0.4615873694419861,0.4708893895149231,0.39478835463523865,0.013303347863256931
0.8893335461616516,0.6143448948860168,0.820777416229248,0.8149126172065735,0.5205144286155701,0.9177311062812805
0.9470484256744385,0.3335251212120056,0.47870898246765137,0.519214928150177,0.3036305904388428,0.6296299695968628
0.9749870896339417,0.9696798920631409,0.9280877113342285,0.9217485189437866,0.55129075050354,0.8525717854499817
0.6213204860687256,0.3321896195411682,0.4935416281223297,0.6626336574554443,0.3447808027267456,0.7389635443687439
0.9089445471763611,0.8724982738494873,0.6280324459075928,0.8042201995849609,0.4298282861709595,0.21955141425132751
0.9393247365951538,0.9132655262947083,0.7509474754333496,0.7783806324005127,0.5460075736045837,0.7228868007659912
0.978869616985321,0.649014949798584,0.7937473654747009,0.7532628178596497,0.4382845461368561,0.4622240662574768
0.8272480368614197,0.6999411582946777,0.626891553401947,0.7282916903495789,0.22514615952968597,0.9219333529472351
0.9875034093856812,0.6821238994598389,0.7062603831291199,0.8419727087020874,0.5625184178352356,0.7999608516693115
0.9779365062713623,0.9092667102813721,0.9001539945602417,0.8222679495811462,0.751044750213623,0.08005564659833908
0.9583132863044739,0.8603273630142212,0.9214034676551819,0.940130889415741,0.7423000931739807,0.9133144021034241
0.8924126625061035,0.8598288893699646,0.4167943298816681,0.47814762592315674,0.23085162043571472,0.5872817635536194
0.8444778323173523,0.8496513366699219,0.319454550743103,0.7026313543319702,0.1962224543094635,0.8823752999305725
0.900675356388092,0.5896335244178772,0.6339179873466492,0.791805624961853,0.27090391516685486,0.728808581829071
0.9137839674949646,0.6832430362701416,0.707310676574707,0.8216603398323059,0.36251190304756165,0.6377367377281189
0.8091636896133423,0.8365423083305359,0.9950575828552246,0.7016516923904419,0.11434649676084518,0.45187848806381226
0.9688733816146851,0.7990882396697998,0.8296201229095459,0.8647744655609131,0.49923616647720337,0.8179671168327332
0.9823516607284546,0.7569536566734314,0.495278537273407,0.6417531967163086,0.4431920051574707,0.6691295504570007
0.9299134016036987,0.625294029712677,0.4017331004142761,0.7450660467147827,0.4222431480884552,0.5927243828773499
0.44562992453575134,0.6060720682144165,0.6179806590080261,0.773927628993988,0.3667783737182617,0.25968044996261597
0.9282848238945007,0.8041267395019531,0.6266281008720398,0.7382535338401794,0.3455115258693695,0.9183130860328674
0.8739908337593079,0.5208114385604858,0.8770577907562256,0.7801783680915833,0.5200434923171997,0.4533996880054474
0.9161969423294067,0.858502209186554,0.8666600584983826,0.8187558054924011,0.631866455078125,0.9179310202598572
0.8553969860076904,0.2525586187839508,0.2568889260292053,0.39006128907203674,0.3503841459751129,0.5599303841590881
0.8105688095092773,0.6883086562156677,0.6090238690376282,0.7167462110519409,0.2129202038049698,0.9097135663032532
0.9525707364082336,0.8886169791221619,0.8198713660240173,0.6920198202133179,0.6495967507362366,0.24722415208816528
0.7856173515319824,0.6170832514762878,0.6003625392913818,0.7463503479957581,0.3699563443660736,0.47433167695999146
0.9844256043434143,0.7902750372886658,0.9430546760559082,0.9602536559104919,0.6698426008224487,0.9364042282104492
0.9858160018920898,0.5044747591018677,0.5978744029998779,0.8126302361488342,0.6782692670822144,0.7941499948501587
0.9836146235466003,0.8504012227058411,0.7283079624176025,0.7906283140182495,0.8628944754600525,0.8574966192245483
0.7599788904190063,0.8289090394973755,0.35828036069869995,0.748417854309082,0.17336168885231018,0.9579280614852905
0.6547813415527344,0.5238680839538574,0.3374658524990082,0.4645410180091858,0.008618667721748352,0.08262328803539276
0.9800069332122803,0.8197422027587891,0.8528896570205688,0.7811524868011475,0.40805214643478394,0.9227762222290039
0.6326614022254944,0.2667292058467865,0.22499707341194153,0.9247450232505798,0.34793731570243835,0.3072814345359802
0.9439197778701782,0.8467944264411926,0.9495273232460022,0.970687210559845,0.6746063828468323,0.975713849067688
0.8979442715644836,0.8714839220046997,0.7776814103126526,0.7868688106536865,0.5182161927223206,0.8787908554077148
0.9256683588027954,0.8805128335952759,0.859740138053894,0.901035726070404,0.7749246954917908,0.9943988919258118
0.96793532371521,0.4954555034637451,0.7823541760444641,0.8521750569343567,0.7052531838417053,0.7372485995292664
0.8848625421524048,0.7306235432624817,0.9414494037628174,0.9238370060920715,0.1021237000823021,0.5236010551452637
0.678840696811676,0.48897215723991394,0.6996983289718628,0.8073827624320984,0.5784552693367004,0.5082765221595764
0.9890532493591309,0.829075813293457,0.9105826020240784,0.9819380640983582,0.2067740559577942,0.9042696952819824
0.8656418919563293,0.629833459854126,0.6294329762458801,0.7850953340530396,0.3170185089111328,0.24118594825267792
0.8292189836502075,0.699038565158844,0.7300208806991577,0.7401561141014099,0.3704906702041626,0.8352196216583252
0.8023385405540466,0.5443206429481506,0.45790210366249084,0.6822765469551086,0.3610273003578186,0.651827871799469
0.9538694620132446,0.9658626914024353,0.9514392018318176,0.7766591906547546,0.5747478008270264,0.8525444269180298
0.9285139441490173,0.7858853936195374,0.8989769816398621,0.9014094471931458,0.5961185097694397,0.701211154460907
0.9487205147743225,0.8505398631095886,0.8688703775405884,0.9144895076751709,0.6216761469841003,0.9291706681251526
0.5951745510101318,0.4483785033226013,0.2179524153470993,0.4437197148799896,0.149931862950325,0.7179134488105774
0.9459267258644104,0.8275133967399597,0.4265315532684326,0.5720062851905823,0.4131597876548767,0.27875134348869324
0.9552881121635437,0.583625853061676,0.7841758728027344,0.857069194316864,0.541718602180481,0.9504134058952332
0.9720194339752197,0.9825184345245361,0.44425168633461,0.35360488295555115,0.6538529992103577,0.1202726885676384
0.9534280300140381,0.756146252155304,0.896979570388794,0.8441033363342285,0.2779991030693054,0.9730648994445801
0.9514709711074829,0.842877984046936,0.8678327798843384,0.9096805453300476,0.6139777898788452,0.8717707395553589
0.6993202567100525,0.3110358715057373,0.778117835521698,0.7381415367126465,0.22298409044742584,0.9786456823348999
0.9541341066360474,0.5736502408981323,0.8837331533432007,0.7883853912353516,0.719429075717926,0.8456568717956543
0.9898222088813782,0.9758694767951965,0.8657719492912292,0.9268786311149597,0.5528053641319275,0.8755543828010559
0.8023385405540466,0.5443206429481506,0.45790210366249084,0.6822765469551086,0.3610273003578186,0.651827871799469
0.9619827270507812,0.7910023331642151,0.6631297469139099,0.7655448317527771,0.27568909525871277,0.8135508894920349
0.547542154788971,0.3794722259044647,0.15097524225711823,0.42067912220954895,0.1568589061498642,0.1954193413257599
0.9870356917381287,0.8803106546401978,0.9251843690872192,0.9172126054763794,0.6637862324714661,0.9934914708137512
0.9908666610717773,0.9888413548469543,0.9858226180076599,0.9795850515365601,0.971605658531189,0.9834759831428528
0.9276015758514404,0.907666027545929,0.6743500828742981,0.5392844080924988,0.7382515072822571,0.17882157862186432
0.9599142670631409,0.9241700172424316,0.9671880602836609,0.961112916469574,0.6591981053352356,0.9673157930374146
0.9806435704231262,0.9764806032180786,0.8748815059661865,0.7506296038627625,0.04190010949969292,0.5899444222450256
0.9741954803466797,0.7149803042411804,0.7395016551017761,0.6808374524116516,0.5433849692344666,0.748362123966217
0.8770942091941833,0.5656221508979797,0.7643714547157288,0.5450480580329895,0.45585355162620544,0.26558810472488403
0.9775131344795227,0.8377346396446228,0.9351884722709656,0.8701412081718445,0.7825008034706116,0.9451053142547607
0.9458692669868469,0.993979811668396,0.8440444469451904,0.48640677332878113,0.09932124614715576,0.14628098905086517
0.9856756329536438,0.9406347274780273,0.9253963232040405,0.9279915690422058,0.8955385088920593,0.9559996724128723
0.677039623260498,0.6506257653236389,0.5445894598960876,0.661332368850708,0.4460868239402771,0.47766512632369995
0.3914547562599182,0.2566971778869629,0.11130973696708679,0.10985393077135086,0.14015479385852814,0.0501897931098938
0.9550283551216125,0.8995728492736816,0.934455931186676,0.962365448474884,0.7758036255836487,0.8722820281982422
0.987005352973938,0.9378883242607117,0.8839593529701233,0.8667214512825012,0.33587899804115295,0.8528246283531189
0.34881407022476196,0.3011730909347534,0.2295342981815338,0.37571245431900024,0.2190786451101303,0.24519701302051544
0.8894851207733154,0.8154298663139343,0.6884688138961792,0.6454216241836548,0.5341157913208008,0.6669983267784119
0.9516521692276001,0.5463861227035522,0.6695456504821777,0.765887975692749,0.2511756718158722,0.6471527814865112
0.991629421710968,0.9299882054328918,0.9067639708518982,0.9005612730979919,0.7628476023674011,0.8981428146362305
0.9260022640228271,0.7086536288261414,0.588197648525238,0.7854411005973816,0.15956735610961914,0.664280891418457
0.8576223254203796,0.6767750978469849,0.6789237856864929,0.6050774455070496,0.3450058698654175,0.47736650705337524
0.7191345691680908,0.2862394154071808,0.19588825106620789,0.31350576877593994,0.3579247295856476,0.4412779211997986
0.9884231090545654,0.7483858466148376,0.9566783905029297,0.8353956937789917,0.42297983169555664,0.8494696617126465
0.9671359658241272,0.9174083471298218,0.875565767288208,0.84249347448349,0.4159521460533142,0.9524987936019897
0.811948299407959,0.7564542293548584,0.7918270230293274,0.9282152056694031,0.6925665140151978,0.8501085042953491
0.5525094866752625,0.4050610363483429,0.7765446901321411,0.6693240404129028,0.831166684627533,0.6961149573326111
0.9302939176559448,0.7693654894828796,0.5944914221763611,0.7872130870819092,0.47960665822029114,0.8487014174461365
0.971422553062439,0.9566933512687683,0.9123271703720093,0.9347941279411316,0.44141969084739685,0.799001157283783
0.972732424736023,0.8459407687187195,0.9203548431396484,0.957533061504364,0.5550858378410339,0.8220927715301514
0.9512705206871033,0.7129834890365601,0.7525395750999451,0.8560494780540466,0.5208921432495117,0.8137854337692261
0.9282848238945007,0.8041267395019531,0.6266281008720398,0.7382535338401794,0.3455115258693695,0.9183130860328674
0.982230544090271,0.9656317830085754,0.8713226914405823,0.9591978788375854,0.5915460586547852,0.9668499231338501
0.9792453050613403,0.9408276081085205,0.981306791305542,0.973750114440918,0.7654984593391418,0.951905369758606
0.7181463837623596,0.6098226308822632,0.40887102484703064,0.655364453792572,0.4659212529659271,0.9080620408058167
0.8123303055763245,0.9525419473648071,0.7354242205619812,0.7475121021270752,0.5381889343261719,0.29589346051216125
0.9598832726478577,0.4393949806690216,0.7219530344009399,0.8802515268325806,0.16165727376937866,0.8511038422584534
0.9876886606216431,0.7916516661643982,0.9947017431259155,0.9629018306732178,0.9184338450431824,0.9230503439903259
0.8365445733070374,0.4940698444843292,0.622471272945404,0.49162691831588745,0.2652318775653839,0.1719023436307907
0.9739249348640442,0.7672474980354309,0.5038013458251953,0.7717676758766174,0.5096297860145569,0.9417356252670288
0.925347089767456,0.6670160293579102,0.4038645625114441,0.7428194880485535,0.3934139609336853,0.6748872995376587
0.3206239938735962,0.4504152536392212,0.29895320534706116,0.3735319972038269,0.1774955540895462,0.16359283030033112
0.8299208879470825,0.5345212817192078,0.32804036140441895,0.427764892578125,0.9468799233436584,0.20288801193237305
0.8502135276794434,0.7674263715744019,0.3919527530670166,0.6937756538391113,0.178480863571167,0.9336028695106506
0.577390193939209,0.47030124068260193,0.357699453830719,0.48290544748306274,0.3999181091785431,0.13755343854427338
0.9725167155265808,0.7815138697624207,0.7706102728843689,0.830830991268158,0.6232962608337402,0.9425316452980042
0.9848700165748596,0.7729455828666687,0.7552682161331177,0.6879783272743225,0.6079051494598389,0.5407097935676575
0.8719601631164551,0.6002271175384521,0.7435096502304077,0.7930386662483215,0.9262864589691162,0.9487422108650208
0.5200644135475159,0.4206949770450592,0.2994484007358551,0.3322083055973053,0.5452097654342651,0.3695068359375
0.9302939176559448,0.7693654894828796,0.5944914221763611,0.7872130870819092,0.47960665822029114,0.8487014174461365
0.9615981578826904,0.9013774394989014,0.895048201084137,0.8930408954620361,0.7537013292312622,0.9341502785682678
0.6518772840499878,0.40566715598106384,0.4343905448913574,0.876335084438324,0.3325902819633484,0.01589883305132389
0.9302939176559448,0.7693654894828796,0.5944914221763611,0.7872130870819092,0.47960665822029114,0.8487014174461365
0.9817174673080444,0.7659696936607361,0.9310054779052734,0.9570707082748413,0.7480590343475342,0.9760410785675049
0.8023385405540466,0.5443206429481506,0.45790210366249084,0.6822765469551086,0.3610273003578186,0.651827871799469
0.965886116027832,0.8764512538909912,0.9478286504745483,0.785072922706604,0.21323487162590027,0.5325867533683777
0.9828848838806152,0.9932668209075928,0.9139901399612427,0.9925712943077087,0.15958832204341888,0.6161460876464844
0.7767307162284851,0.5702276229858398,0.4836503863334656,0.4154553711414337,0.1526641696691513,0.6400123834609985
0.6476507186889648,0.38233253359794617,0.7140226364135742,0.5909570455551147,0.46718931198120117,0.6172627210617065
0.7545859813690186,0.3983745276927948,0.48460081219673157,0.7841399312019348,0.16113336384296417,0.448047012090683
0.8413599729537964,0.6320182681083679,0.6094773411750793,0.810122549533844,0.523588240146637,0.6520737409591675
0.5504584312438965,0.3464469313621521,0.367890328168869,0.3797590434551239,0.08474308252334595,0.3772517442703247
0.6980673670768738,0.7313201427459717,0.7556940317153931,0.7123450040817261,0.6330843567848206,0.29717549681663513
0.9789666533470154,0.5974785089492798,0.8538176417350769,0.6447160243988037,0.22525306046009064,0.222182035446167
0.9380719661712646,0.5158845782279968,0.4407448172569275,0.6730397343635559,0.2849293649196625,0.42966410517692566
0.9976820945739746,0.9438226222991943,0.848914384841919,0.9482839703559875,0.6572275757789612,0.9394447207450867
0.9276478886604309,0.3056052327156067,0.23235295712947845,0.5686450004577637,0.17464040219783783,0.17856758832931519
0.8080287575721741,0.3930366039276123,0.310804158449173,0.534023642539978,0.19515229761600494,0.5764970183372498
0.8981077671051025,0.8703092932701111,0.8010977506637573,0.8241280317306519,0.30133965611457825,0.7493375539779663
0.9645352959632874,0.4213521182537079,0.7206512689590454,0.8547028303146362,0.1464705616235733,0.8354104161262512
0.8173199892044067,0.5368802547454834,0.7798107862472534,0.8246355652809143,0.5768858790397644,0.8526886701583862
0.9954708814620972,0.8090611100196838,0.9742296934127808,0.9833471775054932,0.7285707592964172,0.9322088956832886
0.6732119917869568,0.44608810544013977,0.4866596460342407,0.6996055245399475,0.344157874584198,0.4738606810569763
0.9612247347831726,0.9617213010787964,0.951181948184967,0.9665002226829529,0.8803445100784302,0.9966650009155273
0.9812644124031067,0.887872576713562,0.5400658249855042,0.3912260830402374,0.5246227979660034,0.035662904381752014
0.9265901446342468,0.5472708940505981,0.3745599687099457,0.5433984994888306,0.2750401198863983,0.5544406175613403
0.9629974961280823,0.914211094379425,0.8784896731376648,0.8544963002204895,0.5466699600219727,0.516801118850708
0.7663751840591431,0.6772434711456299,0.5857186913490295,0.5799024105072021,0.5373272895812988,0.4650196433067322
0.8913480639457703,0.738804817199707,0.8196790814399719,0.8538175225257874,0.5644083023071289,0.7827095985412598
0.11090981215238571,0.4035766124725342,0.03607913851737976,0.05039343237876892,0.02274196967482567,0.025222308933734894
0.5915029644966125,0.5482096672058105,0.2614392638206482,0.41443344950675964,0.15434536337852478,0.400492787361145
0.5152221918106079,0.7512807250022888,0.11796018481254578,0.11919013410806656,0.12066343426704407,0.05778657644987106
0.9344038963317871,0.7216519117355347,0.755782961845398,0.8051444292068481,0.820678174495697,0.7918047904968262
0.9898694753646851,0.810260534286499,0.9721555113792419,0.9349275827407837,0.9393783211708069,0.9636807441711426
0.9239398241043091,0.5388080477714539,0.22117625176906586,0.5169069170951843,0.37829330563545227,0.32833942770957947
0.948695719242096,0.8913305401802063,0.9971885085105896,0.9637247323989868,0.21176522970199585,0.45987585186958313
0.9833824634552002,0.9010069370269775,0.9199537634849548,0.9297407865524292,0.5461805462837219,0.8952769041061401
0.8249213099479675,0.39094895124435425,0.455411434173584,0.7828928828239441,0.3680357336997986,0.5075222849845886
0.8133143782615662,0.7638624906539917,0.5897969603538513,0.6459332704544067,0.2857183814048767,0.131631001830101
0.9282848238945007,0.8041267395019531,0.6266281008720398,0.7382535338401794,0.3455115258693695,0.9183130860328674
0.9934943318367004,0.769334614276886,0.9567010402679443,0.8293436765670776,0.38107573986053467,0.5058479309082031
0.6488438248634338,0.23386946320533752,0.281108021736145,0.3845442235469818,0.25484564900398254,0.11014030873775482
0.9282848238945007,0.8041267395019531,0.6266281008720398,0.7382535338401794,0.3455115258693695,0.9183130860328674
0.9915000200271606,0.9333741664886475,0.9406769275665283,0.8990451097488403,0.7105712890625,0.9734128713607788
0.9625407457351685,0.7578026056289673,0.9430605173110962,0.9634364247322083,0.562188446521759,0.9764153957366943
0.9302939176559448,0.7693654894828796,0.5944914221763611,0.7872130870819092,0.47960665822029114,0.8487014174461365
0.8806241154670715,0.6367211937904358,0.7598413825035095,0.6111215949058533,0.450288325548172,0.3925245702266693
0.8943920135498047,0.7048062086105347,0.9057568311691284,0.8494532704353333,0.81545490026474,0.7769826054573059
0.9619883894920349,0.798470139503479,0.8916902542114258,0.8969796299934387,0.4105497896671295,0.9865538477897644
0.5843517780303955,0.4478020668029785,0.21885628998279572,0.5632601380348206,0.21046984195709229,0.4484492242336273
0.9930227994918823,0.9804185628890991,0.8750391602516174,0.9173592925071716,0.6709778904914856,0.2493424117565155
0.7896777391433716,0.36665743589401245,0.5239158272743225,0.2986326217651367,0.09893681854009628,0.05230695754289627
0.7265048027038574,0.7522761225700378,0.6177684664726257,0.7372176647186279,0.7951126098632812,0.021303072571754456
0.994762122631073,0.9049883484840393,0.9365713000297546,0.9729223251342773,0.6428506970405579,0.9504358768463135
0.9282848238945007,0.8041267395019531,0.6266281008720398,0.7382535338401794,0.3455115258693695,0.9183130860328674
0.8052539825439453,0.6244797706604004,0.4030061364173889,0.6625800728797913,0.224739208817482,0.813120424747467
0.8023385405540466,0.5443206429481506,0.45790210366249084,0.6822765469551086,0.3610273003578186,0.651827871799469
0.9669042825698853,0.9601187109947205,0.7103075385093689,0.01829448901116848,0.0021572632249444723,0.16014589369297028
0.6368288397789001,0.3346928656101227,0.2732515335083008,0.5951413512229919,0.3902939558029175,0.04339180886745453
0.9176886081695557,0.5662215352058411,0.9890050292015076,0.808270275592804,0.5253744125366211,0.5462060570716858
0.8023385405540466,0.5443206429481506,0.45790210366249084,0.6822765469551086,0.3610273003578186,0.651827871799469
0.9841467142105103,0.938626229763031,0.9718925356864929,0.9655903577804565,0.8812100291252136,0.9150826334953308
0.9077256321907043,0.5819080471992493,0.6637594699859619,0.4824976623058319,0.9602317810058594,0.5524170398712158
0.9711809158325195,0.8369719386100769,0.9366440773010254,0.9679301381111145,0.6444563865661621,0.9365962743759155
0.833823561668396,0.7565637826919556,0.5336668491363525,0.4402707815170288,0.6336427927017212,0.07290740311145782
0.8961675763130188,0.8132033944129944,0.647858738899231,0.7212682962417603,0.5571175217628479,0.7332785129547119
0.9302939176559448,0.7693654894828796,0.5944914221763611,0.7872130870819092,0.47960665822029114,0.8487014174461365
0.9273940324783325,0.7473675608634949,0.7232047915458679,0.8245849609375,0.6659767627716064,0.7928024530410767
0.9771298766136169,0.8577669262886047,0.8304738402366638,0.9939448237419128,0.3023240566253662,0.6460555195808411
0.8589433431625366,0.8266113996505737,0.308785080909729,0.6254053115844727,0.18442074954509735,0.8973832130432129
0.9406210780143738,0.9356324076652527,0.481526255607605,0.5101093053817749,0.16745784878730774,0.14052820205688477
0.962904155254364,0.8098605275154114,0.886866569519043,0.8547459244728088,0.6267995834350586,0.8917163014411926
0.6530618667602539,0.1753024309873581,0.3878282904624939,0.5232939124107361,0.8261282444000244,0.9856972694396973
0.7748247981071472,0.6797091960906982,0.3688448369503021,0.42779919505119324,0.26207831501960754,0.47531959414482117
0.9506487250328064,0.8625403046607971,0.7782120704650879,0.9029052257537842,0.5966913104057312,0.8504194021224976
0.8044949769973755,0.6318030953407288,0.5266152024269104,0.5930039286613464,0.38344451785087585,0.5383504033088684
0.9327744841575623,0.4672214388847351,0.9031251668930054,0.9838195443153381,0.38150253891944885,0.3311193883419037
0.9436637163162231,0.7870895266532898,0.8595991730690002,0.8621443510055542,0.779059648513794,0.654193639755249
0.2278018444776535,0.2654343545436859,0.36310967803001404,0.4742535650730133,0.4407760798931122,0.3428671658039093
0.9770432710647583,0.6556679606437683,0.8985334038734436,0.9319093227386475,0.466449111700058,0.8450836539268494
0.9740913510322571,0.9769384264945984,0.5778700113296509,0.6600876450538635,0.9502699971199036,0.18582400679588318
0.9670748114585876,0.6539552211761475,0.7977959513664246,0.946057915687561,0.6620447635650635,0.8556132912635803
0.7460875511169434,0.5385243892669678,0.2665262222290039,0.3568846583366394,0.5893083810806274,0.845812976360321
0.48076507449150085,0.4736906588077545,0.49817341566085815,0.4202084541320801,0.17525728046894073,0.17545479536056519
0.8945267200469971,0.7058839797973633,0.9933476448059082,0.6794229745864868,0.06224191561341286,0.27609574794769287
0.9282848238945007,0.8041267395019531,0.6266281008720398,0.7382535338401794,0.3455115258693695,0.9183130860328674
0.7526612877845764,0.7872964143753052,0.37142691016197205,0.2689736783504486,0.023518405854701996,0.06833957135677338
0.04736095666885376,0.015018831007182598,0.011477275751531124,0.010783404111862183,0.0015573278069496155,0.003283333731815219
0.9465906023979187,0.8868408799171448,0.9401388168334961,0.8701996803283691,0.6568458676338196,0.8465642333030701
0.842727780342102,0.6537688374519348,0.5471091270446777,0.641232430934906,0.3581690788269043,0.4572686553001404
0.9682662487030029,0.9241359233856201,0.9079037308692932,0.9439480304718018,0.8621646165847778,0.8966371417045593
0.9827732443809509,0.9065450429916382,0.9677948355674744,0.95533686876297,0.7204853892326355,0.9153017997741699
0.9982001185417175,0.9734821319580078,0.89886075258255,0.8820051550865173,0.32170313596725464,0.908353865146637
0.9517849087715149,0.8400519490242004,0.9586848616600037,0.879891037940979,0.13930872082710266,0.9957076907157898
0.8400601148605347,0.6788450479507446,0.6380738615989685,0.8715431094169617,0.8069584369659424,0.6894521117210388
0.9988849759101868,0.8958324193954468,0.974841833114624,0.9948047995567322,0.9209770560264587,0.9957738518714905
0.9594327211380005,0.7941411733627319,0.8761860132217407,0.8314911723136902,0.7286545634269714,0.6346156597137451
0.9933739304542542,0.9742238521575928,0.9325434565544128,0.9772923588752747,0.9721329808235168,0.8545297980308533
0.7963189482688904,0.8880596160888672,0.5899333357810974,0.8246890306472778,0.7309020757675171,0.8048166632652283
0.9375721216201782,0.5284596681594849,0.5707752108573914,0.7485299110412598,0.6623407602310181,0.5219987630844116
0.9809311032295227,0.8408986926078796,0.41142529249191284,0.6956635117530823,0.3307867646217346,0.7930238842964172
0.9667803645133972,0.9912718534469604,0.9766780734062195,0.9236195087432861,0.05248214676976204,0.017494559288024902
0.9968452453613281,0.9950962066650391,0.9968390464782715,0.9949143528938293,0.9955363869667053,0.9942463636398315
0.9893051981925964,0.8597350120544434,0.9618977308273315,0.9537544250488281,0.7404260635375977,0.9265718460083008
0.7917900085449219,0.699587881565094,0.4617859125137329,0.5122196078300476,0.42365315556526184,0.3006132245063782
0.8448596000671387,0.7392903566360474,0.42242231965065,0.7765747904777527,0.3594752252101898,0.6296698451042175
0.9732127785682678,0.7757809162139893,0.8379973769187927,0.8443664312362671,0.4947325885295868,0.8723894953727722
0.9960553646087646,0.9731569886207581,0.9521607160568237,0.9619326591491699,0.9039974808692932,0.8752008080482483
0.9841597676277161,0.9445026516914368,0.7830548286437988,0.8988592624664307,0.6752939820289612,0.8377119898796082
0.6939598321914673,0.49672290682792664,0.6532666683197021,0.6468799114227295,0.25358712673187256,0.6425120234489441
0.8591333627700806,0.66916823387146,0.6268422603607178,0.7872055172920227,0.8532068729400635,0.8975456953048706
0.9979645013809204,0.8143087029457092,0.9373432397842407,0.9870446920394897,0.8272833824157715,0.9713705778121948
0.9822956919670105,0.840329110622406,0.8835290670394897,0.934891402721405,0.4535039961338043,0.9279649257659912
0.9422080516815186,0.7156054973602295,0.8162937760353088,0.7303875684738159,0.4825972318649292,0.40973347425460815
0.9503957629203796,0.8718271851539612,0.901207447052002,0.8898205161094666,0.586002767086029,0.8473936915397644
0.9909235239028931,0.8858250379562378,0.96152663230896,0.9353585839271545,0.9222802519798279,0.8238747715950012
0.900602400302887,0.8566758632659912,0.8190158009529114,0.8525352478027344,0.5807512998580933,0.768111526966095
0.34720858931541443,0.2284035086631775,0.17648237943649292,0.1465383917093277,0.3289221227169037,0.22390803694725037
0.9666346311569214,0.8220396637916565,0.5946534872055054,0.6255244612693787,0.34166115522384644,0.3569768965244293
0.9229816198348999,0.7674766182899475,0.7610164880752563,0.8931566476821899,0.6525527834892273,0.8670633435249329
0.9936604499816895,0.9740771651268005,0.9882816076278687,0.9862931966781616,0.9039126038551331,0.9968559741973877
0.9282848238945007,0.8041267395019531,0.6266281008720398,0.7382535338401794,0.3455115258693695,0.9183130860328674
0.9890865087509155,0.8856047987937927,0.7774164080619812,0.8673794269561768,0.8202812075614929,0.8376149535179138
0.7219591736793518,0.5472186207771301,0.40990856289863586,0.6799525022506714,0.22483092546463013,0.3108190596103668
0.7877742648124695,0.49587854743003845,0.6725099086761475,0.627534031867981,0.2562330663204193,0.285785049200058
0.9059788584709167,0.9872283935546875,0.7369064688682556,0.48690325021743774,0.04121710732579231,0.07341568171977997
0.9317771196365356,0.6627426147460938,0.6583338379859924,0.7086389660835266,0.4680311381816864,0.7757045030593872
0.9926376938819885,0.8779672980308533,0.9087240695953369,0.9243876934051514,0.5453482270240784,0.8816900253295898
0.9267190098762512,0.6241607666015625,0.6822212338447571,0.7490578293800354,0.3390224874019623,0.7722319960594177
0.9302939176559448,0.7693654894828796,0.5944914221763611,0.7872130870819092,0.47960665822029114,0.8487014174461365
0.9840433597564697,0.9144307374954224,0.8013143539428711,0.7673366665840149,0.8222881555557251,0.2926548421382904
0.90423583984375,0.9538711905479431,0.6026434898376465,0.29684847593307495,0.3345901072025299,0.06813445687294006
0.9943851828575134,0.9674415588378906,0.9514477252960205,0.9813260436058044,0.7186135649681091,0.9603766798973083
0.9413531422615051,0.5104633569717407,0.801138699054718,0.8995360732078552,0.4811178743839264,0.6263759732246399
0.97960364818573,0.8151613473892212,0.9250214099884033,0.9179844856262207,0.7256770730018616,0.9648124575614929
0.7528624534606934,0.5067248344421387,0.4100532829761505,0.45429274439811707,0.21521052718162537,0.26633507013320923
0.8634901642799377,0.7332537174224854,0.5471847057342529,0.6605153679847717,0.3760163486003876,0.7436439990997314
0.4500175714492798,0.34465670585632324,0.6796390414237976,0.9791232943534851,0.1647888720035553,0.5928223729133606
0.4372063875198364,0.5136335492134094,0.535210907459259,0.8181535005569458,0.8608097434043884,0.9266054630279541
0.8023385405540466,0.5443206429481506,0.45790210366249084,0.6822765469551086,0.3610273003578186,0.651827871799469
0.9445719718933105,0.8014402389526367,0.8696869015693665,0.9562640190124512,0.5020853281021118,0.9907019138336182
0.9184050559997559,0.90864497423172,0.6554345488548279,0.6538793444633484,0.4735012650489807,0.6322568655014038
0.8943960070610046,0.6306208372116089,0.6633548140525818,0.7149531245231628,0.26682180166244507,0.6273675560951233
0.8308306932449341,0.8077446818351746,0.8011153340339661,0.802911102771759,0.47274503111839294,0.671983540058136
0.9465307593345642,0.8285783529281616,0.8416076898574829,0.8153893947601318,0.4566096067428589,0.78798508644104
0.9479060769081116,0.8886904120445251,0.8485801219940186,0.877350926399231,0.5841983556747437,0.6543824672698975
0.9962676167488098,0.7583577632904053,0.8924539685249329,0.8835045695304871,0.06561549752950668,0.09157639741897583
0.982936680316925,0.8672224879264832,0.8620604276657104,0.9098625183105469,0.7800843715667725,0.8541963696479797
0.8783400058746338,0.5324477553367615,0.6166356205940247,0.7778205275535583,0.27468401193618774,0.9631971716880798
0.9636282324790955,0.755631148815155,0.8409189581871033,0.9148191809654236,0.4055692255496979,0.8701027631759644
0.8023385405540466,0.5443206429481506,0.45790210366249084,0.6822765469551086,0.3610273003578186,0.651827871799469
0.9609400033950806,0.35947152972221375,0.6739693284034729,0.7314345836639404,0.69654780626297,0.29141488671302795
0.8251011967658997,0.5842798352241516,0.6519689559936523,0.7495443224906921,0.4137720763683319,0.5840706825256348
0.9576159715652466,0.8437645435333252,0.8875730037689209,0.9876185655593872,0.7340855002403259,0.9727519154548645
0.9793403744697571,0.5803611874580383,0.39335405826568604,0.5487426519393921,0.4845595955848694,0.4836413860321045
0.9652172923088074,0.8618957996368408,0.8757189512252808,0.8382142186164856,0.6797996759414673,0.8134984374046326
0.8878135085105896,0.7872714400291443,0.7693107724189758,0.7954416275024414,0.7294320464134216,0.46927255392074585
0.1690908670425415,0.20454010367393494,0.034647341817617416,0.027865532785654068,0.01385860238224268,0.008745195344090462
0.9771956205368042,0.9665225148200989,0.672671914100647,0.8071970343589783,0.6714584231376648,0.7191768884658813
0.47891733050346375,0.7573412656784058,0.34524643421173096,0.352174311876297,0.3438091278076172,0.06419152766466141
0.9866956472396851,0.8747150897979736,0.8228169679641724,0.9488531351089478,0.7264014482498169,0.9832944273948669
0.9620274901390076,0.8440892696380615,0.5312144756317139,0.668005645275116,0.3005589246749878,0.544773280620575
0.9427953958511353,0.8455058932304382,0.6702482104301453,0.4348737597465515,0.5479068160057068,0.2579074800014496
0.53994220495224,0.8279654383659363,0.13794459402561188,0.1216605007648468,0.03144015371799469,0.15398359298706055
0.9043471813201904,0.5607622861862183,0.6000845432281494,0.7600301504135132,0.5547071099281311,0.5401387214660645
0.9827091693878174,0.8724601864814758,0.9480592012405396,0.9368999600410461,0.6485556364059448,0.9191341996192932
0.7658324837684631,0.6471014618873596,0.5941310524940491,0.5688782930374146,0.5788910984992981,0.21877387166023254
0.981924295425415,0.9445942640304565,0.9038603901863098,0.9220240116119385,0.9671187400817871,0.8030325770378113
0.9302939176559448,0.7693654894828796,0.5944914221763611,0.7872130870819092,0.47960665822029114,0.8487014174461365
0.9676914811134338,0.9588887095451355,0.9399092197418213,0.9593546986579895,0.7518333792686462,0.8988606929779053
0.778064489364624,0.6913489699363708,0.2840733528137207,0.5500496029853821,0.3130989074707031,0.8463131189346313
0.9809942245483398,0.979159414768219,0.9702202677726746,0.9202957153320312,0.8393359184265137,0.9658300876617432
0.9938897490501404,0.9215105175971985,0.9895765781402588,0.9886161684989929,0.8639012575149536,0.9949654340744019
0.9101009368896484,0.629026472568512,0.7606539726257324,0.8719392418861389,0.5567591190338135,0.9228318333625793
0.8249911665916443,0.49361714720726013,0.5861052870750427,0.6955767273902893,0.273293673992157,0.7082387804985046
0.7727539539337158,0.6199221611022949,0.5239479541778564,0.7127646207809448,0.6436943411827087,0.7102072238922119
0.9846560955047607,0.8945885896682739,0.5277986526489258,0.5189333558082581,0.1258079558610916,0.3064209818840027
0.9878118634223938,0.7002823352813721,0.8241175413131714,0.8037311434745789,0.6257699728012085,0.9846982359886169
0.9782850742340088,0.8573926091194153,0.7687661051750183,0.7265791296958923,0.8118026256561279,0.6224878430366516
0.8251861929893494,0.8338114619255066,0.6607158184051514,0.7673978209495544,0.5191551446914673,0.6922566890716553
0.9503957629203796,0.8718271851539612,0.901207447052002,0.8898205161094666,0.586002767086029,0.8473936915397644
0.913849413394928,0.7954184412956238,0.8830691576004028,0.8915206789970398,0.18444889783859253,0.167002335190773
0.9684998989105225,0.4772014319896698,0.7875156402587891,0.7524008750915527,0.27837249636650085,0.9315731525421143
0.8150646686553955,0.7496695518493652,0.9861468076705933,0.35033437609672546,0.050110336393117905,0.12587840855121613
0.9251449108123779,0.6414629220962524,0.258535772562027,0.13116596639156342,0.16389115154743195,0.43947091698646545
0.8646578788757324,0.8245446681976318,0.3128662705421448,0.6280907988548279,0.19015227258205414,0.8994797468185425
0.9756540656089783,0.7764896154403687,0.909206211566925,0.9370067715644836,0.6561642289161682,0.8854081630706787
0.9786574244499207,0.6674029231071472,0.9802135825157166,0.9670576453208923,0.7348371744155884,0.8667250871658325
0.855032742023468,0.7756301760673523,0.7603099346160889,0.7269411683082581,0.9487561583518982,0.33211246132850647
0.8730453252792358,0.9187005162239075,0.6488156914710999,0.5679653882980347,0.08435961604118347,0.405958354473114
0.9600866436958313,0.028156768530607224,0.30409133434295654,0.5838521122932434,0.3652614951133728,0.035611651837825775
0.9881443381309509,0.9331961274147034,0.8322674036026001,0.42913851141929626,0.29990440607070923,0.16842392086982727
0.9942747950553894,0.8736089468002319,0.8220001459121704,0.936911940574646,0.930282473564148,0.7675772309303284
0.3765110373497009,0.41380932927131653,0.290103554725647,0.3464627265930176,0.05936742201447487,0.10071302205324173
0.6552234888076782,0.47716066241264343,0.28234440088272095,0.09452515840530396,0.002505633281543851,0.0029452273156493902
0.8627545833587646,0.6621897220611572,0.9625687599182129,0.6857283711433411,0.4795413613319397,0.7484709620475769
0.6180853843688965,0.4431943893432617,0.3748689591884613,0.47487637400627136,0.3149769604206085,0.3180376887321472
0.8309473395347595,0.6309894919395447,0.6281312704086304,0.8791444897651672,0.7117241621017456,0.7133353352546692
0.8756923675537109,0.7041635513305664,0.3084747791290283,0.32474371790885925,0.34046071767807007,0.2958972156047821
0.9858132600784302,0.9296828508377075,0.9514678716659546,0.9613246917724609,0.5246662497520447,0.8385647535324097
0.985159695148468,0.7562763094902039,0.9497619271278381,0.9766469597816467,0.6583173274993896,0.9525722861289978
0.9710313081741333,0.701198160648346,0.8628752827644348,0.93937748670578,0.5796408653259277,0.9607958793640137
0.7758113741874695,0.6838607788085938,0.6585082411766052,0.694291353225708,0.4807908535003662,0.7297437787055969
0.9906890988349915,0.805203378200531,0.8504918813705444,0.9449875354766846,0.578186571598053,0.8542680740356445
0.9803250432014465,0.9110807776451111,0.9338961243629456,0.9801154136657715,0.3379596471786499,0.410593718290329
0.9670639038085938,0.6028698682785034,0.8589473962783813,0.769677460193634,0.32830747961997986,0.5886151194572449
0.9938873648643494,0.8807300925254822,0.859605073928833,0.9722816944122314,0.8564891815185547,0.810848593711853
0.9664053320884705,0.6762111783027649,0.6008884906768799,0.7022930383682251,0.28988850116729736,0.2964348793029785
0.9302939176559448,0.7693654894828796,0.5944914221763611,0.7872130870819092,0.47960665822029114,0.8487014174461365
0.9302939176559448,0.7693654894828796,0.5944914221763611,0.7872130870819092,0.47960665822029114,0.8487014174461365
0.9302939176559448,0.7693654894828796,0.5944914221763611,0.7872130870819092,0.47960665822029114,0.8487014174461365
0.9970977902412415,0.9484635591506958,0.99459308385849,0.9799259901046753,0.7633289098739624,0.9077243208885193
0.7430533766746521,0.43867772817611694,0.40980273485183716,0.5977071523666382,0.7982144951820374,0.4249701499938965
0.9598178267478943,0.9205664396286011,0.965602457523346,0.9576008915901184,0.720130980014801,0.8570883870124817
0.9362330436706543,0.9882238507270813,0.9791655540466309,0.6694529056549072,0.4634692668914795,0.49804502725601196
0.9505033493041992,0.9747416973114014,0.6978250741958618,0.6974494457244873,0.4966864287853241,0.869225025177002
0.998262882232666,0.5337103009223938,0.8159310221672058,0.7213326692581177,0.39817413687705994,0.16858084499835968
0.79269939661026,0.6725478768348694,0.6352121829986572,0.7835805416107178,0.5260922312736511,0.47451266646385193
0.8023385405540466,0.5443206429481506,0.45790210366249084,0.6822765469551086,0.3610273003578186,0.651827871799469
0.8820923566818237,0.42907026410102844,0.5787469744682312,0.6873891949653625,0.2510402500629425,0.6049109101295471
0.9483479261398315,0.5918485522270203,0.37378671765327454,0.681124746799469,0.3101901710033417,0.7787463665008545
0.9927083849906921,0.9401498436927795,0.9615703225135803,0.9729366302490234,0.9071276783943176,0.9637725353240967
0.34210899472236633,0.08086153119802475,0.5697987079620361,0.1770898550748825,0.3423477113246918,0.01868213526904583
0.9872970581054688,0.7169607281684875,0.8498023748397827,0.9656841158866882,0.6496278047561646,0.9700934290885925
0.9807966947555542,0.7481027245521545,0.607170045375824,0.2975062429904938,0.23749901354312897,0.166171133518219
0.9302939176559448,0.7693654894828796,0.5944914221763611,0.7872130870819092,0.47960665822029114,0.8487014174461365
0.9967435598373413,0.8816385269165039,0.9610596895217896,0.9732468128204346,0.7273048758506775,0.937242865562439
0.8607644438743591,0.1453215777873993,0.09230095893144608,0.6437607407569885,0.052834268659353256,0.22073712944984436
0.9357106685638428,0.7327709197998047,0.7613721489906311,0.8002058267593384,0.33065250515937805,0.7018879055976868
0.9302091598510742,0.7810168266296387,0.6941907405853271,0.7306680083274841,0.48051610589027405,0.9301567673683167
0.31545281410217285,0.39288562536239624,0.2568794786930084,0.7724719643592834,0.2569350600242615,0.2296859323978424
0.9150393605232239,0.8196031451225281,0.8943378925323486,0.9416335225105286,0.5941874384880066,0.8557090163230896
0.9873426556587219,0.954026997089386,0.8677554130554199,0.7087763547897339,0.19756241142749786,0.5388355851173401
0.9036544561386108,0.8135391473770142,0.8559841513633728,0.910167396068573,0.5084918737411499,0.9194067120552063
0.9550793170928955,0.8986992835998535,0.9070821404457092,0.9165664911270142,0.6078722476959229,0.8685499429702759
0.9501481652259827,0.9081063270568848,0.8200432658195496,0.8025491833686829,0.4515986442565918,0.7981479167938232
0.9944586157798767,0.896455705165863,0.9542638063430786,0.9354634284973145,0.5110942721366882,0.8722893595695496
0.9072074890136719,0.5714911222457886,0.27755147218704224,0.3976067006587982,0.3136175274848938,0.6557625532150269
0.6021068096160889,0.5660117268562317,0.42924466729164124,0.6542767882347107,0.3538605868816376,0.6047030091285706
0.9436417818069458,0.7862882018089294,0.86374831199646,0.942872166633606,0.8173786401748657,0.9068523645401001
0.9572384357452393,0.7729673981666565,0.4808500111103058,0.6201916337013245,0.3613298237323761,0.5498158931732178
0.958531379699707,0.9208053350448608,0.5681237578392029,0.597245991230011,0.4102083444595337,0.5439956784248352
0.846208930015564,0.5358579754829407,0.5792544484138489,0.6222501993179321,0.309950053691864,0.6059306859970093
0.779236912727356,0.5178975462913513,0.5308107733726501,0.3856070935726166,0.26714715361595154,0.11049281060695648
0.9249491095542908,0.42448097467422485,0.7463744878768921,0.630860447883606,0.7287203073501587,0.4542548954486847
0.9741654992103577,0.6341366171836853,0.7103115320205688,0.9698655605316162,0.47561943531036377,0.5405516028404236
0.9934630393981934,0.511144757270813,0.9849331974983215,0.9256797432899475,0.15498226881027222,0.9863565564155579
0.6625068783760071,0.7752127647399902,0.3211991488933563,0.3292977809906006,0.0484209805727005,0.2073032408952713
0.9971718788146973,0.5895981788635254,0.7588428258895874,0.8081574440002441,0.44395682215690613,0.7441219091415405
0.9282848238945007,0.8041267395019531,0.6266281008720398,0.7382535338401794,0.3455115258693695,0.9183130860328674
0.9581854343414307,0.6935541033744812,0.7824815511703491,0.8492892384529114,0.5575462579727173,0.8066293597221375
0.9291845560073853,0.9186959862709045,0.8538301587104797,0.9312799572944641,0.7857572436332703,0.8714849352836609
0.9874493479728699,0.7125799059867859,0.617708683013916,0.616362988948822,0.5615739226341248,0.6150228381156921
0.8856696486473083,0.6973581314086914,0.6101340055465698,0.689257800579071,0.5052126049995422,0.6309426426887512
0.9032428860664368,0.9177427887916565,0.8339067697525024,0.6481792330741882,0.6227331161499023,0.7725005149841309
0.9648724794387817,0.7493510246276855,0.8726725578308105,0.8486206531524658,0.3454148769378662,0.9818328022956848
0.9925419688224792,0.8142416477203369,0.33243921399116516,0.8966194987297058,0.1951753795146942,0.33547738194465637
0.9209655523300171,0.5948505401611328,0.6620196104049683,0.7020204067230225,0.11105981469154358,0.19223417341709137
0.9302939176559448,0.7693654894828796,0.5944914221763611,0.7872130870819092,0.47960665822029114,0.8487014174461365
0.9917011260986328,0.8644753694534302,0.7742750644683838,0.9370707869529724,0.41234394907951355,0.915708065032959
0.9302939176559448,0.7693654894828796,0.5944914221763611,0.7872130870819092,0.47960665822029114,0.8487014174461365
0.9836240410804749,0.7874180674552917,0.9254054427146912,0.9610632658004761,0.6387008428573608,0.9978189468383789
0.4758017659187317,0.2830619215965271,0.39283308386802673,0.29588210582733154,0.21750885248184204,0.05655370280146599
0.9286066889762878,0.8320010304450989,0.8340869545936584,0.8718685507774353,0.5058430433273315,0.6551347374916077
0.7004724740982056,0.4034141004085541,0.23667387664318085,0.38076916337013245,0.22564643621444702,0.3632357716560364
0.9218220710754395,0.8906423449516296,0.6575927138328552,0.5709455013275146,0.4693378806114197,0.4362375736236572
0.9778299927711487,0.8269055485725403,0.8195658326148987,0.9214980602264404,0.608470618724823,0.8375211358070374
0.06838873773813248,0.02188674360513687,0.18997450172901154,0.002451695501804352,0.0046817646361887455,0.001053868094459176
0.5457754135131836,0.4329414665699005,0.2114935964345932,0.3523862063884735,0.11438074707984924,0.23153720796108246
0.9411612749099731,0.7132864594459534,0.8993056416511536,0.9457687735557556,0.791107177734375,0.966221034526825
0.9292920231819153,0.4425518810749054,0.854805052280426,0.8672276139259338,0.3424217998981476,0.7089438438415527
0.40293219685554504,0.21871352195739746,0.3155262768268585,0.5309562683105469,0.6160326600074768,0.41117262840270996
0.9820306897163391,0.7350762486457825,0.7501880526542664,0.9162782430648804,0.6854658126831055,0.8980480432510376
0.9756261706352234,0.9298973083496094,0.8255026340484619,0.7788709998130798,0.6879356503486633,0.5825148224830627
0.9520450234413147,0.6586302518844604,0.8346012234687805,0.8271077275276184,0.7326790690422058,0.9789078235626221
0.6727999448776245,0.5295886397361755,0.5951025485992432,0.41338932514190674,0.12183215469121933,0.0224160123616457
0.9443700313568115,0.6286991238594055,0.7302497029304504,0.5017595291137695,0.3973158895969391,0.45900171995162964
0.4797792136669159,0.3309343755245209,0.19585981965065002,0.3822430968284607,0.24794642627239227,0.09505146741867065
0.9414918422698975,0.5997083187103271,0.7310193181037903,0.7772006988525391,0.47623175382614136,0.6894444227218628
0.9703434109687805,0.7301231622695923,0.7063905596733093,0.7036294937133789,0.25981491804122925,0.7970725893974304
0.9896305203437805,0.9134284257888794,0.9677029848098755,0.9738270044326782,0.9096974730491638,0.9554351568222046
0.9470403790473938,0.9414766430854797,0.3674599528312683,0.3052420914173126,0.2813998758792877,0.12242517620325089
0.9964805841445923,0.41598984599113464,0.4907817244529724,0.8011307120323181,0.3380817174911499,0.6320322155952454
0.9899458885192871,0.6038357019424438,0.6790935397148132,0.7891532182693481,0.32909560203552246,0.7599366903305054
0.855676531791687,0.7975482940673828,0.22149576246738434,0.6068857908248901,0.17943315207958221,0.9361709356307983
0.9407687783241272,0.85993492603302,0.866186261177063,0.8508973717689514,0.6130356192588806,0.7292737364768982
0.9334699511528015,0.6024957895278931,0.8325596451759338,0.7922087907791138,0.44121479988098145,0.7019500732421875
0.9937611818313599,0.8871214389801025,0.9782698154449463,0.9878942370414734,0.8831362128257751,0.9833269119262695
0.24118945002555847,0.1011347770690918,0.20083144307136536,0.22967562079429626,0.14373880624771118,0.24539034068584442
0.9783137440681458,0.8574512004852295,0.8392679691314697,0.8662852048873901,0.7668644785881042,0.9266234040260315
0.9328927993774414,0.704840898513794,0.7742478847503662,0.8324301838874817,0.5020933151245117,0.6901915669441223
0.9421957731246948,0.7953653335571289,0.6276073455810547,0.8711931109428406,0.41016656160354614,0.8006548285484314
0.4111672639846802,0.2850519120693207,0.28818458318710327,0.5239319205284119,0.2184145450592041,0.27233368158340454
0.6191633939743042,0.5491450428962708,0.41249212622642517,0.39190343022346497,0.2648653984069824,0.3873457908630371
0.8873918056488037,0.5420365929603577,0.18859656155109406,0.027480697259306908,0.40375232696533203,0.5517006516456604
0.36315757036209106,0.36389946937561035,0.19112657010555267,0.15831917524337769,0.08190029859542847,0.021592186763882637
0.9796327948570251,0.794102132320404,0.9497765898704529,0.9310601353645325,0.7274466156959534,0.8399136662483215
0.8572067022323608,0.7371221780776978,0.32341280579566956,0.2268693596124649,0.28599318861961365,0.17347902059555054
0.907444179058075,0.31955018639564514,0.9349139928817749,0.8884403109550476,0.5820281505584717,0.840795636177063
0.8278568387031555,0.5182188153266907,0.907346785068512,0.9403412342071533,0.5853080153465271,0.7703408002853394
0.6774096488952637,0.5301633477210999,0.7242776155471802,0.6082549691200256,0.4786194860935211,0.358037531375885
0.9702158570289612,0.8178393244743347,0.9407122731208801,0.9638237953186035,0.7111521363258362,0.9317837357521057
0.2249634861946106,0.2242017388343811,0.036071453243494034,0.04482210800051689,0.03568723425269127,0.036749739199876785
0.9312403202056885,0.8527342677116394,0.790413498878479,0.8349248170852661,0.7332155108451843,0.870272159576416
0.0,0.0,0.0,0.0,0.0,0.0
0.9302939176559448,0.7693654894828796,0.5944914221763611,0.7872130870819092,0.47960665822029114,0.8487014174461365
0.9639416933059692,0.90450519323349,0.8165570497512817,0.8554514646530151,0.2184453010559082,0.7570725679397583
0.7878236770629883,0.8978151082992554,0.7697765827178955,0.9851881861686707,0.4456756114959717,0.488633930683136
0.9815309047698975,0.8788962364196777,0.9220656752586365,0.937630832195282,0.7803715467453003,0.9800249934196472
0.7202566862106323,0.36860191822052,0.5207927823066711,0.2339993268251419,0.24444429576396942,0.038175880908966064
0.844409704208374,0.6189606785774231,0.7221609354019165,0.6899608373641968,0.3701643645763397,0.6071933507919312
0.8107993602752686,0.5567771792411804,0.5642775893211365,0.6381279230117798,0.49845537543296814,0.47166427969932556
0.38091880083084106,0.05710459500551224,0.25370657444000244,0.26968586444854736,0.2876516878604889,0.22064030170440674
0.9731535315513611,0.8264938592910767,0.9406740069389343,0.8783018589019775,0.6663089394569397,0.9215778112411499
0.9302939176559448,0.7693654894828796,0.5944914221763611,0.7872130870819092,0.47960665822029114,0.8487014174461365
0.7558148503303528,0.59845370054245,0.40917736291885376,0.39932671189308167,0.29749876260757446,0.30959561467170715
0.983953058719635,0.7614294290542603,0.7706518769264221,0.909432590007782,0.7310523986816406,0.8625484704971313
0.9700690507888794,0.8477340340614319,0.8648665547370911,0.9401900172233582,0.8394374251365662,0.8306164741516113
0.7332719564437866,0.5126193165779114,0.38993576169013977,0.606741726398468,0.3034832179546356,0.2337801307439804
0.8987307548522949,0.2425445169210434,0.23469144105911255,0.629840612411499,0.16755889356136322,0.6566991209983826
0.9787377119064331,0.7117745280265808,0.8039326071739197,0.8449639081954956,0.4316727817058563,0.4017369747161865
0.9945260286331177,0.853297233581543,0.9927162528038025,0.9888259768486023,0.8602681756019592,0.9746181964874268
0.9519414305686951,0.890023946762085,0.7431707978248596,0.6794942617416382,0.32666727900505066,0.5122379064559937
0.8244422078132629,0.8708431720733643,0.9920119047164917,0.634874165058136,0.138772651553154,0.6803972721099854
0.988617479801178,0.7495839595794678,0.8591551780700684,0.9335698485374451,0.7865737080574036,0.8563772439956665
0.9936202168464661,0.9731184840202332,0.9181655049324036,0.9412550330162048,0.8280760049819946,0.9438685774803162
0.9225826263427734,0.78107750415802,0.9063819646835327,0.9564973711967468,0.34317031502723694,0.6901605725288391
0.9282848238945007,0.8041267395019531,0.6266281008720398,0.7382535338401794,0.3455115258693695,0.9183130860328674
0.913170337677002,0.2967097759246826,0.16469153761863708,0.6827488541603088,0.5922279953956604,0.04705316573381424
0.8153282403945923,0.924689531326294,0.8988471031188965,0.8562980890274048,0.39857184886932373,0.8487187623977661
0.9937150478363037,0.7395814061164856,0.6975093483924866,0.8152350187301636,0.32377302646636963,0.6075005531311035
0.8530794382095337,0.879032552242279,0.7743682861328125,0.9228429198265076,0.736698567867279,0.2266782522201538
0.97797691822052,0.9450085759162903,0.9816715717315674,0.8955215811729431,0.5992593765258789,0.9972479343414307
0.9576507210731506,0.8144322633743286,0.7211743593215942,0.8227735757827759,0.7122587561607361,0.8196011781692505
0.9974393844604492,0.9514604806900024,0.9915181398391724,0.9802575707435608,0.7645664811134338,0.9668276906013489
0.9225596189498901,0.45323118567466736,0.25399428606033325,0.38655146956443787,0.8840686678886414,0.04103906452655792
0.9933242201805115,0.8018280863761902,0.9811570048332214,0.9778798818588257,0.7884606719017029,0.8599721193313599
0.6970270872116089,0.1936989575624466,0.09271571785211563,0.35044291615486145,0.0448819063603878,0.12256696820259094
0.9675515294075012,0.707476794719696,0.8157251477241516,0.88515305519104,0.4612155556678772,0.7300353646278381
0.8753215670585632,0.6607514023780823,0.633367121219635,0.7524150013923645,0.6115459203720093,0.555153489112854
0.9931408166885376,0.9322249889373779,0.9274297952651978,0.8835455775260925,0.9123954772949219,0.7272116541862488
0.6580731272697449,0.3155595362186432,0.15137462317943573,0.5647661089897156,0.1806347370147705,0.19979983568191528
0.9489746689796448,0.8693047761917114,0.8534270524978638,0.822791576385498,0.41963860392570496,0.7074739933013916
0.9115449786186218,0.8399143815040588,0.5859927535057068,0.7206050157546997,0.609442949295044,0.879284679889679
0.5584170818328857,0.3750132620334625,0.6713082790374756,0.6468750238418579,0.028646862134337425,0.033964041620492935
0.9969766139984131,0.9619176387786865,0.9872329235076904,0.9923278093338013,0.8598130345344543,0.9947660565376282
0.9881927371025085,0.9798904061317444,0.9598422050476074,0.8274762034416199,0.08223020285367966,0.9528105854988098
0.9304037094116211,0.718294084072113,0.7622158527374268,0.7767032980918884,0.8157455325126648,0.7102087140083313
0.8536083698272705,0.8707563877105713,0.8456693887710571,0.9409417510032654,0.3202846050262451,0.08819524198770523
0.911450207233429,0.8628218770027161,0.5111631155014038,0.13372670114040375,0.010798851028084755,0.19438596069812775
0.48372727632522583,0.7026063799858093,0.37071898579597473,0.6460887789726257,0.1747903823852539,0.25650203227996826
0.0019908335525542498,0.006291423458606005,0.0013112790184095502,0.010230029001832008,0.017243340611457825,0.004994649440050125
0.9594261050224304,0.8610101342201233,0.9036241173744202,0.944919764995575,0.9435583353042603,0.9838306307792664
0.7479969263076782,0.4608629643917084,0.33266183733940125,0.36973482370376587,0.22249940037727356,0.18454411625862122
0.9701393246650696,0.9599684476852417,0.9741103649139404,0.9300340414047241,0.2016686052083969,0.1045946553349495
0.9846063852310181,0.868545413017273,0.9677507877349854,0.941351056098938,0.37087389826774597,0.8995132446289062
0.9515190720558167,0.865056037902832,0.6951494216918945,0.7163773775100708,0.4980468451976776,0.7858988046646118
0.8684157133102417,0.6371334195137024,0.5703489780426025,0.41269147396087646,0.22036021947860718,0.5088746547698975
0.9302939176559448,0.7693654894828796,0.5944914221763611,0.7872130870819092,0.47960665822029114,0.8487014174461365
0.9725828766822815,0.9663298726081848,0.8654619455337524,0.7898862361907959,0.027646031230688095,0.05545056611299515
0.971871018409729,0.9246783256530762,0.9186127781867981,0.9188689589500427,0.8179565072059631,0.6989997029304504
0.966805100440979,0.7383051514625549,0.8293012380599976,0.9723023176193237,0.7920810580253601,0.78362637758255
0.8423929214477539,0.8502615690231323,0.29657524824142456,0.7621166110038757,0.18126186728477478,0.9367175698280334
0.9302939176559448,0.7693654894828796,0.5944914221763611,0.7872130870819092,0.47960665822029114,0.8487014174461365
0.8086327314376831,0.630064070224762,0.5501248836517334,0.5664291381835938,0.37733331322669983,0.5582842230796814
0.6197148561477661,0.25332239270210266,0.20690707862377167,0.3965812623500824,0.19816260039806366,0.3223024010658264
0.983692467212677,0.9324967265129089,0.9565585851669312,0.9728497266769409,0.7602096199989319,0.9394340515136719
0.9280392527580261,0.3946326971054077,0.8455321192741394,0.5835028290748596,0.6944328546524048,0.125580295920372
0.9871025085449219,0.5934528708457947,0.547914445400238,0.8272329568862915,0.29326575994491577,0.8534908890724182
0.5133854746818542,0.1525605469942093,0.1898309737443924,0.25544872879981995,0.05170755833387375,0.159849613904953
0.9282848238945007,0.8041267395019531,0.6266281008720398,0.7382535338401794,0.3455115258693695,0.9183130860328674
0.9882247447967529,0.9137228727340698,0.9815095663070679,0.9771625995635986,0.6771499514579773,0.9916508197784424
0.9137614369392395,0.3723848760128021,0.8782230615615845,0.9563781023025513,0.854063093662262,0.9256228804588318
0.9900242686271667,0.8606992959976196,0.9807435870170593,0.9840551614761353,0.7707908153533936,0.9881327152252197
0.980356752872467,0.8457068800926208,0.9348386526107788,0.9575525522232056,0.7940616607666016,0.7258405089378357
0.9279414415359497,0.8032914996147156,0.7684630751609802,0.8905599117279053,0.7685686349868774,0.7958276867866516
0.9716441631317139,0.8679535984992981,0.9654649496078491,0.9255269169807434,0.6130613684654236,0.819830060005188
0.9252946376800537,0.8765836954116821,0.3664080798625946,0.8539283275604248,0.2294187992811203,0.9689984321594238
0.7537798285484314,0.4178263247013092,0.4737144708633423,0.8148709535598755,0.3811180591583252,0.6393890976905823
0.9573821425437927,0.7489204406738281,0.7655162811279297,0.7885555028915405,0.8819407820701599,0.7332573533058167
0.9030475616455078,0.8422210216522217,0.8621559143066406,0.7858601808547974,0.6465706825256348,0.7801079750061035
0.8520045280456543,0.7529297471046448,0.7579954266548157,0.7330620288848877,0.3760725259780884,0.39621537923812866
0.9111361503601074,0.7381709218025208,0.8579812049865723,0.8017462491989136,0.36426815390586853,0.723267138004303
0.9800377488136292,0.7274946570396423,0.8883948922157288,0.9434849619865417,0.6933668255805969,0.8895596265792847
0.930574893951416,0.8727734088897705,0.8951441645622253,0.9170774221420288,0.8018297553062439,0.5021281838417053
0.9980785846710205,0.8975640535354614,0.7471747398376465,0.9395833611488342,0.49625325202941895,0.7652576565742493
0.9282848238945007,0.8041267395019531,0.6266281008720398,0.7382535338401794,0.3455115258693695,0.9183130860328674
0.9974403381347656,0.8919059634208679,0.9545225501060486,0.9740203619003296,0.5167132616043091,0.9266178011894226
0.9874866008758545,0.9455042481422424,0.9670409560203552,0.9169955849647522,0.9102137684822083,0.8889902830123901
0.7534602880477905,0.17593802511692047,0.10717874020338058,0.6587537527084351,0.02662445604801178,0.14298278093338013
0.9036762714385986,0.8962842226028442,0.6732088923454285,0.7637894749641418,0.20848864316940308,0.4468361437320709
0.8023385405540466,0.5443206429481506,0.45790210366249084,0.6822765469551086,0.3610273003578186,0.651827871799469
0.9400431513786316,0.6984304785728455,0.7555235028266907,0.8539890050888062,0.456900417804718,0.7105758190155029
0.9609733819961548,0.9444299936294556,0.7669913172721863,0.8280739188194275,0.6366122961044312,0.7166641354560852
0.9446751475334167,0.8440448045730591,0.7394517660140991,0.7720885872840881,0.6192360520362854,0.8893519639968872
0.9142536520957947,0.6613543033599854,0.5774292945861816,0.8797218799591064,0.6721402406692505,0.5654606223106384
0.7919002771377563,0.5410071611404419,0.6056900024414062,0.5390933156013489,0.6677879691123962,0.6486719846725464
0.810579240322113,0.7240889072418213,0.556981086730957,0.6305966377258301,0.47458940744400024,0.7654325366020203
0.9116699695587158,0.5387182831764221,0.7348877191543579,0.9001690149307251,0.6298803687095642,0.7041555643081665
0.789665937423706,0.3681503236293793,0.24092641472816467,0.5355752110481262,0.14037619531154633,0.3243408799171448
0.9791221618652344,0.9263024926185608,0.940892219543457,0.9530519843101501,0.7777794003486633,0.9491140246391296
0.9932234883308411,0.8216925263404846,0.8606505990028381,0.9676018953323364,0.7321325540542603,0.9263491630554199
0.8772731423377991,0.8887215852737427,0.8524143695831299,0.885357677936554,0.7405825853347778,0.8700380921363831
0.9783629775047302,0.8155983686447144,0.9721831679344177,0.9615614414215088,0.6298220753669739,0.9957491755485535
0.9086316227912903,0.6835271716117859,0.7998331785202026,0.9063790440559387,0.451045423746109,0.7583819627761841
0.9302939176559448,0.7693654894828796,0.5944914221763611,0.7872130870819092,0.47960665822029114,0.8487014174461365
0.8756323456764221,0.7580409646034241,0.5596060156822205,0.6712596416473389,0.332235723733902,0.6951099634170532
0.8495993614196777,0.5655591487884521,0.5754176378250122,0.6813012957572937,0.538605809211731,0.7609440684318542
0.9495800137519836,0.8093507885932922,0.8369892239570618,0.8639757633209229,0.6581816673278809,0.6975477933883667
0.952238917350769,0.754903256893158,0.8478524684906006,0.8802548050880432,0.5347447395324707,0.9332321286201477
0.992374062538147,0.8263390064239502,0.9644633531570435,0.9800426363945007,0.7576491832733154,0.9988500475883484
0.8164752721786499,0.7949826121330261,0.2902592718601227,0.6805110573768616,0.17823350429534912,0.9133961796760559
0.9460114240646362,0.9359252452850342,0.9233876466751099,0.9097009897232056,0.867181122303009,0.7871631979942322
0.954308032989502,0.8392034769058228,0.938243567943573,0.9418612122535706,0.7698810696601868,0.9437593817710876
0.9611519575119019,0.9040482640266418,0.99346923828125,0.8635541200637817,0.871788740158081,0.2583945393562317
0.9842739105224609,0.9165791273117065,0.9832313656806946,0.9803891181945801,0.8739966154098511,0.9531919956207275
0.9937757849693298,0.7025030255317688,0.8617565631866455,0.9337173700332642,0.8392664790153503,0.894237756729126
0.9263631701469421,0.3160081207752228,0.8634272217750549,0.9410248398780823,0.2875228226184845,0.2983534038066864
0.010818595997989178,0.13184984028339386,0.14101091027259827,0.1731368899345398,0.14933975040912628,0.00403070030733943
0.9825876355171204,0.804561972618103,0.9727461934089661,0.858832836151123,0.6447235941886902,0.7990730404853821
0.9468041062355042,0.7007476091384888,0.7041274905204773,0.8413997292518616,0.4683998227119446,0.8600214719772339
0.953922688961029,0.8999677300453186,0.7978420257568359,0.6426762342453003,0.5463652014732361,0.3884640634059906
0.9429848790168762,0.8743433952331543,0.8832258582115173,0.9482521414756775,0.982528805732727,0.69288569688797
0.7889896035194397,0.6411468386650085,0.34898725152015686,0.9241107106208801,0.02197393774986267,0.04931065812706947
0.9162695407867432,0.8501526117324829,0.7544628381729126,0.5622302293777466,0.5441365838050842,0.6336756944656372
0.9878215789794922,0.8862046599388123,0.9578292965888977,0.957670271396637,0.7437141537666321,0.9285773038864136
0.9827484488487244,0.9789265990257263,0.9559729099273682,0.9760167002677917,0.7419243454933167,0.9249746203422546
0.9394427537918091,0.7213782668113708,0.8228028416633606,0.8270942568778992,0.6154657602310181,0.8567801713943481
0.9567410349845886,0.49657630920410156,0.47105729579925537,0.792555034160614,0.790981113910675,0.4213472604751587
0.9282848238945007,0.8041267395019531,0.6266281008720398,0.7382535338401794,0.3455115258693695,0.9183130860328674
0.9737406373023987,0.7543185949325562,0.66424560546875,0.7719628810882568,0.5175295472145081,0.8664143085479736
0.8988637924194336,0.6559044718742371,0.31053757667541504,0.6189823746681213,0.12183689326047897,0.37468257546424866
0.891109049320221,0.9553112387657166,0.8579513430595398,0.6589387655258179,0.6760083436965942,0.6729012131690979
0.8867233395576477,0.43528008460998535,0.19814376533031464,0.27247700095176697,0.18059155344963074,0.06164627894759178
0.9637698531150818,0.723806619644165,0.6676037907600403,0.7003304362297058,0.47757676243782043,0.6939040422439575
0.9214088916778564,0.9740830659866333,0.9014441967010498,0.949114203453064,0.4540714919567108,0.6100566387176514
0.9016315937042236,0.6351698637008667,0.8689153790473938,0.9440373182296753,0.4637508690357208,0.646582305431366
0.26302775740623474,0.34596896171569824,0.4482927918434143,0.44903847575187683,0.5158756375312805,0.09015277773141861
0.9896360635757446,0.9690014719963074,0.9882556796073914,0.9872997999191284,0.8608829379081726,0.9530901312828064
0.9678148627281189,0.6974019408226013,0.7570701837539673,0.8512877821922302,0.36626484990119934,0.7196778655052185
0.9775776863098145,0.658289909362793,0.5801593661308289,0.847465991973877,0.4698473811149597,0.9897977709770203
0.9568831920623779,0.7570711374282837,0.7717575430870056,0.8302891850471497,0.5087012052536011,0.7846353650093079
0.9804844260215759,0.7297720909118652,0.6825579404830933,0.5492004156112671,0.4360388517379761,0.08332250267267227
0.9066239595413208,0.5651862025260925,0.7277454733848572,0.8895412683486938,0.4927993416786194,0.7531149983406067
0.9854679107666016,0.9909074306488037,0.9804478883743286,0.9567068815231323,0.8263842463493347,0.9504981637001038
0.9953276515007019,0.9659683108329773,0.9914516806602478,0.9751078486442566,0.8892031908035278,0.9860597252845764
0.1855737268924713,0.10274110734462738,0.014845672994852066,0.0024189611431211233,0.04048783704638481,0.0013929964043200016
0.9210036993026733,0.7940465211868286,0.5864140391349792,0.804490864276886,0.3997206389904022,0.757268488407135
0.9927965998649597,0.9535136222839355,0.951516330242157,0.9174026250839233,0.9267839193344116,0.8957033753395081
0.9941543340682983,0.835000216960907,0.8764570951461792,0.904349148273468,0.4454949200153351,0.8093425035476685
0.6084007620811462,0.33932363986968994,0.15901336073875427,0.3922889828681946,0.4051796793937683,0.226828932762146
0.5155707597732544,0.5355875492095947,0.9186266660690308,0.8361255526542664,0.3737215995788574,0.46168994903564453
0.6787022352218628,0.6310832500457764,0.3888120949268341,0.4675326645374298,0.2649245262145996,0.755392849445343
0.9019195437431335,0.7540903091430664,0.45699137449264526,0.42704081535339355,0.050213344395160675,0.4348757863044739
0.987004816532135,0.5681454539299011,0.8523392677307129,0.9324232339859009,0.7462350130081177,0.988002359867096
0.39495888352394104,0.2749364674091339,0.17320306599140167,0.22354401648044586,0.16315001249313354,0.18921439349651337
0.8549661636352539,0.6434097290039062,0.5752474069595337,0.530922532081604,0.29887473583221436,0.7333009839057922
0.9957045912742615,0.9707518815994263,0.8430048823356628,0.9760463833808899,0.7731417417526245,0.958392858505249
0.9770749807357788,0.8013866543769836,0.8911570906639099,0.9614916443824768,0.46392226219177246,0.8763526678085327
0.9345959424972534,0.8899084329605103,0.74994957447052,0.6731451749801636,0.770771861076355,0.26911091804504395
0.6359538435935974,0.36691921949386597,0.19664329290390015,0.2952021360397339,0.10182131081819534,0.14030078053474426
0.9786801934242249,0.9279206395149231,0.8166390061378479,0.8635003566741943,0.5852231979370117,0.9245051145553589
0.9511979818344116,0.698200523853302,0.7467812299728394,0.8121491074562073,0.49644461274147034,0.7979271411895752
0.9369567632675171,0.8802342414855957,0.7200602293014526,0.7753456830978394,0.6489983797073364,0.7542843222618103
0.8321616053581238,0.7766733765602112,0.5940649509429932,0.6821169853210449,0.4457929730415344,0.5150014758110046
0.7394554615020752,0.6427316069602966,0.5097065567970276,0.48576340079307556,0.225311741232872,0.2607807219028473
0.9764763712882996,0.9346398115158081,0.9381141066551208,0.8657718300819397,0.5318366289138794,0.1132395938038826
0.8729108572006226,0.25106146931648254,0.2035280019044876,0.4802949130535126,0.2082332968711853,0.352188378572464
0.9395231604576111,0.8342761993408203,0.5425655841827393,0.7151601910591125,0.32866474986076355,0.8279685974121094
0.9678217768669128,0.9965164661407471,0.9500417113304138,0.9288249015808105,0.7298702001571655,0.9089285731315613
0.9806341528892517,0.9357499480247498,0.9697954654693604,0.9437523484230042,0.7993342280387878,0.8261627554893494
0.903920590877533,0.6310354471206665,0.8097902536392212,0.809968113899231,0.6602451205253601,0.5333459377288818
0.9756317734718323,0.5260418057441711,0.837566614151001,0.4427125155925751,0.13283778727054596,0.3919256031513214
0.9903846383094788,0.9507774710655212,0.9404200315475464,0.9323720932006836,0.6347864270210266,0.9971956014633179
0.3248176872730255,0.5754610300064087,0.572755753993988,0.8600851893424988,0.9575039744377136,0.7355331182479858
0.40454307198524475,0.4420798718929291,0.37166857719421387,0.6526915431022644,0.14594057202339172,0.9004315137863159
0.9764793515205383,0.9345341920852661,0.9933294653892517,0.9211655259132385,0.5775598883628845,0.37965652346611023
0.8546612858772278,0.7968029975891113,0.31337109208106995,0.6149703860282898,0.16708754003047943,0.8877406716346741
0.9689805507659912,0.6527470946311951,0.9140475988388062,0.8045893907546997,0.6609100699424744,0.8547345399856567
0.986044704914093,0.9370306134223938,0.9171897768974304,0.9336943626403809,0.8659954071044922,0.9388747215270996
0.9806311130523682,0.8125876188278198,0.9157925248146057,0.893832802772522,0.6484869122505188,0.9875867366790771
0.9790278077125549,0.7322319746017456,0.8055952787399292,0.7874423265457153,0.794263482093811,0.8521773815155029
0.848491907119751,0.7267518043518066,0.7881284356117249,0.9396369457244873,0.7106148600578308,0.8437619805335999
0.7029567956924438,0.6249999403953552,0.7193785905838013,0.8471559286117554,0.36750495433807373,0.5791825652122498
0.7338088154792786,0.404818594455719,0.40542569756507874,0.40409210324287415,0.32433021068573,0.11885121464729309
0.8932753205299377,0.6819944381713867,0.8022310733795166,0.8580336570739746,0.5240368247032166,0.5312429070472717
0.9912967681884766,0.6389407515525818,0.701320469379425,0.9466506838798523,0.3697434663772583,0.9929652810096741
0.9858230948448181,0.8189290761947632,0.7667309045791626,0.8236991763114929,0.4723123610019684,0.8042645454406738
0.982804536819458,0.7040925025939941,0.8803337812423706,0.8558565378189087,0.8359323143959045,0.8606628179550171
0.9777888655662537,0.8201822638511658,0.8785145878791809,0.8596539497375488,0.7481687068939209,0.8534485101699829
0.8389507532119751,0.5937823057174683,0.590652585029602,0.7409622669219971,0.3608700633049011,0.5835404396057129
0.883303701877594,0.8088087439537048,0.7167670726776123,0.4257451593875885,0.22504837810993195,0.44296014308929443
0.9064122438430786,0.39503002166748047,0.31327006220817566,0.6518924832344055,0.1971554160118103,0.49239757657051086
0.9703971743583679,0.8501076698303223,0.9790040850639343,0.9001379609107971,0.5724760890007019,0.7362417578697205
0.941496729850769,0.46421411633491516,0.7125139236450195,0.38209524750709534,0.4431391954421997,0.5627635717391968
0.8023385405540466,0.5443206429481506,0.45790210366249084,0.6822765469551086,0.3610273003578186,0.651827871799469
0.9197999835014343,0.628031313419342,0.7707728147506714,0.6682164072990417,0.35427743196487427,0.34820276498794556
0.888130784034729,0.7882412672042847,0.8073317408561707,0.8596344590187073,0.5632166862487793,0.7947371602058411
0.9938539862632751,0.8167440295219421,0.971712589263916,0.9856917858123779,0.856875479221344,0.9533178806304932
0.9764793515205383,0.9345341920852661,0.9933294653892517,0.9211655259132385,0.5775598883628845,0.37965652346611023
0.9302939176559448,0.7693654894828796,0.5944914221763611,0.7872130870819092,0.47960665822029114,0.8487014174461365
0.9186080694198608,0.8998820781707764,0.9335820078849792,0.8975836038589478,0.7165006995201111,0.9041706323623657
0.9035040140151978,0.7642577290534973,0.8025084137916565,0.7365941405296326,0.6692870855331421,0.7025095224380493
0.9558090567588806,0.828295111656189,0.9150360822677612,0.8826945424079895,0.6815162301063538,0.6748840808868408
0.8578882217407227,0.752837598323822,0.2824043333530426,0.6643316149711609,0.16933289170265198,0.9078686833381653
0.9725024104118347,0.7592092752456665,0.9282294511795044,0.9558960795402527,0.575295627117157,0.9191687703132629
0.516150712966919,0.2786986231803894,0.4162569046020508,0.5271070003509521,0.31418055295944214,0.3090744614601135
0.8993843197822571,0.5571128726005554,0.7232546210289001,0.7721484303474426,0.4079534709453583,0.7137367129325867
0.6957117915153503,0.533534049987793,0.9932374358177185,0.8404502868652344,0.053701456636190414,0.3415950834751129
0.07243939489126205,0.0814412534236908,0.01210865844041109,0.009194103069603443,0.007685469463467598,0.010862300172448158
0.730911374092102,0.6095689535140991,0.4505549669265747,0.8436217308044434,0.4604083299636841,0.42373889684677124
0.1466761976480484,0.0749736949801445,0.15394167602062225,0.07675285637378693,0.15969501435756683,0.009838961064815521
0.8994855284690857,0.3878691792488098,0.7792680263519287,0.8439643979072571,0.4256443977355957,0.8920745253562927
0.9860123991966248,0.8618571758270264,0.8265210390090942,0.9339168667793274,0.7385826110839844,0.9408339262008667
0.9898252487182617,0.9342515468597412,0.9344897270202637,0.9564968347549438,0.6920848488807678,0.9625069499015808
0.7765915393829346,0.6124188303947449,0.6863448023796082,0.5474056601524353,0.8545092344284058,0.48143842816352844
0.6809608936309814,0.7023172378540039,0.9355495572090149,0.74615079164505,0.8272880911827087,0.44258028268814087
0.9808439612388611,0.4994877278804779,0.712418258190155,0.7989326119422913,0.45800888538360596,0.662147581577301
0.47575268149375916,0.6079400777816772,0.3456307351589203,0.4156360924243927,0.30002450942993164,0.3506975769996643
0.9938028454780579,0.8318048119544983,0.9463257789611816,0.9578036665916443,0.5313290953636169,0.9344868063926697
0.6663902997970581,0.5293790102005005,0.4372791647911072,0.4936404526233673,0.5526717901229858,0.22258509695529938
0.5192808508872986,0.4888869822025299,0.309481680393219,0.35516148805618286,0.21961694955825806,0.622708261013031
0.8986427783966064,0.8609088659286499,0.9793827533721924,0.97047358751297,0.5558779835700989,0.9781010150909424
0.4237682521343231,0.2563517987728119,0.3119491934776306,0.4368945062160492,0.5666565895080566,0.10060438513755798
0.9282848238945007,0.8041267395019531,0.6266281008720398,0.7382535338401794,0.3455115258693695,0.9183130860328674
0.9222884774208069,0.6847714781761169,0.8514998555183411,0.9350855350494385,0.7939106225967407,0.8432952165603638
0.9632649421691895,0.6798216104507446,0.7470134496688843,0.7935811281204224,0.42845144867897034,0.7410765290260315
0.9228402376174927,0.8238050937652588,0.5995016694068909,0.7985527515411377,0.44945117831230164,0.6356934905052185
0.4641226530075073,0.4181104302406311,0.26597410440444946,0.41487711668014526,0.28765764832496643,0.25936418771743774
0.46927571296691895,0.5672751665115356,0.8862842321395874,0.3279304504394531,0.04196469485759735,0.14753712713718414
0.9890339970588684,0.8812131285667419,0.9838628172874451,0.9925530552864075,0.7490030527114868,0.9901115298271179
0.9401152729988098,0.863955557346344,0.7963656187057495,0.9069197773933411,0.47885096073150635,0.6505762338638306
0.582207202911377,0.04592890292406082,0.2235449254512787,0.6880502104759216,0.09789390861988068,0.00035940646193921566
0.37443408370018005,0.23134560883045197,0.24542762339115143,0.5587752461433411,0.3081853985786438,0.32826438546180725
0.16336263716220856,0.0404040664434433,0.07182376831769943,0.11414148658514023,0.3127742409706116,0.016164448112249374
0.2602434456348419,0.15199421346187592,0.2520565390586853,0.2012564092874527,0.1341288834810257,0.1434333771467209
0.9885885715484619,0.7558307647705078,0.630874514579773,0.6247112154960632,0.9591519236564636,0.05676065757870674
0.9280392527580261,0.3946326971054077,0.8455321192741394,0.5835028290748596,0.6944328546524048,0.125580295920372
0.8132343888282776,0.5171481370925903,0.4792587161064148,0.4998178482055664,0.6144776344299316,0.6753363013267517
0.6088809370994568,0.1654876470565796,0.13821114599704742,0.2177320271730423,0.1963851898908615,0.1406172811985016
0.8747566342353821,0.28062373399734497,0.4700106382369995,0.8593559265136719,0.4559844434261322,0.15100188553333282
0.9594983458518982,0.621227502822876,0.7827049493789673,0.8973909616470337,0.7497690320014954,0.7749031186103821
0.5364773869514465,0.6020606756210327,0.23008576035499573,0.19509190320968628,0.07648414373397827,0.011743873357772827
0.9154647588729858,0.7775424718856812,0.6353810429573059,0.7738272547721863,0.6159590482711792,0.46293535828590393
0.983654260635376,0.9852461218833923,0.8405854105949402,0.8960683941841125,0.3914403021335602,0.8583647608757019
0.9684353470802307,0.8434908986091614,0.9569064974784851,0.9608793258666992,0.5283030271530151,0.9886582493782043
0.9487882852554321,0.6384764313697815,0.4773556888103485,0.856852114200592,0.1069248840212822,0.3693307340145111
0.7904036045074463,0.42997342348098755,0.6051409244537354,0.93144291639328,0.029907934367656708,0.889875590801239
0.9928070902824402,0.9586154818534851,0.9420813918113708,0.9716982245445251,0.831748902797699,0.920698881149292
0.9796090722084045,0.7901924848556519,0.7913234233856201,0.7099324464797974,0.41936370730400085,0.59522944688797
0.7721329927444458,0.4010036289691925,0.35455581545829773,0.47211748361587524,0.20710453391075134,0.5779065489768982
0.0993037298321724,0.005176743026822805,0.05081171542406082,0.032272789627313614,0.04834940657019615,0.041448820382356644
0.8989538550376892,0.6967198252677917,0.7494648098945618,0.8636391162872314,0.7200042605400085,0.8738426566123962
0.9302939176559448,0.7693654894828796,0.5944914221763611,0.7872130870819092,0.47960665822029114,0.8487014174461365
0.981194794178009,0.9258537888526917,0.90561842918396,0.8984110355377197,0.4323771595954895,0.9560312032699585
0.8958517909049988,0.713871419429779,0.463931143283844,0.70437091588974,0.36637118458747864,0.5727341175079346
0.8096290230751038,0.7614511847496033,0.9894037842750549,0.8534933924674988,0.38171592354774475,0.21522866189479828
0.9630443453788757,0.692169189453125,0.5166628956794739,0.5346804261207581,0.3462792932987213,0.4635760188102722
0.9013020992279053,0.8149426579475403,0.7284390926361084,0.5582976341247559,0.24666494131088257,0.9621168375015259
0.9852800369262695,0.7489571571350098,0.8725453615188599,0.9165093898773193,0.6902838945388794,0.8263649940490723
0.9581128358840942,0.643612802028656,0.7713927626609802,0.9197075963020325,0.7887011766433716,0.9409313201904297
0.7497603893280029,0.8466989994049072,0.4018450081348419,0.6068753004074097,0.32454758882522583,0.8929674625396729
0.8626716136932373,0.8191429972648621,0.2990674376487732,0.6608867645263672,0.21418392658233643,0.9226143956184387
0.9737611413002014,0.9309810400009155,0.9216235280036926,0.8571577072143555,0.5411913990974426,0.7304022312164307
0.9608224034309387,0.39669182896614075,0.41610071063041687,0.5922420024871826,0.19983479380607605,0.6593921184539795
0.99854975938797,0.957775890827179,0.9989319443702698,0.9815546274185181,0.5660321712493896,0.8565024137496948
0.9728858470916748,0.9269648790359497,0.9599290490150452,0.8554776310920715,0.5248433947563171,0.5807363986968994
0.9503957629203796,0.8718271851539612,0.901207447052002,0.8898205161094666,0.586002767086029,0.8473936915397644
0.5430513024330139,0.11615075170993805,0.3849467635154724,0.10234913975000381,0.6310371160507202,0.07471928000450134
0.943465530872345,0.8620105981826782,0.7471615672111511,0.6683235764503479,0.3489014804363251,0.3747858703136444
0.8860542178153992,0.7553707361221313,0.30313533544540405,0.6839433312416077,0.15118514001369476,0.935707151889801
0.4184779226779938,0.582297682762146,0.6430453062057495,0.12057920545339584,0.7328733801841736,0.11917653679847717
0.9458929300308228,0.8132798671722412,0.9148977994918823,0.9413632154464722,0.6191678643226624,0.944577157497406
0.7311130166053772,0.3327634632587433,0.7570722699165344,0.7998203635215759,0.2360474169254303,0.4755292236804962
0.6015063524246216,0.4668912887573242,0.7684740424156189,0.8041207790374756,0.6251430511474609,0.6503074169158936
0.9910290241241455,0.8362553119659424,0.938848078250885,0.972292423248291,0.7193846702575684,0.9656980037689209
0.707328200340271,0.3191954791545868,0.5556224584579468,0.547493577003479,0.19123022258281708,0.4990244507789612
0.9223401546478271,0.4635290205478668,0.5435888171195984,0.7433497905731201,0.48678621649742126,0.6688305139541626
0.9885885715484619,0.7558307647705078,0.630874514579773,0.6247112154960632,0.9591519236564636,0.05676065757870674
0.7568165063858032,0.5565624237060547,0.656259298324585,0.29897260665893555,0.4057195782661438,0.013631249777972698
0.9765911102294922,0.8841334581375122,0.8822066783905029,0.9195250272750854,0.5320884585380554,0.888063907623291
0.8536010980606079,0.7468761205673218,0.6296502947807312,0.7575116753578186,0.4735386371612549,0.6076528429985046
0.7806731462478638,0.3424764573574066,0.12807711958885193,0.12667280435562134,0.3172888159751892,0.26452457904815674
0.6990995407104492,0.6458568572998047,0.5723175406455994,0.6518954038619995,0.3560994565486908,0.5648964643478394
0.9282848238945007,0.8041267395019531,0.6266281008720398,0.7382535338401794,0.3455115258693695,0.9183130860328674
0.9666305780410767,0.6666616201400757,0.6988310217857361,0.7232459783554077,0.2982938587665558,0.7999535202980042
0.8359681367874146,0.334462434053421,0.41741761565208435,0.6092184782028198,0.27014413475990295,0.43813052773475647
0.7621455788612366,0.6523093581199646,0.4607671797275543,0.6827217936515808,0.628058910369873,0.3998507857322693
0.976729154586792,0.9433484077453613,0.7333289384841919,0.7836222052574158,0.3110213279724121,0.4820765554904938
0.9209655523300171,0.5948505401611328,0.6620196104049683,0.7020204067230225,0.11105981469154358,0.19223417341709137
0.705905556678772,0.3697253465652466,0.7836360931396484,0.7666255235671997,0.4982428550720215,0.644178569316864
0.8702646493911743,0.6493631601333618,0.7305885553359985,0.9178710579872131,0.30205780267715454,0.7253567576408386
0.6895712018013,0.4606073498725891,0.4321644902229309,0.46880021691322327,0.31458619236946106,0.050482675433158875
0.9240760803222656,0.6612371802330017,0.7268458604812622,0.7812918424606323,0.4432809352874756,0.7156521081924438
0.9035065174102783,0.6954944729804993,0.8358826637268066,0.7790406942367554,0.48288509249687195,0.9049553871154785
0.9626164436340332,0.9059227705001831,0.6369373202323914,0.5537230372428894,0.48771539330482483,0.1897365301847458
0.9567577242851257,0.9195705056190491,0.8574348092079163,0.9115104079246521,0.6973787546157837,0.8308416604995728
0.9492231607437134,0.6905971765518188,0.812208354473114,0.9623105525970459,0.46778345108032227,0.8497697710990906
0.9302939176559448,0.7693654894828796,0.5944914221763611,0.7872130870819092,0.47960665822029114,0.8487014174461365
0.9961059093475342,0.8001850247383118,0.8484593033790588,0.7310709357261658,0.24234826862812042,0.9597591757774353
0.9658132195472717,0.6761724948883057,0.7928800582885742,0.682962954044342,0.5343088507652283,0.6262099742889404
0.963405430316925,0.21335193514823914,0.5054193139076233,0.834495484828949,0.29928281903266907,0.28441378474235535
0.8981826305389404,0.5919076800346375,0.5916862487792969,0.601694643497467,0.24939565360546112,0.8029451966285706
0.9537961483001709,0.6280825734138489,0.5745413303375244,0.8869498372077942,0.5898706912994385,0.6500585675239563
0.9566752314567566,0.4149092137813568,0.18932154774665833,0.2450152486562729,0.07034632563591003,0.12573754787445068
0.9589442014694214,0.7407784461975098,0.6817473769187927,0.6187334060668945,0.24654407799243927,0.9234421849250793
0.7704721689224243,0.5996003746986389,0.5807748436927795,0.49801862239837646,0.4020169973373413,0.46356290578842163
0.9951937198638916,0.9121547341346741,0.9571728110313416,0.9311757683753967,0.5939511060714722,0.9982159733772278
0.9614367485046387,0.5184803009033203,0.8113098740577698,0.7135899066925049,0.6783080697059631,0.2142767757177353
0.9474207758903503,0.7895584106445312,0.8737056851387024,0.9334074854850769,0.8131150007247925,0.8981298208236694
0.9958196878433228,0.7995914816856384,0.7294895648956299,0.8768354058265686,0.7523238658905029,0.8722788691520691
0.9944088459014893,0.9283496737480164,0.932559072971344,0.9763450622558594,0.7287975549697876,0.9856856465339661
0.860280454158783,0.8791012167930603,0.8906388282775879,0.8825453519821167,0.7435750961303711,0.8999381065368652
0.7975755333900452,0.5781063437461853,0.7322128415107727,0.7602694034576416,0.5004776120185852,0.7906849980354309
0.9760256409645081,0.9063095450401306,0.9349281787872314,0.9546172022819519,0.7283168435096741,0.9369679093360901
0.9964222311973572,0.9828340411186218,0.975684642791748,0.9862483143806458,0.8978655338287354,0.992738664150238
0.9885851740837097,0.8668375015258789,0.8197762966156006,0.7355645298957825,0.43568769097328186,0.638569712638855
0.43573296070098877,0.3481396734714508,0.15186896920204163,0.01031780056655407,0.00904929917305708,0.00209114165045321
0.9669127464294434,0.8171113133430481,0.8817012906074524,0.8515912294387817,0.7113183736801147,0.9875041246414185
0.9764657616615295,0.6688736081123352,0.8935133218765259,0.9869288206100464,0.6538310050964355,0.8600908517837524
0.9794837832450867,0.8988223075866699,0.7574721574783325,0.33126240968704224,0.6783656477928162,0.7130264043807983
0.9282848238945007,0.8041267395019531,0.6266281008720398,0.7382535338401794,0.3455115258693695,0.9183130860328674
0.9884399771690369,0.9121807813644409,0.9696756601333618,0.9536172747612,0.7344314455986023,0.7966046929359436
0.8162133693695068,0.5938856601715088,0.5898675918579102,0.552326500415802,0.37911784648895264,0.2933749556541443
0.8921006321907043,0.757398247718811,0.8884352445602417,0.5900217294692993,0.35123035311698914,0.3530225455760956
0.9941506385803223,0.9523620009422302,0.744390606880188,0.5583227276802063,0.32666146755218506,0.3095148205757141
0.6509840488433838,0.1556086391210556,0.23897399008274078,0.09479795396327972,0.02853769063949585,0.5826730728149414
0.8972645401954651,0.6759440898895264,0.7387363910675049,0.7876247763633728,0.43455564975738525,0.8005896806716919
0.9000246524810791,0.8092386722564697,0.715304434299469,0.9088018536567688,0.47764554619789124,0.8670874238014221
0.9781609773635864,0.7436001300811768,0.9067515730857849,0.8469556570053101,0.20143209397792816,0.9861483573913574
0.9592633843421936,0.8184471726417542,0.7596493363380432,0.8520436882972717,0.7493242025375366,0.9062356352806091
0.9504461884498596,0.7913759350776672,0.708638608455658,0.8623113632202148,0.45523661375045776,0.4332226812839508
0.9730688333511353,0.733960747718811,0.8861246705055237,0.9400070309638977,0.8104222416877747,0.8488494753837585
0.7588438987731934,0.7965134978294373,0.3479735851287842,0.4919079840183258,0.14607487618923187,0.8748558759689331
0.8677009344100952,0.7170884609222412,0.8820157647132874,0.9342916011810303,0.7769939303398132,0.8151496052742004
0.3514544367790222,0.2053145170211792,0.1657068133354187,0.20595021545886993,0.5250447392463684,0.18055668473243713
0.8977675437927246,0.9039252996444702,0.8278257846832275,0.9424163699150085,0.39858582615852356,0.8326489925384521
0.7826151251792908,0.6693916320800781,0.4288098216056824,0.6039450764656067,0.5582437515258789,0.38355663418769836
0.971699059009552,0.964009165763855,0.9571685791015625,0.9501204490661621,0.9658293724060059,0.9751188158988953
0.9282848238945007,0.8041267395019531,0.6266281008720398,0.7382535338401794,0.3455115258693695,0.9183130860328674
0.7251855134963989,0.21752162277698517,0.09978614747524261,0.44577649235725403,0.029074253514409065,0.13960495591163635
0.788756787776947,0.2854001224040985,0.8463324308395386,0.8693538308143616,0.2609544098377228,0.27563562989234924
0.9976649880409241,0.9937559366226196,0.9596031308174133,0.977837085723877,0.786471962928772,0.9988738894462585
0.9945806264877319,0.8535987138748169,0.5557592511177063,0.8641114234924316,0.19587114453315735,0.1244337409734726
0.9016502499580383,0.8270801901817322,0.46672770380973816,0.43064698576927185,0.06051954627037048,0.39330431818962097
0.9876390695571899,0.8747950196266174,0.9283251762390137,0.9696530699729919,0.650802731513977,0.923636794090271
0.9961803555488586,0.44851210713386536,0.2674601674079895,0.39651232957839966,0.49944427609443665,0.6070517301559448
0.9521629810333252,0.3634931147098541,0.685481071472168,0.7091996669769287,0.29526981711387634,0.6437643766403198
0.9453088641166687,0.9698963761329651,0.8780002593994141,0.8841051459312439,0.8303046226501465,0.911108136177063
0.993929922580719,0.8092849850654602,0.8669573664665222,0.9559058547019958,0.7591895461082458,0.8953304290771484
0.9967756271362305,0.9136049747467041,0.985519528388977,0.9902909994125366,0.8496444821357727,0.9577794671058655
0.9930599927902222,0.9738511443138123,0.9851428270339966,0.9828179478645325,0.7492123246192932,0.9608630537986755
0.8566809296607971,0.3886406123638153,0.6691257953643799,0.7407423853874207,0.43066108226776123,0.7046297192573547
0.912472665309906,0.5545830130577087,0.925473153591156,0.9593307375907898,0.30662938952445984,0.2867279350757599
0.06483558565378189,0.44889047741889954,0.19844307005405426,0.4194336533546448,0.7244284152984619,0.08469374477863312
0.6932492852210999,0.3875873386859894,0.5744521617889404,0.6836604475975037,0.37472546100616455,0.3737477958202362
0.508904755115509,0.3843753933906555,0.22938784956932068,0.37927594780921936,0.19956812262535095,0.15082886815071106
0.8633829355239868,0.615304172039032,0.744680643081665,0.8145031929016113,0.38394883275032043,0.9526265859603882
0.9100278615951538,0.5808029174804688,0.41513320803642273,0.7314271926879883,0.2672220468521118,0.8505864143371582
0.9784700274467468,0.5282745361328125,0.7938652634620667,0.8631752133369446,0.6002660989761353,0.5754131078720093
0.7988819479942322,0.3797723054885864,0.4683260917663574,0.6386553049087524,0.258184015750885,0.7614561915397644
0.6536877155303955,0.47120875120162964,0.3996191620826721,0.6031580567359924,0.30507034063339233,0.33782362937927246
0.929720938205719,0.5872949957847595,0.5118482112884521,0.7741655111312866,0.2563675343990326,0.36508575081825256
0.9848622679710388,0.7834261059761047,0.892800509929657,0.8870922327041626,0.5462506413459778,0.6797689199447632
0.5711305141448975,0.4158938527107239,0.40053096413612366,0.3139306604862213,0.4588642120361328,0.2258017659187317
0.989835798740387,0.721827507019043,0.8274505138397217,0.8423824906349182,0.3930097818374634,0.7717598080635071
0.9604526162147522,0.8227975368499756,0.6106064319610596,0.3673652410507202,0.1016821563243866,0.1738096922636032
0.9765201807022095,0.7393214702606201,0.6809883713722229,0.7085808515548706,0.5213682651519775,0.7461033463478088
0.5480319857597351,0.6200577616691589,0.6172884702682495,0.5500646233558655,0.22953787446022034,0.5153781175613403
0.9980826377868652,0.8277102112770081,0.9242333769798279,0.8883660435676575,0.8568882346153259,0.7658008933067322
0.9906684160232544,0.916384220123291,0.8119781017303467,0.9286279678344727,0.8712694644927979,0.8930896520614624
0.37073177099227905,0.5354214310646057,0.2321256548166275,0.3993782103061676,0.3326440751552582,0.16874511539936066
0.914653480052948,0.690130352973938,0.7300665974617004,0.7892810702323914,0.3941531181335449,0.719193160533905
0.9923601746559143,0.9096857905387878,0.9721611738204956,0.9879109859466553,0.9218726754188538,0.9659693241119385
0.8454095125198364,0.4222963750362396,0.4954566955566406,0.7951667904853821,0.6111300587654114,0.4278469979763031
0.8039198517799377,0.673283576965332,0.35418781638145447,0.583768904209137,0.15929150581359863,0.8470333218574524
0.940041184425354,0.24775518476963043,0.8794564604759216,0.9766714572906494,0.21259312331676483,0.16165730357170105
0.9844381809234619,0.7070537209510803,0.8920606374740601,0.8532540798187256,0.3746688961982727,0.83372563123703
0.9673817753791809,0.7911447286605835,0.8318920135498047,0.9003594517707825,0.553236186504364,0.8088556528091431
0.423652708530426,0.07768670469522476,0.15241608023643494,0.28052353858947754,0.12014850229024887,0.0865602046251297
0.8731494545936584,0.5694624781608582,0.7910962700843811,0.7736744284629822,0.23942886292934418,0.4129616320133209
0.9814709424972534,0.3723580539226532,0.9358188509941101,0.9898470640182495,0.27067533135414124,0.37092384696006775
0.9899887442588806,0.9645711183547974,0.8353644609451294,0.6960839629173279,0.264078825712204,0.46223920583724976
0.7688403129577637,0.688827395439148,0.6698958277702332,0.8307080268859863,0.40489059686660767,0.8017504811286926
0.8989677429199219,0.7719390392303467,0.2406824380159378,0.6901069283485413,0.16953499615192413,0.9470701217651367
0.29541316628456116,0.6425430178642273,0.3336166739463806,0.3586564064025879,0.06773791462182999,0.07668152451515198
0.8905704617500305,0.41067802906036377,0.2178356945514679,0.5450850129127502,0.164439395070076,0.10787079483270645
0.7072871923446655,0.45749521255493164,0.49557605385780334,0.5896990299224854,0.26198476552963257,0.3467312455177307
0.4016338884830475,0.5280998349189758,0.3847654163837433,0.35968634486198425,0.4593935012817383,0.2958606481552124
0.9549105763435364,0.9409383535385132,0.8311619162559509,0.9193370342254639,0.5222430229187012,0.33310776948928833
0.8439317345619202,0.44571465253829956,0.48431339859962463,0.36869513988494873,0.1726975291967392,0.0042774006724357605
0.9565610289573669,0.9293276071548462,0.7991859912872314,0.73042893409729,0.41855624318122864,0.43544062972068787
0.9917563199996948,0.817984402179718,0.9828510284423828,0.9876100420951843,0.788669764995575,0.9889407157897949
0.9422010183334351,0.7012217044830322,0.7345744371414185,0.7702776193618774,0.3748774230480194,0.6294842958450317
0.953070878982544,0.7240611910820007,0.7750170826911926,0.8857561349868774,0.3890380859375,0.8751804232597351
0.4101318418979645,0.5488891005516052,0.09521152824163437,0.19809599220752716,0.05714951828122139,0.11251785606145859
0.8812884092330933,0.6591254472732544,0.6302272081375122,0.7232435345649719,0.5524951219558716,0.816806435585022
0.883068859577179,0.2926650643348694,0.575793445110321,0.788189709186554,0.5038279891014099,0.6223419904708862
0.9658308029174805,0.6819999814033508,0.7245205044746399,0.7024284601211548,0.428435355424881,0.7956885695457458
0.6575214266777039,0.37631431221961975,0.2333967536687851,0.5795239210128784,0.26890066266059875,0.7927775979042053
0.9845287799835205,0.7345804572105408,0.5175437927246094,0.37696877121925354,0.04451745003461838,0.15236616134643555
0.7240774035453796,0.36199936270713806,0.41098418831825256,0.27026593685150146,0.0450122207403183,0.35520443320274353
0.8420629501342773,0.6246239542961121,0.6580994725227356,0.7895148396492004,0.27835386991500854,0.5334910154342651
0.9279411435127258,0.6844350695610046,0.717856228351593,0.7456521987915039,0.8417760133743286,0.7340095639228821
0.7536038756370544,0.3366416394710541,0.2812437117099762,0.46709534525871277,0.23096130788326263,0.7528194189071655
0.9738540649414062,0.8157617449760437,0.9320605993270874,0.9786804914474487,0.4942486584186554,0.9592715501785278
0.5609251260757446,0.546882152557373,0.1042027622461319,0.1481899470090866,0.04503165930509567,0.2637825310230255
0.8464915752410889,0.7825279831886292,0.4488113820552826,0.3285636007785797,0.18555565178394318,0.2514995336532593
0.9928409457206726,0.934886634349823,0.9787905812263489,0.9795726537704468,0.7149285078048706,0.9873799085617065
0.9760052561759949,0.8706792593002319,0.831096351146698,0.9469423890113831,0.4242215156555176,0.6070892810821533
0.9700473546981812,0.7163500189781189,0.7740724682807922,0.7716518044471741,0.46171635389328003,0.815991997718811
0.8257443308830261,0.626262366771698,0.6486567258834839,0.7290326952934265,0.4236658215522766,0.650499165058136
0.9302939176559448,0.7693654894828796,0.5944914221763611,0.7872130870819092,0.47960665822029114,0.8487014174461365
0.9668397903442383,0.8915886282920837,0.9013283252716064,0.9892849922180176,0.6810051798820496,0.8509005308151245
0.8023385405540466,0.5443206429481506,0.45790210366249084,0.6822765469551086,0.3610273003578186,0.651827871799469
0.9910345673561096,0.9607741832733154,0.8087263107299805,0.7716174125671387,0.5731931924819946,0.22666262090206146
0.9094079732894897,0.4595654308795929,0.6968112587928772,0.9204276204109192,0.5917309522628784,0.6234446167945862
0.8131112456321716,0.4391218423843384,0.8022342920303345,0.9379136562347412,0.61970055103302,0.8203713893890381
0.9978005886077881,0.7848384380340576,0.7179458737373352,0.8457356691360474,0.7521557807922363,0.5913769602775574
0.7759814858436584,0.40892767906188965,0.47652775049209595,0.570378303527832,0.4193421006202698,0.4109557569026947
0.9934338331222534,0.9617672562599182,0.952110230922699,0.9288202524185181,0.8033684492111206,0.8973884582519531
0.9551259279251099,0.39619937539100647,0.24995668232440948,0.674747109413147,0.7779238224029541,0.7784907221794128
0.9648122191429138,0.9138088226318359,0.6501212120056152,0.7565988898277283,0.3826436996459961,0.5835551023483276
0.9676647782325745,0.984328031539917,0.7630615234375,0.708050012588501,0.22014261782169342,0.7536017298698425
0.5665102601051331,0.4938621520996094,0.44615545868873596,0.5091979503631592,0.34185686707496643,0.4897247552871704
0.9806044101715088,0.7232673764228821,0.7824409008026123,0.9158685803413391,0.5244482159614563,0.685806393623352
0.8671496510505676,0.7602550387382507,0.3508625328540802,0.6185723543167114,0.18475903570652008,0.8762915730476379
0.747379720211029,0.49415645003318787,0.5173389911651611,0.6049891710281372,0.5146715641021729,0.7160805463790894
0.984326183795929,0.8215248584747314,0.9290920495986938,0.9691252112388611,0.8967498540878296,0.9295789003372192
0.9551906585693359,0.7448425889015198,0.8066636323928833,0.855966329574585,0.34056273102760315,0.921423614025116
0.9820564985275269,0.7472447156906128,0.989721417427063,0.9502726197242737,0.6811656951904297,0.8190410137176514
0.7864173054695129,0.4760304093360901,0.9208791255950928,0.4137190282344818,0.3265671133995056,0.15630699694156647
0.9909167289733887,0.9559248089790344,0.9561989307403564,0.9768235683441162,0.7742182016372681,0.973308801651001
0.9558297991752625,0.870410680770874,0.9972307682037354,0.8668397068977356,0.14903736114501953,0.560091495513916
0.8601157665252686,0.3975163400173187,0.5781103372573853,0.6544300317764282,0.3055835962295532,0.659144937992096
0.5152221918106079,0.7512807250022888,0.11796018481254578,0.11919013410806656,0.12066343426704407,0.05778657644987106
0.904897928237915,0.8110820651054382,0.3864750564098358,0.29950830340385437,0.9034568667411804,0.050623223185539246
0.8567951917648315,0.8259591460227966,0.30370521545410156,0.6212179660797119,0.17553868889808655,0.8961837887763977
0.6603118181228638,0.6597626209259033,0.22722309827804565,0.44397154450416565,0.4304213523864746,0.711575448513031
0.6290075778961182,0.25954145193099976,0.28617560863494873,0.6580873727798462,0.11180653423070908,0.23770394921302795
0.647007167339325,0.5089119672775269,0.5643194913864136,0.7027105093002319,0.2588210701942444,0.5069364309310913
0.982923150062561,0.8274003863334656,0.8851560950279236,0.9616428017616272,0.7970462441444397,0.9492762088775635
0.8705168962478638,0.692443311214447,0.8136813640594482,0.8736735582351685,0.44236475229263306,0.7625458836555481
0.852122962474823,0.9466078877449036,0.5550763607025146,0.2882896363735199,0.002291550859808922,0.0010048459516838193
0.7747287750244141,0.34129151701927185,0.4008203148841858,0.6851342916488647,0.3925277590751648,0.4602527320384979
0.2525942325592041,0.4296310245990753,0.3745660185813904,0.4953669011592865,0.9170600771903992,0.723518967628479
0.9302939176559448,0.7693654894828796,0.5944914221763611,0.7872130870819092,0.47960665822029114,0.8487014174461365
0.9378169178962708,0.6166261434555054,0.6788438558578491,0.82827228307724,0.37506839632987976,0.6688640117645264
0.8625719547271729,0.6851328611373901,0.7769559025764465,0.4574856758117676,0.33432620763778687,0.5074129104614258
0.9877248406410217,0.9850234985351562,0.984041690826416,0.8765375018119812,0.11643403768539429,0.047489266842603683
0.8965668678283691,0.8877134323120117,0.7285637855529785,0.7138530015945435,0.34202849864959717,0.39033153653144836
0.892301082611084,0.8170070648193359,0.303110808134079,0.6765449047088623,0.18920260667800903,0.9518969655036926
0.9094318151473999,0.9605779051780701,0.8569393157958984,0.8344626426696777,0.5028626918792725,0.8631268739700317
0.9189720153808594,0.697863757610321,0.5820108652114868,0.775046706199646,0.1452748030424118,0.6750569343566895
0.9892634749412537,0.9891610145568848,0.8820465803146362,0.8561637997627258,0.42288246750831604,0.22609136998653412
0.17589405179023743,0.16501188278198242,0.052878107875585556,0.04649617522954941,0.023374760523438454,0.0048207067884504795
0.9846926927566528,0.8229876756668091,0.8865413665771484,0.8764751553535461,0.7018479108810425,0.8882280588150024
0.927608847618103,0.9279860854148865,0.9715088605880737,0.959313154220581,0.7678682804107666,0.9008316993713379
0.9603535532951355,0.8187404870986938,0.8349202275276184,0.7608705163002014,0.6652360558509827,0.7668198347091675
0.9727960824966431,0.905153751373291,0.9784078598022461,0.8644241690635681,0.59992915391922,0.037023838609457016
0.41400420665740967,0.7277126312255859,0.7812243103981018,0.9087920188903809,0.48871442675590515,0.5465845465660095
0.6487105488777161,0.35022035241127014,0.12206639349460602,0.5742440819740295,0.44008198380470276,0.06870962679386139
0.9450473785400391,0.7756020426750183,0.8641757965087891,0.8036222457885742,0.8333657383918762,0.9930511713027954
0.9914459586143494,0.7143653035163879,0.8376346826553345,0.883575439453125,0.47706401348114014,0.979114830493927
0.9827259182929993,0.8617637753486633,0.895854651927948,0.9198676347732544,0.9587146043777466,0.9651566743850708
0.9961048364639282,0.982175886631012,0.9807819128036499,0.7758290767669678,0.4146774113178253,0.3934552073478699
0.8864091634750366,0.6237618923187256,0.5195218920707703,0.6420584917068481,0.716100811958313,0.5847914218902588
0.9479510188102722,0.7043625712394714,0.9093962907791138,0.8944548964500427,0.6953103542327881,0.7715499401092529
0.9349852204322815,0.7233827114105225,0.6847774386405945,0.656484842300415,0.31739452481269836,0.606395423412323
0.9468470811843872,0.7778598666191101,0.9767177104949951,0.9771126508712769,0.4464169144630432,0.9818570017814636
0.9282848238945007,0.8041267395019531,0.6266281008720398,0.7382535338401794,0.3455115258693695,0.9183130860328674
0.9810165166854858,0.8512764573097229,0.9877296090126038,0.9783667922019958,0.7501421570777893,0.9850010275840759
0.9478350877761841,0.9408101439476013,0.7283843755722046,0.7909737229347229,0.6404305696487427,0.6219263076782227
0.4823291599750519,0.5983241200447083,0.7116422057151794,0.79400634765625,0.692428469657898,0.6714891195297241
0.964957594871521,0.8704988360404968,0.9093614816665649,0.9401334524154663,0.5185442566871643,0.8494967222213745
0.8652119040489197,0.595665693283081,0.360751211643219,0.4595930278301239,0.8476945757865906,0.2666650414466858
0.9745741486549377,0.5461961627006531,0.8127517700195312,0.9423516392707825,0.5586677193641663,0.9316336512565613
0.9663698077201843,0.8644123673439026,0.8824169039726257,0.8726072907447815,0.8947082161903381,0.829945981502533
0.8005170822143555,0.7760651707649231,0.2874414026737213,0.6680335998535156,0.1735430657863617,0.9021804928779602
0.37776198983192444,0.34548771381378174,0.18957380950450897,0.23308297991752625,0.12313621491193771,0.19609911739826202
0.9759492874145508,0.6505240797996521,0.8259679675102234,0.8566961884498596,0.603626549243927,0.8762749433517456
0.49504297971725464,0.006726973690092564,0.12177854031324387,0.14719688892364502,0.009736109524965286,0.0005365331307984889
0.989791989326477,0.8745593428611755,0.9314064383506775,0.9202710390090942,0.4751138687133789,0.8210328817367554
0.8546112775802612,0.533789873123169,0.58633953332901,0.867055356502533,0.28457120060920715,0.29889750480651855
0.7508661150932312,0.3195200562477112,0.156447172164917,0.3662164509296417,0.1284777969121933,0.2779259979724884
0.9527273178100586,0.886306643486023,0.7563616037368774,0.7704133987426758,0.22719810903072357,0.6757522821426392
0.9302619099617004,0.8829653263092041,0.5692048668861389,0.6861674189567566,0.13246242702007294,0.5032026171684265
0.9142284989356995,0.7862051129341125,0.7228537797927856,0.6716028451919556,0.8502368330955505,0.7920467853546143
0.22055862843990326,0.3564879894256592,0.2684886157512665,0.5640525817871094,0.5871090292930603,0.37818068265914917
0.7062483429908752,0.6170443892478943,0.6374284029006958,0.6781651377677917,0.3156990110874176,0.5149144530296326
0.994569718837738,0.9307916164398193,0.9782598614692688,0.9138042330741882,0.3911033868789673,0.8564349412918091
0.11337258666753769,0.21067512035369873,0.17706622183322906,0.43872126936912537,0.45290714502334595,0.19671663641929626
0.9045258164405823,0.8511179685592651,0.9265615940093994,0.9309186935424805,0.6551673412322998,0.9007192850112915
0.06594384461641312,0.46960175037384033,0.4799194931983948,0.4370121359825134,0.5279322266578674,0.01074867881834507
0.9688664078712463,0.8499873280525208,0.7907371520996094,0.8578683137893677,0.7083137631416321,0.8665192127227783
0.7823260426521301,0.7446842789649963,0.5405604243278503,0.5341288447380066,0.31514373421669006,0.5165770649909973
0.987185537815094,0.8719358444213867,0.9410995244979858,0.8147920370101929,0.32419389486312866,0.4938155710697174
0.9416302442550659,0.8905734419822693,0.8992956280708313,0.9293507933616638,0.7325235605239868,0.6564902663230896
0.8745997548103333,0.6227643489837646,0.5122743844985962,0.8752473592758179,0.6857516765594482,0.8908346891403198
0.9357274174690247,0.6967325210571289,0.8767231106758118,0.8850839138031006,0.46195006370544434,0.4312978982925415
0.9716746807098389,0.8788145780563354,0.8258427381515503,0.6536882519721985,0.2789584994316101,0.7093956470489502
0.9911862015724182,0.9779584407806396,0.8994802236557007,0.6937770843505859,0.2009601891040802,0.8373518586158752
0.8825967311859131,0.5461360216140747,0.6294699907302856,0.5437092185020447,0.3206076920032501,0.616352379322052
0.9031198620796204,0.45165783166885376,0.508013904094696,0.7336856126785278,0.5073752403259277,0.3333989083766937
0.9504637122154236,0.9881317615509033,0.7357656359672546,0.7934605479240417,0.3764636218547821,0.7940395474433899
0.9155324101448059,0.9266024827957153,0.4789098799228668,0.4170825481414795,0.12368915975093842,0.24816463887691498
0.5125225186347961,0.5690914988517761,0.6786100268363953,0.5499445796012878,0.2824132740497589,0.16374409198760986
0.179487943649292,0.24752819538116455,0.05665984004735947,0.19016312062740326,0.10246793180704117,0.10560117661952972
0.426627516746521,0.16508078575134277,0.3695172965526581,0.5782539248466492,0.06658419966697693,0.23294545710086823
0.9717099070549011,0.5495547652244568,0.950374960899353,0.9888876080513,0.5112025737762451,0.40861454606056213
0.7366666197776794,0.5732187032699585,0.4855949580669403,0.6431384086608887,0.21582259237766266,0.8756227493286133
0.16246332228183746,0.12599560618400574,0.030330294743180275,0.07873854786157608,0.08548839390277863,0.0459732748568058
0.9579746723175049,0.7838097810745239,0.8763846755027771,0.8528690338134766,0.7977696061134338,0.8342486619949341
0.9628197550773621,0.6124301552772522,0.6306458711624146,0.7170991897583008,0.42874598503112793,0.47733983397483826
0.8319907784461975,0.5223362445831299,0.623792290687561,0.6477176547050476,0.3871990144252777,0.7038589119911194
0.9004146456718445,0.5391283631324768,0.663571298122406,0.6191888451576233,0.39885956048965454,0.5981554388999939
0.7927286028862,0.5586675405502319,0.6278721690177917,0.5926804542541504,0.21612711250782013,0.2609780728816986
0.32996153831481934,0.26859697699546814,0.36206111311912537,0.9297687411308289,0.47577106952667236,0.05555526539683342
0.32382357120513916,0.10165049135684967,0.07641495764255524,0.027669740840792656,0.1324162483215332,0.04594516381621361
0.9108001589775085,0.899461567401886,0.8846354484558105,0.5394056439399719,0.21934159100055695,0.3947512209415436
0.46400225162506104,0.4862753450870514,0.5185388922691345,0.632439911365509,0.39091891050338745,0.26517143845558167
0.9723597764968872,0.8312249183654785,0.9144133925437927,0.9492495059967041,0.6625595092773438,0.9784743189811707
0.9368842244148254,0.7075074315071106,0.7938361167907715,0.7767637968063354,0.2696315050125122,0.31296536326408386
0.9974402189254761,0.9565691351890564,0.921541690826416,0.9712225198745728,0.9078065752983093,0.9812385439872742
0.9598041772842407,0.8872504830360413,0.7765862941741943,0.7576982975006104,0.6823093295097351,0.7261419892311096
0.9486976861953735,0.6462905406951904,0.703029215335846,0.7490809559822083,0.3578682541847229,0.6431705355644226
0.8519936800003052,0.5381304621696472,0.35786402225494385,0.6176499128341675,0.2747616469860077,0.595590353012085
0.9346241354942322,0.8399799466133118,0.9758255481719971,0.9383592009544373,0.6142457127571106,0.6368377208709717
0.958216667175293,0.8035295605659485,0.8801099061965942,0.9188024997711182,0.5283527970314026,0.5092459321022034
0.9714950323104858,0.4103797972202301,0.30557629466056824,0.9295662641525269,0.26179221272468567,0.18188908696174622
0.9282848238945007,0.8041267395019531,0.6266281008720398,0.7382535338401794,0.3455115258693695,0.9183130860328674
0.8148143887519836,0.8310624957084656,0.8484330177307129,0.5752206444740295,0.2569432258605957,0.22389040887355804
0.9716328382492065,0.8967762589454651,0.820202648639679,0.8001362681388855,0.2612559199333191,0.5200689435005188
0.8215155601501465,0.7991040349006653,0.3340548872947693,0.6942651867866516,0.21787871420383453,0.9151334762573242
0.9737794995307922,0.5360689163208008,0.49263012409210205,0.5497452616691589,0.41848447918891907,0.32421448826789856
0.9946543574333191,0.9817177653312683,0.8480761647224426,0.9227181077003479,0.7382673025131226,0.8578450083732605
0.7892889976501465,0.8402661681175232,0.7897894978523254,0.7026963829994202,0.7427670955657959,0.5802303552627563
0.9776598215103149,0.8461579084396362,0.6978499293327332,0.7176224589347839,0.6958518624305725,0.2901398241519928
0.8564164638519287,0.8343630433082581,0.851150393486023,0.8341975212097168,0.6463884115219116,0.650650680065155
0.9204427599906921,0.5670629143714905,0.7024678587913513,0.7947182655334473,0.4031062722206116,0.8085725903511047
0.9139034748077393,0.9399925470352173,0.7016423940658569,0.7321587800979614,0.4661027789115906,0.6031493544578552
0.8651573061943054,0.7314708828926086,0.7419478297233582,0.7969290614128113,0.4871869385242462,0.5250188708305359
0.849842369556427,0.7477644681930542,0.26302778720855713,0.5463054180145264,0.17217785120010376,0.8926734924316406
0.8640128374099731,0.7783550024032593,0.5944569706916809,0.741278886795044,0.346172958612442,0.6198254823684692
0.5986111164093018,0.41230395436286926,0.3406008183956146,0.258055716753006,0.22977638244628906,0.3170584738254547
0.995759904384613,0.9097338318824768,0.9918481111526489,0.9811654090881348,0.8631241917610168,0.9270040392875671
0.978333055973053,0.5406970977783203,0.9624741077423096,0.8221721053123474,0.6707873940467834,0.7786828279495239
0.9060741066932678,0.492354154586792,0.6358708143234253,0.7677109241485596,0.4527495205402374,0.5144509673118591
0.927544355392456,0.5069478750228882,0.7024440765380859,0.6461828947067261,0.316092312335968,0.5175406336784363
0.9282848238945007,0.8041267395019531,0.6266281008720398,0.7382535338401794,0.3455115258693695,0.9183130860328674
0.4442965090274811,0.22040089964866638,0.16114787757396698,0.21226568520069122,0.1447024643421173,0.11787600815296173
0.9119634628295898,0.8935676217079163,0.992470383644104,0.7908751964569092,0.3179920017719269,0.4314170479774475
0.979285717010498,0.9898790121078491,0.7038136124610901,0.6099317073822021,0.3761409521102905,0.2656843662261963
0.9904391765594482,0.697395920753479,0.9379913210868835,0.9176974296569824,0.625515878200531,0.8954154849052429
0.9051992297172546,0.8507922291755676,0.8824418187141418,0.8920321464538574,0.5682701468467712,0.8024615049362183
0.9282848238945007,0.8041267395019531,0.6266281008720398,0.7382535338401794,0.3455115258693695,0.9183130860328674
0.985733151435852,0.7223120927810669,0.8527946472167969,0.9625003933906555,0.7044978141784668,0.8980660438537598
0.8004544377326965,0.563273549079895,0.3443455696105957,0.652535080909729,0.5019171237945557,0.5345837473869324
0.9855768084526062,0.7924162149429321,0.9530919790267944,0.9498173594474792,0.5153891444206238,0.8993576169013977
0.9669052958488464,0.9665255546569824,0.8939577341079712,0.9856991767883301,0.5640748739242554,0.5127667784690857
0.939501941204071,0.721718966960907,0.8093060255050659,0.861924946308136,0.687749981880188,0.9452110528945923
0.8270229697227478,0.7716104984283447,0.7508583068847656,0.7870020270347595,0.720262348651886,0.6699890494346619
0.9792364239692688,0.9286264181137085,0.7504135370254517,0.8899961709976196,0.831115186214447,0.956182062625885
0.9700709581375122,0.961593508720398,0.9336215853691101,0.9654229879379272,0.8559241890907288,0.9421753883361816
0.7202566862106323,0.36860191822052,0.5207927823066711,0.2339993268251419,0.24444429576396942,0.038175880908966064
0.7946898341178894,0.7870966792106628,0.2901817560195923,0.6923028826713562,0.2549811601638794,0.8886801600456238
0.9855760335922241,0.7213895320892334,0.39234402775764465,0.7372174263000488,0.5374143123626709,0.34519726037979126
0.9052425622940063,0.6673872470855713,0.5632486343383789,0.9021797776222229,0.29612255096435547,0.27107566595077515
0.9083803296089172,0.8488340973854065,0.9297157526016235,0.9856792092323303,0.33418476581573486,0.6068865060806274
0.9008183479309082,0.8910173773765564,0.7851676940917969,0.8587084412574768,0.8449648022651672,0.5791928172111511
0.9624282121658325,0.49387505650520325,0.6300294399261475,0.795711874961853,0.2863457202911377,0.5713452696800232
0.903549313545227,0.6161913275718689,0.5900435447692871,0.7055288553237915,0.24110396206378937,0.3547305166721344
0.9976102709770203,0.8321171998977661,0.9242191314697266,0.9900460839271545,0.7516134977340698,0.9879884123802185
0.9302939176559448,0.7693654894828796,0.5944914221763611,0.7872130870819092,0.47960665822029114,0.8487014174461365
0.9086291193962097,0.8293627500534058,0.3305359482765198,0.807269275188446,0.18589510023593903,0.9678028225898743
0.9198086261749268,0.8276658654212952,0.8852224946022034,0.717107355594635,0.9438939690589905,0.8733590245246887
0.05185752362012863,0.35092276334762573,0.14261038601398468,0.20967136323451996,0.16917547583580017,0.05867987498641014
0.9744409918785095,0.8369782567024231,0.8625770211219788,0.6213836073875427,0.19796937704086304,0.24200952053070068
0.8615112900733948,0.9541783332824707,0.6129488945007324,0.5985357165336609,0.49301213026046753,0.23784242570400238
0.7426099181175232,0.5339661240577698,0.43768227100372314,0.528104305267334,0.38837486505508423,0.5937007069587708
0.8950865864753723,0.46178102493286133,0.25545844435691833,0.3826700448989868,0.26369500160217285,0.2546347379684448
0.9231745600700378,0.8317385911941528,0.5285428762435913,0.420295774936676,0.8956116437911987,0.9296116828918457
0.9516972899436951,0.9282270073890686,0.8339642882347107,0.9222566485404968,0.5737578868865967,0.7034701704978943
0.9302939176559448,0.7693654894828796,0.5944914221763611,0.7872130870819092,0.47960665822029114,0.8487014174461365
0.972986102104187,0.6047062873840332,0.6206039190292358,0.8409643769264221,0.4459456205368042,0.721057653427124
0.9971891045570374,0.9071251749992371,0.9339592456817627,0.9756345748901367,0.9669021368026733,0.8253536820411682
0.9282848238945007,0.8041267395019531,0.6266281008720398,0.7382535338401794,0.3455115258693695,0.9183130860328674
0.4721686542034149,0.5263572335243225,0.29926005005836487,0.4207940399646759,0.4068898558616638,0.20312197506427765
0.9923179149627686,0.8468081951141357,0.893071174621582,0.9395949244499207,0.3905218243598938,0.8342657089233398
0.9848515391349792,0.8373807668685913,0.9422046542167664,0.9438660740852356,0.971269428730011,0.970516562461853
0.9254984259605408,0.8794160485267639,0.36316871643066406,0.8556599617004395,0.22712944447994232,0.9687616229057312
0.8300065398216248,0.6959995031356812,0.7678037881851196,0.5772628784179688,0.7867587208747864,0.565588653087616
0.9721056222915649,0.8218405842781067,0.8448216319084167,0.9488750696182251,0.8897413611412048,0.8554656505584717
0.9957746267318726,0.8596594333648682,0.9605230093002319,0.9800010323524475,0.726075291633606,0.9752633571624756
0.7391670346260071,0.21263645589351654,0.2646613121032715,0.5502143502235413,0.3360949754714966,0.6302099823951721
0.9825390577316284,0.9414286017417908,0.9617800116539001,0.9515791535377502,0.8727856874465942,0.917574942111969
0.9799866676330566,0.8323074579238892,0.8892102241516113,0.8770708441734314,0.6444412469863892,0.8891609907150269
0.8629423975944519,0.8452161550521851,0.8608413338661194,0.6931363940238953,0.3736524283885956,0.2642649710178375
0.9282848238945007,0.8041267395019531,0.6266281008720398,0.7382535338401794,0.3455115258693695,0.9183130860328674
0.8602745532989502,0.8749052882194519,0.5653975605964661,0.5730414986610413,0.16417258977890015,0.4602976441383362
0.6650205850601196,0.4754367470741272,0.6389283537864685,0.6697860956192017,0.3785710632801056,0.6275268793106079
0.9890245199203491,0.8508748412132263,0.8773496150970459,0.9402660727500916,0.722061276435852,0.9117023348808289
0.9618509411811829,0.5813325643539429,0.9759069085121155,0.984745442867279,0.9772574305534363,0.7499191761016846
0.9868798851966858,0.8636212944984436,0.9664784669876099,0.9368306398391724,0.6021082401275635,0.8955472707748413
0.7855005860328674,0.5250023603439331,0.5324541926383972,0.48396334052085876,0.266489714384079,0.4474678039550781
0.69255131483078,0.5398913621902466,0.5175852179527283,0.9163681864738464,0.13308580219745636,0.9010167121887207
0.9721566438674927,0.8212698698043823,0.8908516764640808,0.8846430778503418,0.5859307050704956,0.8087828755378723
0.98417729139328,0.8805508613586426,0.9728989601135254,0.817891538143158,0.3250742554664612,0.6861348152160645
0.8678888082504272,0.8636025190353394,0.9044046998023987,0.8084951043128967,0.5358899235725403,0.9857882857322693
0.9983786344528198,0.8787691593170166,0.8257604837417603,0.8709930777549744,0.21987204253673553,0.5743780136108398
0.790511429309845,0.5843408703804016,0.5019845366477966,0.5367531180381775,0.22639447450637817,0.39011120796203613
0.9479227662086487,0.8689101338386536,0.9540640115737915,0.9792345762252808,0.8331249356269836,0.9137571454048157
0.936343252658844,0.5992962121963501,0.6271676421165466,0.6958574056625366,0.48862358927726746,0.5407953262329102
0.5374955534934998,0.19460375607013702,0.2520543932914734,0.40182119607925415,0.09956986457109451,0.06877688318490982
0.9335148930549622,0.8366882801055908,0.9962483644485474,0.9034903049468994,0.25797954201698303,0.7912459373474121
0.774631142616272,0.7321131825447083,0.3956228494644165,0.6457587480545044,0.29184919595718384,0.8205705881118774
0.978593647480011,0.7429748773574829,0.9206900596618652,0.9437008500099182,0.6189023852348328,0.9177671670913696
0.8993873000144958,0.6796649694442749,0.8408810496330261,0.8574833869934082,0.6433141827583313,0.8869231343269348
0.8666593432426453,0.7392289638519287,0.6746731996536255,0.8078811168670654,0.5276976227760315,0.6104521155357361
0.8513959050178528,0.9014639258384705,0.9892314672470093,0.873116135597229,0.04850929230451584,0.09519771486520767
0.8072444200515747,0.4588775038719177,0.4740942120552063,0.5585055947303772,0.7360378503799438,0.9273682832717896
0.6293171644210815,0.3353131413459778,0.25366365909576416,0.5642157793045044,0.3009050488471985,0.24742186069488525
0.45405545830726624,0.407973974943161,0.3067099153995514,0.6724101305007935,0.42404264211654663,0.2486533671617508
0.9302939176559448,0.7693654894828796,0.5944914221763611,0.7872130870819092,0.47960665822029114,0.8487014174461365
0.9118494391441345,0.49582862854003906,0.5880864262580872,0.6965869665145874,0.2656000256538391,0.7117591500282288
0.9928326606750488,0.8575985431671143,0.8359962701797485,0.9232311248779297,0.7248830795288086,0.9402502179145813
0.716215193271637,0.7085381150245667,0.7368242740631104,0.7688068747520447,0.6655830144882202,0.4697016775608063
0.9089462757110596,0.9833784699440002,0.8762596249580383,0.9028828144073486,0.46044307947158813,0.8145219683647156
0.9659252762794495,0.9139354228973389,0.9593397378921509,0.6997820138931274,0.3509742319583893,0.39831027388572693
0.9597601294517517,0.919959306716919,0.9656305313110352,0.957423985004425,0.7184128165245056,0.8566622138023376
0.9855238199234009,0.8959101438522339,0.953429639339447,0.9120731353759766,0.833866536617279,0.8482426404953003
0.9226969480514526,0.6846117973327637,0.7622504234313965,0.6484076976776123,0.2694496810436249,0.35710662603378296
0.9411231875419617,0.8470826148986816,0.895481526851654,0.8796696662902832,0.6816286444664001,0.6149705648422241
0.36034196615219116,0.41577088832855225,0.2779601514339447,0.26095929741859436,0.1852714568376541,0.1697155088186264
0.941495418548584,0.38906624913215637,0.5639021396636963,0.5730063915252686,0.30463629961013794,0.44962236285209656
0.7323220372200012,0.6906317472457886,0.5069167613983154,0.6103267669677734,0.429823637008667,0.4537474513053894
0.9875426292419434,0.9057514667510986,0.9653809070587158,0.980268657207489,0.7184019684791565,0.9507712721824646
0.19589652121067047,0.051495518535375595,0.14629147946834564,0.08249739557504654,0.019690832123160362,0.042454637587070465
0.9343247413635254,0.7210128903388977,0.8958258032798767,0.920232892036438,0.4031882584095001,0.6183249354362488
0.6576080322265625,0.46716806292533875,0.4030882716178894,0.500250518321991,0.4817621409893036,0.5444966554641724
0.9845011830329895,0.7917851805686951,0.6534366607666016,0.73115074634552,0.690751850605011,0.7901528477668762
0.9720732569694519,0.8262282013893127,0.8480772972106934,0.8036620020866394,0.5625689625740051,0.8519092202186584
0.9586499929428101,0.9150987863540649,0.6757876873016357,0.7935287952423096,0.9227948784828186,0.6114354133605957
0.9859787821769714,0.8949631452560425,0.8858013153076172,0.9736714363098145,0.22127953171730042,0.8274767398834229
0.9580457210540771,0.8536744117736816,0.858405351638794,0.8544317483901978,0.6049463748931885,0.8992480635643005
0.5662429332733154,0.49231821298599243,0.4133263826370239,0.4945310354232788,0.3055468499660492,0.4127087891101837
0.9155464172363281,0.8433259725570679,0.753930389881134,0.40790683031082153,0.25210729241371155,0.2154543548822403
0.8912608027458191,0.7458410263061523,0.2312944084405899,0.665353536605835,0.1600130945444107,0.9470362067222595
0.6069186329841614,0.28208714723587036,0.24101337790489197,0.6065608859062195,0.20318163931369781,0.521693766117096
0.8322151303291321,0.4501517713069916,0.4307413697242737,0.3509121239185333,0.18592111766338348,0.6366363763809204
0.9157071709632874,0.6797230243682861,0.7044264078140259,0.7653265595436096,0.3459889888763428,0.6787689924240112
0.5751286149024963,0.17578256130218506,0.02589653618633747,0.07157138735055923,0.05454152449965477,0.09817393124103546
0.659888505935669,0.8669053912162781,0.608186662197113,0.29310038685798645,0.010716778226196766,0.03502991795539856
0.8314787745475769,0.7531383633613586,0.7389326095581055,0.4633459448814392,0.3075476884841919,0.14930541813373566
0.8050854802131653,0.8032914996147156,0.3073463439941406,0.6551640629768372,0.22659553587436676,0.823249340057373
0.9343699216842651,0.5722299218177795,0.5526814460754395,0.6293849349021912,0.5590943694114685,0.9658908843994141
0.9402979016304016,0.9154252409934998,0.9237872958183289,0.8998687267303467,0.9049675464630127,0.8780081868171692
0.8772681951522827,0.7009686827659607,0.3852044939994812,0.3073846399784088,0.3357631266117096,0.1320362091064453
0.9479979276657104,0.6006918549537659,0.6508673429489136,0.8681325316429138,0.3761698007583618,0.2916674315929413
0.8056641817092896,0.5891634225845337,0.13319681584835052,0.12942636013031006,0.46688488125801086,0.3596508800983429
0.9120774269104004,0.8675742149353027,0.7842356562614441,0.6681373119354248,0.47314321994781494,0.5716182589530945
0.7816470861434937,0.5910094380378723,0.5930522084236145,0.7160717844963074,0.34863948822021484,0.4835551679134369
0.8604149222373962,0.5935766100883484,0.8177109360694885,0.9134122133255005,0.508734405040741,0.7728485465049744
0.8394476175308228,0.6376045942306519,0.7345004677772522,0.7587182521820068,0.6538450121879578,0.8245212435722351
0.9621486067771912,0.9663054943084717,0.9367779493331909,0.9335227012634277,0.30087810754776,0.7278232574462891
0.8137521743774414,0.7755716443061829,0.305769681930542,0.6491208076477051,0.21004001796245575,0.8028104305267334
0.7433437705039978,0.347849577665329,0.20054973661899567,0.3039284348487854,0.14090074598789215,0.246882364153862
0.9909843802452087,0.9353494048118591,0.968382716178894,0.9819536209106445,0.7822513580322266,0.9888111352920532
0.9079248905181885,0.872168242931366,0.8350409269332886,0.7899246215820312,0.608282744884491,0.8764657378196716
0.7777153849601746,0.4629572033882141,0.634484052658081,0.7872217297554016,0.32565176486968994,0.6787034869194031
0.8772550225257874,0.7385337352752686,0.7631236910820007,0.7123040556907654,0.5070169568061829,0.6874351501464844
0.9221314191818237,0.6601493954658508,0.7236813306808472,0.7551259994506836,0.8893799185752869,0.6232073903083801
0.9537961483001709,0.6280825734138489,0.5745413303375244,0.8869498372077942,0.5898706912994385,0.6500585675239563
0.9734616875648499,0.7726804614067078,0.9084816575050354,0.9560509324073792,0.6048086881637573,0.9319759011268616
0.9897701144218445,0.7067943215370178,0.9377416968345642,0.9458512663841248,0.6706556081771851,0.8903573751449585
0.993402898311615,0.9078766703605652,0.894328773021698,0.9665567874908447,0.5379423499107361,0.899982750415802
0.9892258048057556,0.6660115718841553,0.7369171977043152,0.8927479982376099,0.39300617575645447,0.8377692103385925
0.9148080945014954,0.6537212133407593,0.8267946839332581,0.1738540381193161,0.19401034712791443,0.7691059112548828
0.9873178005218506,0.7639594674110413,0.8610756397247314,0.9622182846069336,0.8747154474258423,0.9281581044197083
0.931372880935669,0.8269906640052795,0.8736389875411987,0.7274256944656372,0.033355437219142914,0.6019071936607361
0.9762136340141296,0.986224889755249,0.9928678274154663,0.9791088104248047,0.5537230968475342,0.9797484874725342
0.5770589113235474,0.5105822682380676,0.25862574577331543,0.4115069508552551,0.21434573829174042,0.6995731592178345
0.9608948230743408,0.8703802227973938,0.8656259179115295,0.7306606769561768,0.5861501097679138,0.32833603024482727
0.9408089518547058,0.8405150771141052,0.9104092121124268,0.850135862827301,0.6813530921936035,0.7520207166671753
0.8959370851516724,0.7923494577407837,0.6690555214881897,0.8027852773666382,0.494399756193161,0.664317786693573
0.9883065819740295,0.9391643404960632,0.9329888820648193,0.7717440128326416,0.31823939085006714,0.7737888693809509
0.24029311537742615,0.17616258561611176,0.11090017855167389,0.3538980782032013,0.084832102060318,0.04224558547139168
0.984265923500061,0.9492486119270325,0.923083484172821,0.9466467499732971,0.5827211737632751,0.6046883463859558
0.9865034222602844,0.809080183506012,0.9041600823402405,0.9121363162994385,0.5820844173431396,0.823931872844696
0.021453246474266052,0.010105992667376995,0.010088732466101646,0.034052830189466476,0.007257712539285421,0.019233930855989456
0.7409123182296753,0.7930094003677368,0.3378676474094391,0.6095399260520935,0.6264276504516602,0.9204225540161133
0.9839925169944763,0.9964396357536316,0.8866617679595947,0.9561576843261719,0.27934929728507996,0.004407740663737059
0.5574269890785217,0.6970309615135193,0.738188624382019,0.714078962802887,0.6149829626083374,0.6135790348052979
0.7529844045639038,0.40427735447883606,0.5667364597320557,0.6259785890579224,0.28754276037216187,0.9071493148803711
0.9078450202941895,0.690215528011322,0.9038184881210327,0.8671022057533264,0.27060991525650024,0.6176945567131042
0.9891267418861389,0.8935116529464722,0.9155911803245544,0.827435314655304,0.8163731098175049,0.7347993850708008
0.49504297971725464,0.006726973690092564,0.12177854031324387,0.14719688892364502,0.009736109524965286,0.0005365331307984889
0.8023385405540466,0.5443206429481506,0.45790210366249084,0.6822765469551086,0.3610273003578186,0.651827871799469
0.8285440802574158,0.7289126515388489,0.7306615710258484,0.7542566061019897,0.49445071816444397,0.5465483665466309
0.9153012037277222,0.7974646091461182,0.6144335269927979,0.5249320864677429,0.4584048092365265,0.8377642035484314
0.47652697563171387,0.5457488298416138,0.7267283797264099,0.6767996549606323,0.3546747863292694,0.43368956446647644
0.8023385405540466,0.5443206429481506,0.45790210366249084,0.6822765469551086,0.3610273003578186,0.651827871799469
0.8342007994651794,0.6400492787361145,0.5106064081192017,0.8185290694236755,0.6024273037910461,0.7014632225036621
0.9763314127922058,0.8104722499847412,0.9525522589683533,0.9329805374145508,0.7863876819610596,0.8771945834159851
0.8929768800735474,0.54534912109375,0.9310870170593262,0.8800768852233887,0.5854430198669434,0.3298432230949402
0.21462397277355194,0.5866659879684448,0.32349586486816406,0.20751361548900604,0.20009878277778625,0.007179019041359425
0.7594104409217834,0.7442923188209534,0.3796437382698059,0.46857255697250366,0.14266014099121094,0.7981088757514954
0.8488839864730835,0.7935877442359924,0.8450878858566284,0.7682668566703796,0.32028189301490784,0.45258578658103943
0.6347320079803467,0.31730976700782776,0.3364277482032776,0.8813532590866089,0.2951544523239136,0.8989135026931763
0.575660765171051,0.6334117650985718,0.30173927545547485,0.25482016801834106,0.24303264915943146,0.0772400051355362
0.8591968417167664,0.8295800685882568,0.3116517961025238,0.6297625303268433,0.18179522454738617,0.9013597369194031
0.9654091596603394,0.6329455375671387,0.9674859046936035,0.9687561392784119,0.5218027234077454,0.4921236038208008
0.49504297971725464,0.006726973690092564,0.12177854031324387,0.14719688892364502,0.009736109524965286,0.0005365331307984889
0.9549095630645752,0.9377263188362122,0.9072504043579102,0.6675788164138794,0.5492727160453796,0.7031638622283936
0.7359427809715271,0.6954675912857056,0.7086716890335083,0.7360608577728271,0.4739609956741333,0.6038410663604736
0.9892334342002869,0.9573703408241272,0.9379507899284363,0.9422793388366699,0.8057621717453003,0.89116370677948
0.800962507724762,0.7590084075927734,0.23830734193325043,0.5347713828086853,0.14894403517246246,0.8110074996948242
0.9305405616760254,0.8336631059646606,0.6674572825431824,0.6143771409988403,0.1846434772014618,0.9540121555328369
0.7566900849342346,0.5317520499229431,0.18876640498638153,0.322364866733551,0.18807485699653625,0.11697253584861755
0.901741623878479,0.8743002414703369,0.9974625110626221,0.8357964158058167,0.15600517392158508,0.5825519561767578
0.5490118265151978,0.6965084075927734,0.18757987022399902,0.3776455223560333,0.4794873297214508,0.17452912032604218
0.9944117069244385,0.9512733817100525,0.9713538885116577,0.9731232523918152,0.9101200699806213,0.9787973165512085
0.7941743731498718,0.5596648454666138,0.3422412872314453,0.6791369915008545,0.30892857909202576,0.3281225860118866
0.3514397442340851,0.22506335377693176,0.2261306494474411,0.7288578152656555,0.02002321369946003,0.023133717477321625
0.9302939176559448,0.7693654894828796,0.5944914221763611,0.7872130870819092,0.47960665822029114,0.8487014174461365
0.9903388619422913,0.9485938549041748,0.7175703644752502,0.6111815571784973,0.9389944672584534,0.7084685564041138
0.9848655462265015,0.7766021490097046,0.776305079460144,0.7835953831672668,0.4736957252025604,0.6976938247680664
0.9758213758468628,0.8149898648262024,0.9202842712402344,0.9013229012489319,0.5026978850364685,0.920299768447876
0.9197404384613037,0.7019912600517273,0.7244634628295898,0.8263689875602722,0.45866987109184265,0.6514171957969666
0.9916854500770569,0.9337756633758545,0.973214328289032,0.9544768333435059,0.7970482110977173,0.9705707430839539
0.9979695677757263,0.6519182324409485,0.9109115600585938,0.840789258480072,0.3248097896575928,0.8599350452423096
0.7983706593513489,0.6819023489952087,0.4295993149280548,0.7105253338813782,0.7043300271034241,0.81764155626297
0.9187121987342834,0.5483705401420593,0.7634236216545105,0.6800866723060608,0.24966295063495636,0.6042163968086243
0.9978347420692444,0.5789346694946289,0.7840785384178162,0.813128650188446,0.32832592725753784,0.4864713251590729
0.9453058838844299,0.8093509078025818,0.8367636203765869,0.8498835563659668,0.5850715637207031,0.6881028413772583
0.9740011692047119,0.8154708743095398,0.7532429695129395,0.9242407083511353,0.6059800982475281,0.9084049463272095
0.915180504322052,0.798356831073761,0.7768357992172241,0.686779260635376,0.5355369448661804,0.6168475151062012
0.8042372465133667,0.9365531206130981,0.3253946304321289,0.3229551613330841,0.23725998401641846,0.3220342993736267
0.823330819606781,0.6422073245048523,0.5262804627418518,0.8214989304542542,0.40364712476730347,0.5445852875709534
0.8485581874847412,0.5232325196266174,0.8842359781265259,0.631566047668457,0.6165748834609985,0.4115172028541565
0.9503957629203796,0.8718271851539612,0.901207447052002,0.8898205161094666,0.586002767086029,0.8473936915397644
0.43878671526908875,0.08426390588283539,0.09301355481147766,0.21691468358039856,0.2529243528842926,0.20052261650562286
0.3229784667491913,0.22059836983680725,0.08588536083698273,0.1273660808801651,0.0956915095448494,0.04296566918492317
0.925490140914917,0.5756319761276245,0.6233233213424683,0.723334014415741,0.4715920388698578,0.8896605372428894
0.9774882197380066,0.8049688935279846,0.8459030985832214,0.6800829768180847,0.5535479187965393,0.5528449416160583
0.912726640701294,0.8345478177070618,0.9524440169334412,0.9783580303192139,0.9188352227210999,0.9499265551567078
0.9369488954544067,0.7976787090301514,0.8256284594535828,0.8922144770622253,0.5897732973098755,0.8257272839546204
0.9636589884757996,0.7167887687683105,0.3040144443511963,0.8139637112617493,0.6170110106468201,0.7545421123504639
0.9928013682365417,0.6761520504951477,0.8272371888160706,0.8970932364463806,0.4481719136238098,0.9342920184135437
0.9528860449790955,0.8505281805992126,0.8325824737548828,0.9071863293647766,0.5876814126968384,0.8349252343177795
0.9943869709968567,0.49669185280799866,0.7803645730018616,0.8631159663200378,0.7825008034706116,0.9392213821411133
0.9713813066482544,0.8856058716773987,0.793574869632721,0.7650404572486877,0.6569064855575562,0.9080996513366699
0.9468182921409607,0.9301106333732605,0.981900691986084,0.6939876079559326,0.2033802568912506,0.1104244515299797
0.923227846622467,0.8847578763961792,0.7942026257514954,0.8634729385375977,0.6045261025428772,0.8822770714759827
0.962958574295044,0.8414563536643982,0.9081688523292542,0.939717173576355,0.6933355927467346,0.8263688087463379
0.9282848238945007,0.8041267395019531,0.6266281008720398,0.7382535338401794,0.3455115258693695,0.9183130860328674
0.9474804997444153,0.8417817950248718,0.5284999012947083,0.5869764089584351,0.13999387621879578,0.3787199854850769
0.988980770111084,0.8451890349388123,0.9346012473106384,0.945264458656311,0.7518531084060669,0.9345971941947937
0.7708848714828491,0.47094619274139404,0.7298641204833984,0.6236010789871216,0.4478453993797302,0.12033911794424057
0.8925426602363586,0.8303287625312805,0.8093186020851135,0.6049675345420837,0.7719994187355042,0.10533725470304489
0.8587665557861328,0.7750856876373291,0.9142307043075562,0.9301003217697144,0.5484063029289246,0.8197162747383118
0.7780566215515137,0.4747571349143982,0.5721225142478943,0.6005997657775879,0.4806267023086548,0.5019309520721436
0.8790062665939331,0.9410255551338196,0.7597007155418396,0.7951002717018127,0.621061384677887,0.7220860719680786
0.8549374938011169,0.6342380046844482,0.7162442207336426,0.44492852687835693,0.21157120168209076,0.40024685859680176
0.9794332981109619,0.9653947949409485,0.9874826669692993,0.9827536940574646,0.5455316305160522,0.9837494492530823
0.9398983716964722,0.8374223113059998,0.9743033647537231,0.9682790040969849,0.6952889561653137,0.8980819582939148
0.9867039322853088,0.825446605682373,0.9581099152565002,0.958795964717865,0.6996387839317322,0.9255732297897339
0.9600627422332764,0.7099225521087646,0.7464694976806641,0.876255989074707,0.7636309862136841,0.8629730939865112
0.8305401802062988,0.6180465221405029,0.5408431887626648,0.6282979249954224,0.3508148491382599,0.47307437658309937
0.9956806898117065,0.8831037878990173,0.6788200736045837,0.6371010541915894,0.8614795804023743,0.5782721042633057
0.8910577297210693,0.7622016072273254,0.3116174638271332,0.6964770555496216,0.17408327758312225,0.9370575547218323
0.9947802424430847,0.9548811912536621,0.9640906453132629,0.956089973449707,0.7813277840614319,0.8642897605895996
0.956667959690094,0.943988025188446,0.8334802389144897,0.8252256512641907,0.6484425663948059,0.8530910015106201
0.9723586440086365,0.7769331932067871,0.9485514760017395,0.8767067790031433,0.53826504945755,0.8339975476264954
0.7394393682479858,0.5186470150947571,0.8477845191955566,0.8053863048553467,0.6272075176239014,0.3480638563632965
0.9858596920967102,0.9376485347747803,0.3934255540370941,0.5760146379470825,0.3960115313529968,0.5448371767997742
0.9934734106063843,0.8889277577400208,0.9174140691757202,0.975716769695282,0.6602790355682373,0.9033892154693604
0.9151123762130737,0.5713210701942444,0.7298214435577393,0.8878169655799866,0.23303435742855072,0.6745007038116455
0.132706418633461,0.14933854341506958,0.01873326301574707,0.024671487510204315,0.02205047383904457,0.025064025074243546
0.8429457545280457,0.8355885148048401,0.2870117425918579,0.6771427392959595,0.17747706174850464,0.8555334210395813
0.7007136940956116,0.38082438707351685,0.8105044364929199,0.7488639950752258,0.3873790204524994,0.26278895139694214
0.9096167683601379,0.761365532875061,0.8704132437705994,0.9068375825881958,0.5827617049217224,0.9696854948997498
0.9843065738677979,0.8928958177566528,0.8443160057067871,0.7257605791091919,0.9008879065513611,0.3422797918319702
0.7929006814956665,0.6093955039978027,0.6557663679122925,0.6302228569984436,0.3826504051685333,0.5002307295799255
0.965559184551239,0.8591095805168152,0.9267645478248596,0.9499379396438599,0.6639838218688965,0.7688552737236023
0.9041500687599182,0.7075190544128418,0.6665818691253662,0.9596763253211975,0.4879132807254791,0.8377038240432739
0.7787342667579651,0.6808128952980042,0.3880152106285095,0.4691849946975708,0.06327187269926071,0.025675492361187935
0.9835782051086426,0.7931161522865295,0.651777446269989,0.8264239430427551,0.5209870934486389,0.8725892305374146
0.9755868315696716,0.785932183265686,0.8498517274856567,0.8534542322158813,0.5398522615432739,0.7835433483123779
0.9752907752990723,0.8175199031829834,0.8730753660202026,0.6551271677017212,0.742569088935852,0.15893925726413727
0.3979775309562683,0.18846136331558228,0.10227828472852707,0.12127450853586197,0.18304944038391113,0.03279896080493927
0.40174779295921326,0.3785591423511505,0.36210528016090393,0.27810925245285034,0.25969362258911133,0.5188931822776794
0.9807695150375366,0.7915174961090088,0.734025776386261,0.8785889148712158,0.7420092225074768,0.859389066696167
0.8023385405540466,0.5443206429481506,0.45790210366249084,0.6822765469551086,0.3610273003578186,0.651827871799469
0.9217842817306519,0.5816957354545593,0.9357318878173828,0.9639325737953186,0.5711961388587952,0.9937431812286377
0.9465906023979187,0.8868408799171448,0.9401388168334961,0.8701996803283691,0.6568458676338196,0.8465642333030701
0.9246081113815308,0.7368091940879822,0.8908553123474121,0.927139163017273,0.472552627325058,0.8769111037254333
0.779808521270752,0.9443444609642029,0.2623368501663208,0.32725510001182556,0.21447044610977173,0.33499276638031006
0.8967819809913635,0.6672118306159973,0.6744866967201233,0.7281070947647095,0.813054621219635,0.5058869123458862
0.9555265307426453,0.8465620875358582,0.6929535269737244,0.7384672164916992,0.21366655826568604,0.9006718993186951
0.8015486598014832,0.8685621619224548,0.7531804442405701,0.7363415956497192,0.4114116430282593,0.8465971350669861
0.7143913507461548,0.19093215465545654,0.4816285967826843,0.6768907308578491,0.2606041431427002,0.586030900478363
0.7102311849594116,0.31925007700920105,0.45109817385673523,0.42398566007614136,0.24482718110084534,0.3220376670360565
0.9600812792778015,0.9318189024925232,0.9928300976753235,0.9277552962303162,0.2679140269756317,0.0357174351811409
0.8335121273994446,0.7983479499816895,0.3685479164123535,0.44575655460357666,0.06410715728998184,0.2617526948451996
0.9182089567184448,0.5307919979095459,0.5077947974205017,0.532626748085022,0.3997196853160858,0.4119683802127838
0.8302851319313049,0.47765403985977173,0.46169260144233704,0.5617281198501587,0.4065408408641815,0.6809921860694885
0.9302939176559448,0.7693654894828796,0.5944914221763611,0.7872130870819092,0.47960665822029114,0.8487014174461365
0.9474249482154846,0.8360302448272705,0.9192970991134644,0.9141914248466492,0.5545289516448975,0.9224482178688049
0.9537961483001709,0.6280825734138489,0.5745413303375244,0.8869498372077942,0.5898706912994385,0.6500585675239563
0.9602401852607727,0.9393810629844666,0.939130961894989,0.9237193465232849,0.7580048441886902,0.7463161945343018
0.9246803522109985,0.8476173877716064,0.7876747846603394,0.868556559085846,0.9830006957054138,0.9834421277046204
0.9339600205421448,0.7514462471008301,0.6668368577957153,0.4176469147205353,0.27741801738739014,0.01800784468650818
0.9449132084846497,0.8777220249176025,0.9827970266342163,0.9810082912445068,0.5595462918281555,0.9588341116905212
0.9317997694015503,0.7091252207756042,0.781381368637085,0.46828821301460266,0.03059433028101921,0.011291677132248878
0.4795299470424652,0.3696725368499756,0.43016108870506287,0.43258315324783325,0.32605648040771484,0.2901456952095032
0.9017989039421082,0.6077263355255127,0.6363996267318726,0.683562159538269,0.37941408157348633,0.6851266622543335
0.8544790744781494,0.9152631163597107,0.5611280202865601,0.07890234142541885,0.053044643253088,0.029199795797467232
0.4592158794403076,0.09986864030361176,0.36941757798194885,0.4606383144855499,0.31012484431266785,0.2431778460741043
0.9972290992736816,0.9042274951934814,0.9604541063308716,0.9945799112319946,0.7402329444885254,0.9548864364624023
0.9194856882095337,0.5110024809837341,0.39424464106559753,0.4722198247909546,0.5542643070220947,0.4349505305290222
0.9958136081695557,0.9376451969146729,0.9783716797828674,0.9965377449989319,0.8826799988746643,0.9891640543937683
0.8999095559120178,0.41445520520210266,0.7588669657707214,0.9179257750511169,0.5614950656890869,0.5049844980239868
0.9695815443992615,0.9074539542198181,0.7885843515396118,0.5069072246551514,0.5860558152198792,0.213278666138649
0.9625182747840881,0.8658048510551453,0.9602933526039124,0.9210375547409058,0.4839417338371277,0.8964313268661499
0.7212591767311096,0.5732502937316895,0.19314312934875488,0.09371218085289001,0.35112231969833374,0.20010630786418915
0.8169143199920654,0.80620276927948,0.7920714020729065,0.7791562080383301,0.3023592531681061,0.7452800273895264
0.6091236472129822,0.4203174114227295,0.6368530988693237,0.9099367260932922,0.26520484685897827,0.26503026485443115
0.8425509333610535,0.6258460879325867,0.5716556310653687,0.6518594026565552,0.1807258576154709,0.9496179819107056
0.8369320034980774,0.8627755045890808,0.7848396897315979,0.8134282231330872,0.8200190663337708,0.8486847877502441
0.7154191732406616,0.4916672706604004,0.5158204436302185,0.4198899567127228,0.3160026967525482,0.25509023666381836
0.9282848238945007,0.8041267395019531,0.6266281008720398,0.7382535338401794,0.3455115258693695,0.9183130860328674
0.9670126438140869,0.6485771536827087,0.5475477576255798,0.5928567051887512,0.4393204152584076,0.21383367478847504
0.9857794046401978,0.9396327137947083,0.9418030977249146,0.80995774269104,0.6586536765098572,0.964944064617157
0.9636461734771729,0.7878756523132324,0.6751272082328796,0.6025418639183044,0.2520815432071686,0.5263633131980896
0.9815003275871277,0.7242380380630493,0.9605358242988586,0.9510636329650879,0.7342917919158936,0.8860307335853577
0.9739290475845337,0.875232458114624,0.8570159077644348,0.8699836730957031,0.7881821990013123,0.8164004683494568
0.9846462607383728,0.9339612126350403,0.5863329768180847,0.7709044218063354,0.33558350801467896,0.42916247248649597
0.8937302827835083,0.6558191180229187,0.665998637676239,0.5783926248550415,0.8023988604545593,0.13992634415626526
0.8035171627998352,0.6826334595680237,0.34923574328422546,0.5894789099693298,0.15731549263000488,0.8425677418708801
0.9599685668945312,0.8352727293968201,0.9804935455322266,0.9686666131019592,0.3900194466114044,0.9117047786712646
0.9503957629203796,0.8718271851539612,0.901207447052002,0.8898205161094666,0.586002767086029,0.8473936915397644
0.9563513994216919,0.7177136540412903,0.8427007794380188,0.7619897127151489,0.4081457853317261,0.7133598923683167
0.9371598362922668,0.5321743488311768,0.7042267918586731,0.7602384090423584,0.4376421570777893,0.6852454543113708
0.9663283824920654,0.9408270716667175,0.9361264705657959,0.9456180334091187,0.7317100763320923,0.6945362687110901
0.3118598759174347,0.4148062467575073,0.21075697243213654,0.31047916412353516,0.20341603457927704,0.06257536262273788
0.9842004179954529,0.9881224036216736,0.9927613735198975,0.9860943555831909,0.6323448419570923,0.9857048988342285
0.9966457486152649,0.9260017275810242,0.982933521270752,0.9905794262886047,0.9236915707588196,0.9544123411178589
0.34118929505348206,0.1844109743833542,0.05101580172777176,0.6226478815078735,0.022370021790266037,0.054227184504270554
0.9803024530410767,0.747629702091217,0.47381535172462463,0.8956930637359619,0.31652796268463135,0.7748856544494629
0.9580318927764893,0.7451340556144714,0.7707422971725464,0.7992821931838989,0.4602144658565521,0.7206336259841919
0.8768391609191895,0.8474797010421753,0.685855507850647,0.7643055319786072,0.6645453572273254,0.7262128591537476
0.9282848238945007,0.8041267395019531,0.6266281008720398,0.7382535338401794,0.3455115258693695,0.9183130860328674
0.9657816886901855,0.977823793888092,0.7972665429115295,0.8233644366264343,0.6661185026168823,0.7808815240859985
0.9300063848495483,0.7752026915550232,0.6753048896789551,0.8015578985214233,0.6071312427520752,0.7675605416297913
0.6034561991691589,0.8311769962310791,0.9370778203010559,0.11322443187236786,0.09281579405069351,0.7742663621902466
0.9302939176559448,0.7693654894828796,0.5944914221763611,0.7872130870819092,0.47960665822029114,0.8487014174461365
0.9536868333816528,0.7625684142112732,0.9243523478507996,0.8941035866737366,0.6937438249588013,0.7340946197509766
0.9723586440086365,0.7769331932067871,0.9485514760017395,0.8767067790031433,0.53826504945755,0.8339975476264954
0.5598823428153992,0.5045667886734009,0.22438360750675201,0.3933807611465454,0.14924117922782898,0.48317304253578186
0.9816789031028748,0.9474213719367981,0.9876659512519836,0.9681523442268372,0.688225269317627,0.924967885017395
0.8379114866256714,0.6482001543045044,0.5032498836517334,0.48816293478012085,0.2792890667915344,0.597647488117218
0.8182440996170044,0.8016749620437622,0.3288630545139313,0.6942645311355591,0.21079032123088837,0.9160575270652771
0.9963446259498596,0.7584406137466431,0.9555801153182983,0.9662752151489258,0.5727733969688416,0.9380643367767334
0.9755111336708069,0.9386757612228394,0.5748594403266907,0.5739118456840515,0.3168155252933502,0.40817537903785706
0.3981456160545349,0.4835624694824219,0.1792527139186859,0.10594408959150314,0.04392331838607788,0.04436786472797394
0.9959795475006104,0.9972508549690247,0.9915947914123535,0.8459629416465759,0.44849875569343567,0.916729748249054
0.9503957629203796,0.8718271851539612,0.901207447052002,0.8898205161094666,0.586002767086029,0.8473936915397644
0.908534824848175,0.8047035336494446,0.7152191996574402,0.6196384429931641,0.5993675589561462,0.40013229846954346
0.986142635345459,0.949164092540741,0.9548555016517639,0.9153722524642944,0.7528412342071533,0.6758729815483093
0.964289128780365,0.8932852745056152,0.8261286020278931,0.8448188900947571,0.5739543437957764,0.6899725198745728
0.9578754901885986,0.8924006819725037,0.9155486822128296,0.9710116982460022,0.7765061259269714,0.9645978212356567
0.9912257790565491,0.9120978116989136,0.7356630563735962,0.8480158448219299,0.21381308138370514,0.9238025546073914
0.4941691756248474,0.32233142852783203,0.5287230014801025,0.7688633799552917,0.6642085909843445,0.697349488735199
0.9754605293273926,0.8366022109985352,0.8639352321624756,0.9202864170074463,0.6242351531982422,0.9064140915870667
0.7386966943740845,0.32441791892051697,0.411943644285202,0.4314902424812317,0.6165755391120911,0.23950430750846863
0.7547240257263184,0.5893842577934265,0.507005512714386,0.5228620171546936,0.3150741755962372,0.6975446343421936
0.8515499234199524,0.7434647679328918,0.2575291693210602,0.5375840067863464,0.16784369945526123,0.8864397406578064
0.5560668706893921,0.3617708384990692,0.531072735786438,0.6182820796966553,0.4106696844100952,0.9360699653625488
0.9518335461616516,0.6714242696762085,0.7494489550590515,0.7750102281570435,0.35488295555114746,0.687731921672821
0.9841560125350952,0.7791764736175537,0.982201099395752,0.9068101048469543,0.47799479961395264,0.9844570159912109
0.9881424307823181,0.957668662071228,0.9770745038986206,0.9523074626922607,0.8036205172538757,0.9620985984802246
0.6284598708152771,0.46381011605262756,0.2945753335952759,0.5165460705757141,0.18595187366008759,0.6910626292228699
0.5198962092399597,0.38404735922813416,0.39269569516181946,0.6250323057174683,0.40643662214279175,0.37988409399986267
0.5002366304397583,0.41599687933921814,0.17479422688484192,0.32348546385765076,0.31193751096725464,0.46820032596588135
0.9561759233474731,0.8329554796218872,0.9115194082260132,0.8847763538360596,0.5491192936897278,0.7861579656600952
0.9863218069076538,0.8804832696914673,0.8845093846321106,0.5771026611328125,0.3013599216938019,0.6815763711929321
0.5806278586387634,0.6634222269058228,0.48517826199531555,0.7269439101219177,0.5188440084457397,0.1838226467370987
0.9455363750457764,0.5299695134162903,0.3607734739780426,0.6305588483810425,0.2833922803401947,0.6521541476249695
0.9594588279724121,0.8662223219871521,0.7864217162132263,0.8671587705612183,0.6175361275672913,0.7927606105804443
0.8442375659942627,0.7994944453239441,0.283737450838089,0.6652611494064331,0.19104158878326416,0.9023033976554871
0.9454185962677002,0.9768989086151123,0.7813590168952942,0.6913312077522278,0.5432301163673401,0.7018218636512756
0.9639763832092285,0.7744021415710449,0.7723756432533264,0.7807612419128418,0.7149310111999512,0.828230082988739
0.57424396276474,0.16529102623462677,0.1842603087425232,0.29166972637176514,0.10002217441797256,0.2570599913597107
0.9624035358428955,0.8539470434188843,0.9046505689620972,0.9436834454536438,0.552908182144165,0.9854097366333008
0.9962403774261475,0.9136728048324585,0.940269947052002,0.9550322890281677,0.836480975151062,0.9473799467086792
0.6979339122772217,0.7933312058448792,0.8374751210212708,0.9252825975418091,0.29523518681526184,0.008727248758077621
0.9825807809829712,0.961338460445404,0.9269589185714722,0.8719127178192139,0.15222002565860748,0.17260275781154633
0.8084863424301147,0.6671294569969177,0.5928795337677002,0.7331295013427734,0.5623575448989868,0.6810628771781921
0.996768593788147,0.9196698069572449,0.9891177415847778,0.9906333088874817,0.9133414030075073,0.9857147932052612
0.9282848238945007,0.8041267395019531,0.6266281008720398,0.7382535338401794,0.3455115258693695,0.9183130860328674
0.9202409982681274,0.8891388177871704,0.8073611259460449,0.8725409507751465,0.6952800154685974,0.8234966397285461
0.9200146198272705,0.663581132888794,0.8326037526130676,0.7532103657722473,0.7094196677207947,0.9094324707984924
0.32839635014533997,0.2615725100040436,0.5732653141021729,0.7791060209274292,0.24125275015830994,0.5664286017417908
0.9892914295196533,0.9373022317886353,0.9598637819290161,0.9245070815086365,0.31850627064704895,0.6987881064414978
0.9405192136764526,0.8595352172851562,0.7973896861076355,0.8521230816841125,0.7519963979721069,0.7490864396095276
0.9856939315795898,0.9565138816833496,0.8874585628509521,0.7603163719177246,0.5466623902320862,0.9179061055183411
0.9315484762191772,0.1375371515750885,0.8865999579429626,0.9774439930915833,0.21226665377616882,0.10713576525449753
0.961334764957428,0.9198107719421387,0.5328861474990845,0.7248218655586243,0.4084429442882538,0.6482882499694824
0.9775058031082153,0.9622033834457397,0.9631883502006531,0.822989821434021,0.2592531740665436,0.054780229926109314
0.9749137163162231,0.7097826600074768,0.8896631598472595,0.9066433906555176,0.7511005401611328,0.9279627203941345
0.9915246963500977,0.9022564888000488,0.9026535749435425,0.9730637669563293,0.8164523839950562,0.9528328776359558
0.7685297131538391,0.6391909718513489,0.47331511974334717,0.7289344072341919,0.3621364235877991,0.7988720536231995
0.9583436846733093,0.8045732975006104,0.8465200662612915,0.7553021907806396,0.7086451053619385,0.8868662118911743
0.21999602019786835,0.2777598202228546,0.2563108503818512,0.7967844605445862,0.22431379556655884,0.9066795110702515
0.9914592504501343,0.898944616317749,0.9750802516937256,0.9413590431213379,0.7531020641326904,0.9361358880996704
0.8679952025413513,0.6065822243690491,0.39795270562171936,0.3306034207344055,0.9850631952285767,0.1008438766002655
0.856614351272583,0.14265404641628265,0.466271311044693,0.4886966645717621,0.5099097490310669,0.26791852712631226
0.9282848238945007,0.8041267395019531,0.6266281008720398,0.7382535338401794,0.3455115258693695,0.9183130860328674
0.9397053718566895,0.8169743418693542,0.8222216367721558,0.8695866465568542,0.5487954616546631,0.7576048374176025
0.9563222527503967,0.9363245964050293,0.6507068276405334,0.6948668956756592,0.03953080251812935,0.12888185679912567
0.06729358434677124,0.2017178237438202,0.09848549216985703,0.26508980989456177,0.06497632712125778,0.018742725253105164
0.9848009347915649,0.9441422820091248,0.9464237093925476,0.9696350693702698,0.7596789002418518,0.878322184085846
0.9911816120147705,0.9050130248069763,0.8761468529701233,0.9659504890441895,0.5393051505088806,0.8606152534484863
0.20332305133342743,0.3378024399280548,0.06947575509548187,0.06925360858440399,0.033885657787323,0.07254110276699066
0.924828827381134,0.5835138559341431,0.8392017483711243,0.9800779819488525,0.5208681225776672,0.6974872350692749
0.9355901479721069,0.9255746603012085,0.8565719127655029,0.8752157092094421,0.44817131757736206,0.8489656448364258
0.8918685913085938,0.472802072763443,0.29665887355804443,0.5386068820953369,0.5418641567230225,0.3367287218570709
0.7437993288040161,0.4944199025630951,0.4611697196960449,0.5797050595283508,0.4709155559539795,0.35131409764289856
0.35836488008499146,0.27434173226356506,0.7584661841392517,0.3684808611869812,0.1606455296278,0.015800531953573227
0.9523348212242126,0.6992457509040833,0.7694383263587952,0.7709296345710754,0.3983057737350464,0.7768405079841614
0.9710554480552673,0.9419011473655701,0.961439311504364,0.9306071996688843,0.5739341378211975,0.19911989569664001
0.9022747278213501,0.42559903860092163,0.7459626197814941,0.7714018821716309,0.32940226793289185,0.5498214960098267
0.8630115389823914,0.7575963735580444,0.8708803057670593,0.9260520339012146,0.6859148740768433,0.9217193722724915
0.9288095831871033,0.6963132619857788,0.571251630783081,0.7671363949775696,0.34553205966949463,0.47287821769714355
0.7216687202453613,0.5598021149635315,0.45789992809295654,0.976752758026123,0.1250263750553131,0.298948734998703
0.9815577864646912,0.9568129777908325,0.8981503844261169,0.8744757175445557,0.4054245948791504,0.9129860997200012
0.16336263716220856,0.0404040664434433,0.07182376831769943,0.11414148658514023,0.3127742409706116,0.016164448112249374
0.5411490201950073,0.20111693441867828,0.3831421136856079,0.4693295955657959,0.2863459289073944,0.15556477010250092
0.9233511686325073,0.5726264715194702,0.6597763895988464,0.5192477703094482,0.20043155550956726,0.06524243205785751
0.9218621253967285,0.6188949346542358,0.5924874544143677,0.9353532791137695,0.4232984483242035,0.88896244764328
0.9837073087692261,0.7333918809890747,0.8089570999145508,0.838661253452301,0.7270086407661438,0.8607620596885681
0.9302939176559448,0.7693654894828796,0.5944914221763611,0.7872130870819092,0.47960665822029114,0.8487014174461365
0.982581377029419,0.9574931859970093,0.8607228994369507,0.710377037525177,0.5322144627571106,0.9379123449325562
0.9906857013702393,0.9344051480293274,0.9574562311172485,0.9663589000701904,0.5583981275558472,0.06951604783535004
0.9780731797218323,0.984092652797699,0.9358451962471008,0.9664217829704285,0.7420263886451721,0.8519508242607117
0.992843747138977,0.8507319092750549,0.6638916730880737,0.9244034290313721,0.7542163729667664,0.930393397808075
0.990192174911499,0.9157137870788574,0.8844707012176514,0.9294344186782837,0.7107335329055786,0.9540900588035583
0.8464710116386414,0.8242682218551636,0.2085716426372528,0.5976307392120361,0.1521279364824295,0.9131619334220886
0.639050304889679,0.698556125164032,0.38808026909828186,0.6352723836898804,0.2890726625919342,0.4657577872276306
0.9724348783493042,0.8128200173377991,0.9445649981498718,0.9527683258056641,0.6175767183303833,0.9440460205078125
0.5675921440124512,0.21003687381744385,0.24840010702610016,0.10367292910814285,0.05708063021302223,0.05402566120028496
0.9489011168479919,0.6003933548927307,0.5223425030708313,0.6124993562698364,0.4693276286125183,0.7752856612205505
0.9027982354164124,0.7407010197639465,0.527823269367218,0.5008338093757629,0.26896727085113525,0.2478470355272293
0.9922089576721191,0.8637535572052002,0.9465466141700745,0.9813587069511414,0.7563408613204956,0.978936493396759
0.7854958772659302,0.9543972015380859,0.18963094055652618,0.030124342069029808,0.0027190952096134424,0.042793650180101395
0.932696521282196,0.7608760595321655,0.8033620119094849,0.8238821625709534,0.2885507345199585,0.5969955921173096
0.7901667952537537,0.49469709396362305,0.9160176515579224,0.9789178967475891,0.6261290907859802,0.7503959536552429
0.8893712759017944,0.7588457465171814,0.30623021721839905,0.6349785923957825,0.17655622959136963,0.9069702625274658
0.9671502113342285,0.8369516134262085,0.8335297703742981,0.7832756638526917,0.4287315011024475,0.7168362140655518
0.9743996858596802,0.8523419499397278,0.6561940908432007,0.7132313251495361,0.5498424172401428,0.6410061717033386
0.9877248406410217,0.9850234985351562,0.984041690826416,0.8765375018119812,0.11643403768539429,0.047489266842603683
0.8476543426513672,0.8876653909683228,0.7700877785682678,0.7052562236785889,0.6320553421974182,0.3704281449317932
0.9041445851325989,0.8998240828514099,0.908385157585144,0.8280149698257446,0.4324879050254822,0.5224335193634033
0.8023385405540466,0.5443206429481506,0.45790210366249084,0.6822765469551086,0.3610273003578186,0.651827871799469
0.7702935934066772,0.6633015275001526,0.16744883358478546,0.4406338036060333,0.17410926520824432,0.2165059745311737
0.696580171585083,0.6341357827186584,0.5568935871124268,0.3750343322753906,0.40600934624671936,0.3296796977519989
0.8306771516799927,0.24665899574756622,0.17679227888584137,0.16645140945911407,0.5008641481399536,0.00231835525482893
0.9846358895301819,0.810584306716919,0.9675838351249695,0.9761940240859985,0.7654790878295898,0.9288144111633301
0.9109632968902588,0.7765646576881409,0.9236055016517639,0.7566309571266174,0.24509280920028687,0.13388128578662872
0.9246731996536255,0.7299880385398865,0.7080814242362976,0.8304663300514221,0.8832507133483887,0.6608062386512756
0.9119531512260437,0.8336877822875977,0.9694555401802063,0.9200560450553894,0.9442463517189026,0.8462533950805664
0.9799575805664062,0.9680983424186707,0.8627136945724487,0.7698096632957458,0.34487009048461914,0.6782883405685425
0.9964166283607483,0.9130533337593079,0.8981800675392151,0.868965744972229,0.47047853469848633,0.9218531250953674
0.760550320148468,0.32434356212615967,0.4856325685977936,0.8459294438362122,0.33925479650497437,0.9694882035255432
0.27441519498825073,0.1069456934928894,0.14015129208564758,0.26902225613594055,0.04693518206477165,0.2984492778778076
0.9895076751708984,0.8735215067863464,0.9809470176696777,0.9789581894874573,0.7626975774765015,0.9630686640739441
0.45868781208992004,0.5765736103057861,0.41029247641563416,0.2531546652317047,0.43099695444107056,0.3706461191177368
0.9424281716346741,0.9919956922531128,0.7276210784912109,0.6762564778327942,0.31892430782318115,0.6125695109367371
0.7426658868789673,0.48493656516075134,0.3421957492828369,0.5277482867240906,0.2298819124698639,0.10808661580085754
0.9580202698707581,0.8696279525756836,0.885185182094574,0.9488750100135803,0.7174078822135925,0.8660157322883606
0.9527273178100586,0.886306643486023,0.7563616037368774,0.7704133987426758,0.22719810903072357,0.6757522821426392
0.9793339967727661,0.9727216958999634,0.9821000695228577,0.9650154113769531,0.5714874863624573,0.9546335935592651
0.9886694550514221,0.7486995458602905,0.9620774388313293,0.9561249017715454,0.7705836296081543,0.8883363008499146
0.9222015738487244,0.6391873955726624,0.689952552318573,0.778605043888092,0.43014395236968994,0.7065465450286865
0.7708543539047241,0.5251796841621399,0.5445126295089722,0.6415138840675354,0.41120800375938416,0.4995819628238678
0.9300847053527832,0.8693902492523193,0.7346754670143127,0.6512216329574585,0.31978192925453186,0.2299881875514984
0.9920700192451477,0.8692235350608826,0.938364565372467,0.951628565788269,0.6013029217720032,0.9484282732009888
0.9709401726722717,0.9011536240577698,0.7879371047019958,0.9409064054489136,0.6602252721786499,0.6970553398132324
0.7440848350524902,0.7193257808685303,0.3623129427433014,0.5450660586357117,0.6478636264801025,0.537899374961853
0.7324769496917725,0.5294199585914612,0.6096765398979187,0.636479914188385,0.03511926531791687,0.5889785885810852
0.9727405905723572,0.9151403903961182,0.9106317758560181,0.9409784078598022,0.8003091216087341,0.9173653721809387
0.9515328407287598,0.6859238743782043,0.7999005317687988,0.6460961699485779,0.4638856053352356,0.7167168259620667
0.9282848238945007,0.8041267395019531,0.6266281008720398,0.7382535338401794,0.3455115258693695,0.9183130860328674
0.5388514995574951,0.3472503423690796,0.16988569498062134,0.6116467714309692,0.06854807585477829,0.45525434613227844
0.9429314732551575,0.9763553142547607,0.8777311444282532,0.913950502872467,0.7531829476356506,0.9622193574905396
0.6451360583305359,0.44771161675453186,0.22813379764556885,0.30412179231643677,0.470106303691864,0.27921321988105774
0.9668591618537903,0.9628551006317139,0.9184042811393738,0.9006223678588867,0.6661196351051331,0.9193233251571655
0.9738011956214905,0.6653873920440674,0.46969538927078247,0.20329886674880981,0.15070123970508575,0.05664481595158577
0.9282848238945007,0.8041267395019531,0.6266281008720398,0.7382535338401794,0.3455115258693695,0.9183130860328674
0.9835371971130371,0.6977375745773315,0.9398639798164368,0.9289419651031494,0.641288161277771,0.8528891801834106
0.9779761433601379,0.9207488894462585,0.9128602147102356,0.923825204372406,0.6990517973899841,0.7563329935073853
0.9536200761795044,0.8582668304443359,0.7186287641525269,0.7033249139785767,0.41554179787635803,0.7528849840164185
0.8284311294555664,0.7557854652404785,0.6877025365829468,0.5444547533988953,0.783216118812561,0.03202534466981888
0.9928063750267029,0.9390754103660583,0.8982595801353455,0.9708403944969177,0.4999925494194031,0.9915814995765686
0.9930954575538635,0.8315615057945251,0.953831672668457,0.8454545736312866,0.16153518855571747,0.3930627405643463
0.8104747533798218,0.33123570680618286,0.34968307614326477,0.3495388627052307,0.1216079369187355,0.7843814492225647
0.6967473030090332,0.6068145632743835,0.305416464805603,0.3192934989929199,0.41806167364120483,0.30573272705078125
0.12722565233707428,0.22424282133579254,0.3171764612197876,0.29429176449775696,0.8085839748382568,0.08437178283929825
0.9282848238945007,0.8041267395019531,0.6266281008720398,0.7382535338401794,0.3455115258693695,0.9183130860328674
0.7747370600700378,0.34615251421928406,0.3220764696598053,0.5385950207710266,0.6905006170272827,0.11790699511766434
0.9940899014472961,0.9788698554039001,0.9015430808067322,0.9826360940933228,0.791884183883667,0.9686111211776733
0.9380524754524231,0.8939977288246155,0.615245521068573,0.5805156230926514,0.3655056655406952,0.587677538394928
0.609201192855835,0.339783251285553,0.25041285157203674,0.23004287481307983,0.440363347530365,0.16244861483573914
0.9721683263778687,0.9799424409866333,0.8969903588294983,0.9930130839347839,0.7589950561523438,0.8857840299606323
0.9840172529220581,0.8083887100219727,0.9421252012252808,0.9612595438957214,0.6543554067611694,0.8744343519210815
0.2967093586921692,0.2797536849975586,0.052852001041173935,0.1954711526632309,0.15828263759613037,0.05773644149303436
0.9857618808746338,0.7492894530296326,0.9059860706329346,0.9304236173629761,0.8450564742088318,0.9109835028648376
0.8023385405540466,0.5443206429481506,0.45790210366249084,0.6822765469551086,0.3610273003578186,0.651827871799469
0.2634924650192261,0.11073356866836548,0.06199609860777855,0.07937261462211609,0.0013247444294393063,0.016187308356165886
0.949469268321991,0.7981196641921997,0.8711471557617188,0.9100766181945801,0.5783719420433044,0.8852497935295105
0.7710548043251038,0.6842158436775208,0.2764560282230377,0.5977120995521545,0.17217867076396942,0.860031247138977
0.9690760970115662,0.6800475716590881,0.5344482660293579,0.8537499308586121,0.8582554459571838,0.559941291809082
0.7175150513648987,0.6890154480934143,0.5190247297286987,0.5306946039199829,0.6117561459541321,0.16606569290161133
0.9945806264877319,0.8535987138748169,0.5557592511177063,0.8641114234924316,0.19587114453315735,0.1244337409734726
0.9621468186378479,0.669593334197998,0.688360869884491,0.6697577834129333,0.7998595237731934,0.7468344569206238
0.9302939176559448,0.7693654894828796,0.5944914221763611,0.7872130870819092,0.47960665822029114,0.8487014174461365
0.9932311177253723,0.9322062134742737,0.9455438852310181,0.9546924233436584,0.9006059765815735,0.09638063609600067
0.9080986380577087,0.6960601210594177,0.9334326982498169,0.9331123232841492,0.7946350574493408,0.8853352665901184
0.19177652895450592,0.2088623195886612,0.125327929854393,0.20982444286346436,0.5318639278411865,0.29969656467437744
0.9454078674316406,0.8037359118461609,0.7400786876678467,0.8933144211769104,0.5377387404441833,0.6924887895584106
0.8964521884918213,0.8302631974220276,0.7754589915275574,0.8492668271064758,0.525037944316864,0.4921298921108246
0.6433918476104736,0.6944597363471985,0.6267174482345581,0.517013430595398,0.13645920157432556,0.1999192237854004
0.3306032121181488,0.7243528962135315,0.18468384444713593,0.034825727343559265,0.02561841905117035,0.0035712774842977524
0.7909739017486572,0.6124963164329529,0.6922856569290161,0.5579371452331543,0.30912816524505615,0.6461932063102722
0.9139754772186279,0.5047982335090637,0.5753068327903748,0.9040849804878235,0.6433088183403015,0.6986367106437683
0.9512358903884888,0.7334504127502441,0.7921395301818848,0.9099012613296509,0.5518071055412292,0.615591287612915
0.9700727462768555,0.9296119809150696,0.8631798624992371,0.9720048308372498,0.5969408750534058,0.8563712239265442
0.49504297971725464,0.006726973690092564,0.12177854031324387,0.14719688892364502,0.009736109524965286,0.0005365331307984889
0.9282848238945007,0.8041267395019531,0.6266281008720398,0.7382535338401794,0.3455115258693695,0.9183130860328674
0.9534764289855957,0.7132360935211182,0.6219081878662109,0.8620936274528503,0.4463748335838318,0.39263227581977844
0.9115977883338928,0.6060254573822021,0.8866546750068665,0.9191304445266724,0.5913451313972473,0.7894280552864075
0.9086887836456299,0.5583390593528748,0.6104859709739685,0.5006791353225708,0.4432733952999115,0.5125225782394409
0.9429526925086975,0.8941976428031921,0.8994618058204651,0.8675074577331543,0.7362092137336731,0.8873797655105591
0.8956888914108276,0.8477221131324768,0.38415491580963135,0.7270107865333557,0.3149925172328949,0.9385311007499695
0.5603913068771362,0.18172110617160797,0.11396066099405289,0.3612273037433624,0.0990913137793541,0.6491857767105103
0.7860487103462219,0.2812775671482086,0.5373038649559021,0.7604691386222839,0.29847151041030884,0.18330927193164825
0.9864340424537659,0.8558429479598999,0.9718513488769531,0.9805184602737427,0.7312819957733154,0.9660166501998901
0.328149676322937,0.15715473890304565,0.21196796000003815,0.28744855523109436,0.23591776192188263,0.0180923230946064
0.9759544730186462,0.966921865940094,0.8467012643814087,0.9329158663749695,0.15676923096179962,0.10982150584459305
0.9616535902023315,0.8038316369056702,0.5855501294136047,0.6186462044715881,0.13830795884132385,0.7492263913154602
0.647270143032074,0.29405415058135986,0.3719859719276428,0.47207507491111755,0.5453826189041138,0.07800427824258804
0.8457576036453247,0.768515408039093,0.4138854444026947,0.6925349235534668,0.1794009655714035,0.9338384866714478
0.9226881265640259,0.8489529490470886,0.7181535959243774,0.6467992663383484,0.49214276671409607,0.37944039702415466
0.8809051513671875,0.7175604701042175,0.6626453399658203,0.760740339756012,0.3478434681892395,0.91336989402771
0.7910640835762024,0.8426823616027832,0.833894670009613,0.7347744107246399,0.17491337656974792,0.17273998260498047
0.9580767154693604,0.8235289454460144,0.9011886119842529,0.8717005252838135,0.7352705597877502,0.8975885510444641
0.9420321583747864,0.687587559223175,0.7422727346420288,0.8456961512565613,0.5210435390472412,0.6626598238945007
0.8451581597328186,0.7222107648849487,0.5149064660072327,0.6553518176078796,0.2581787109375,0.8815394043922424
0.9557976722717285,0.8183658719062805,0.8126190304756165,0.7836406230926514,0.49540117383003235,0.7386254072189331
0.9690333008766174,0.6254914999008179,0.8168889284133911,0.9658825397491455,0.8358830809593201,0.9262164831161499
0.7212591767311096,0.5732502937316895,0.19314312934875488,0.09371218085289001,0.35112231969833374,0.20010630786418915
0.9303334951400757,0.9576881527900696,0.7656208872795105,0.24422231316566467,0.5057096481323242,0.05981070548295975
0.9753332734107971,0.665962278842926,0.7832412123680115,0.942421555519104,0.8518926501274109,0.8935447335243225
0.9740913510322571,0.9769384264945984,0.5778700113296509,0.6600876450538635,0.9502699971199036,0.18582400679588318
0.9801654815673828,0.9152358770370483,0.9262214303016663,0.9334085583686829,0.8314661979675293,0.9535635709762573
0.8698669672012329,0.5814189314842224,0.4752936363220215,0.6626728773117065,0.2889828383922577,0.7320311665534973
0.9247037172317505,0.650646448135376,0.7631202936172485,0.6183295845985413,0.2533515691757202,0.4871705174446106
0.9939234256744385,0.9523159265518188,0.1491507589817047,0.1429392397403717,0.1728108823299408,0.2380332499742508
0.8464621901512146,0.5805292129516602,0.5153613090515137,0.6930562257766724,0.3741462826728821,0.7614120841026306
0.9428413510322571,0.9936835765838623,0.8358982801437378,0.3084928095340729,0.0749782845377922,0.09731186181306839
0.7728713750839233,0.42941030859947205,0.0785868763923645,0.1346481442451477,0.21688596904277802,0.027203353121876717
0.40059369802474976,0.4884420335292816,0.5043143630027771,0.9855759739875793,0.9324981570243835,0.9013713002204895
0.8151907920837402,0.49250921607017517,0.4903459846973419,0.4983672499656677,0.3973800837993622,0.7693642973899841
0.7263585329055786,0.4808272123336792,0.42896756529808044,0.5183438658714294,0.3148682117462158,0.3949207067489624
0.9919661283493042,0.9259493947029114,0.806510329246521,0.7557748556137085,0.43835270404815674,0.23483148217201233
0.8549132943153381,0.8437830805778503,0.6448346972465515,0.756693959236145,0.31703880429267883,0.9144493937492371
0.9587145447731018,0.8558577299118042,0.9457060098648071,0.9261013269424438,0.9012020826339722,0.7895227670669556
0.8411750197410583,0.6720367074012756,0.658896267414093,0.7947495579719543,0.5728967189788818,0.9111985564231873
0.8996093273162842,0.5268486142158508,0.5576719641685486,0.5476655960083008,0.36154550313949585,0.6860620379447937
0.7386842966079712,0.8186501264572144,0.7632832527160645,0.859605610370636,0.49098026752471924,0.5824178457260132
0.986585795879364,0.9009694457054138,0.9760117530822754,0.9711911082267761,0.8813552856445312,0.9496060609817505
0.9533418416976929,0.632565438747406,0.8898065686225891,0.9902596473693848,0.3162664771080017,0.11691872775554657
0.9759607911109924,0.8019442558288574,0.8486989736557007,0.8622611165046692,0.7871779799461365,0.7429702281951904
0.8470533490180969,0.7446486353874207,0.34321582317352295,0.6336262822151184,0.2260238230228424,0.9017321467399597
0.8084005117416382,0.5679975748062134,0.5383382439613342,0.6775520443916321,0.2548207938671112,0.46107712388038635
0.9492406249046326,0.8841953873634338,0.9449753165245056,0.8906645774841309,0.8522613048553467,0.8928321599960327
0.7791229486465454,0.6811763644218445,0.6958693265914917,0.6984713077545166,0.5222592949867249,0.15781047940254211
0.6891440749168396,0.5815780758857727,0.4652971029281616,0.6812925338745117,0.5252094268798828,0.6842426657676697
0.8599526882171631,0.39686232805252075,0.35094553232192993,0.5320354700088501,0.3485771715641022,0.5683138966560364
0.9282848238945007,0.8041267395019531,0.6266281008720398,0.7382535338401794,0.3455115258693695,0.9183130860328674
0.9722086191177368,0.7590413093566895,0.8443712592124939,0.8383605480194092,0.5236733555793762,0.8090110421180725
0.7978498339653015,0.7439624071121216,0.5644164085388184,0.6324894428253174,0.2517339289188385,0.39862146973609924
0.9311148524284363,0.9214584231376648,0.8896670937538147,0.9559792280197144,0.36006462574005127,0.7924463748931885
0.9351590871810913,0.9309698343276978,0.6424950361251831,0.9706864356994629,0.05413838475942612,0.10043170303106308
0.9926112294197083,0.9337897896766663,0.8732486963272095,0.9071441888809204,0.49611395597457886,0.742203414440155
0.9358669519424438,0.8867612481117249,0.892333447933197,0.9331283569335938,0.7404500842094421,0.9904219508171082
0.9851946234703064,0.8495667576789856,0.9110463261604309,0.9537588953971863,0.5773487687110901,0.7133241295814514
0.9713431000709534,0.96713787317276,0.7762974500656128,0.6868711113929749,0.5522531867027283,0.668300211429596
0.9728999733924866,0.5660361051559448,0.6738314032554626,0.6631951332092285,0.47013479471206665,0.6618070006370544
0.9112323522567749,0.8281958103179932,0.9925194978713989,0.8530360460281372,0.5171675086021423,0.6287694573402405
0.9797008037567139,0.836117684841156,0.9791693091392517,0.955208420753479,0.7560002207756042,0.8460161685943604
0.6534848213195801,0.49206265807151794,0.9902002811431885,0.6746052503585815,0.35440462827682495,0.6049909591674805
0.9463710784912109,0.7432999014854431,0.6851653456687927,0.8346329927444458,0.5403314828872681,0.7880016565322876
0.6651583313941956,0.6157013773918152,0.6268395185470581,0.5916836261749268,0.26363956928253174,0.4625636041164398
0.8477330207824707,0.6783895492553711,0.5516804456710815,0.7218095660209656,0.3463941216468811,0.45459431409835815
0.9335148930549622,0.8366882801055908,0.9962483644485474,0.9034903049468994,0.25797954201698303,0.7912459373474121
0.9282848238945007,0.8041267395019531,0.6266281008720398,0.7382535338401794,0.3455115258693695,0.9183130860328674
0.8536140322685242,0.8394677639007568,0.2899223864078522,0.6888593435287476,0.1811530441045761,0.8685911297798157
0.8836590051651001,0.7923653721809387,0.938966691493988,0.9398112893104553,0.7580090165138245,0.9569288492202759
0.49509093165397644,0.509498655796051,0.26979365944862366,0.3763000965118408,0.38075724244117737,0.14951983094215393
0.8736122846603394,0.817547619342804,0.6882553100585938,0.6733105182647705,0.12517116963863373,0.21046125888824463
0.9825459122657776,0.7607237100601196,0.7264449596405029,0.9396723508834839,0.1850048005580902,0.08484786748886108
0.9796690344810486,0.795183539390564,0.7615662217140198,0.48623788356781006,0.2999876141548157,0.09992577880620956
0.6197818517684937,0.5793272256851196,0.20068107545375824,0.18614189326763153,0.3308088779449463,0.114158034324646
0.9302939176559448,0.7693654894828796,0.5944914221763611,0.7872130870819092,0.47960665822029114,0.8487014174461365
0.99712735414505,0.6555474996566772,0.903396725654602,0.8263618350028992,0.06979651749134064,0.9870241284370422
0.9933114647865295,0.9542704224586487,0.9672926664352417,0.8041037917137146,0.583611011505127,0.7187360525131226
0.9645487070083618,0.8824576139450073,0.9189847707748413,0.9363340139389038,0.771145224571228,0.9557127952575684
0.9610822796821594,0.9202184677124023,0.9569804668426514,0.9485891461372375,0.6454766392707825,0.8616347312927246
0.9581400752067566,0.6009010672569275,0.7273532152175903,0.8846774101257324,0.5585691928863525,0.9023014903068542
0.8244421482086182,0.6978869438171387,0.9449939131736755,0.9928907155990601,0.0998353511095047,0.9431309103965759
0.9772611856460571,0.9297506213188171,0.7673060297966003,0.8668951988220215,0.43549931049346924,0.8160832524299622
0.9347642660140991,0.7370621562004089,0.843331515789032,0.7987451553344727,0.46654701232910156,0.987319827079773
0.6628198623657227,0.4479891359806061,0.40265804529190063,0.5602508187294006,0.31142812967300415,0.25651639699935913
0.9302939176559448,0.7693654894828796,0.5944914221763611,0.7872130870819092,0.47960665822029114,0.8487014174461365
0.9915720224380493,0.6205434203147888,0.8943235874176025,0.9676206111907959,0.7939473986625671,0.8245171308517456
0.9035090804100037,0.7255597710609436,0.7354964017868042,0.7982034087181091,0.8563330769538879,0.6234629154205322
0.4935181438922882,0.2501775920391083,0.7106695175170898,0.38893818855285645,0.20747001469135284,0.3017558753490448
0.7133491039276123,0.19465772807598114,0.6732186079025269,0.8626961708068848,0.6702138185501099,0.3641403317451477
0.9302939176559448,0.7693654894828796,0.5944914221763611,0.7872130870819092,0.47960665822029114,0.8487014174461365
0.9765586853027344,0.9626575708389282,0.9333457350730896,0.9768553376197815,0.5189849734306335,0.9730184078216553
0.9575320482254028,0.9125086069107056,0.8421474099159241,0.9208042025566101,0.6045771837234497,0.7007386088371277
0.9910505414009094,0.9203757047653198,0.9168910384178162,0.9056596159934998,0.7427074313163757,0.9194843769073486
0.9537961483001709,0.6280825734138489,0.5745413303375244,0.8869498372077942,0.5898706912994385,0.6500585675239563
0.9000656604766846,0.6126034259796143,0.8045011162757874,0.8614805936813354,0.5265088677406311,0.9019524455070496
0.974015474319458,0.7874414920806885,0.7426681518554688,0.747075080871582,0.1906084567308426,0.4873647689819336
0.14873816072940826,0.2706422805786133,0.1383352428674698,0.18774154782295227,0.16872550547122955,0.05346684157848358
0.8751546740531921,0.6890205144882202,0.7366966605186462,0.924816370010376,0.42327991127967834,0.3695979118347168
0.9788344502449036,0.7655815482139587,0.9345608353614807,0.9120622873306274,0.6176297068595886,0.9704585671424866
0.9133254885673523,0.8646219372749329,0.7211447358131409,0.8104820251464844,0.17339318990707397,0.3629167079925537
0.86395663022995,0.5624775290489197,0.8650426864624023,0.4923516511917114,0.09404534846544266,0.128854438662529
0.0,0.0,0.0,0.0,0.0,0.0
0.8989430665969849,0.7398847341537476,0.7898564338684082,0.8662638068199158,0.40972453355789185,0.6516362428665161
0.580228865146637,0.3487378656864166,0.43840768933296204,0.6291689872741699,0.24882487952709198,0.4498239755630493
0.8746134042739868,0.6594031453132629,0.49363622069358826,0.36250612139701843,0.4193316400051117,0.17630115151405334
0.9116276502609253,0.5590853095054626,0.5759941339492798,0.7836158871650696,0.42814889550209045,0.819450855255127
0.9545891880989075,0.7751167416572571,0.7850061058998108,0.24079588055610657,0.08243997395038605,0.016285590827465057
0.8818826675415039,0.7619261741638184,0.6993833780288696,0.7135828733444214,0.3532578945159912,0.3347402513027191
0.7689342498779297,0.17840476334095,0.3607324957847595,0.5963693261146545,0.7335294485092163,0.3090737462043762
0.971176028251648,0.7434958219528198,0.8999664187431335,0.8803613185882568,0.7578483819961548,0.6788025498390198
0.9633074998855591,0.8283030986785889,0.9576817154884338,0.9591889977455139,0.8015832304954529,0.9186016917228699
0.9918167591094971,0.9415393471717834,0.9694657325744629,0.9479771852493286,0.8115004897117615,0.9265015125274658
0.9938032031059265,0.574893057346344,0.7175837755203247,0.7764453291893005,0.28998127579689026,0.9689450263977051
0.9983711242675781,0.9687093496322632,0.9693008065223694,0.953220009803772,0.8760296702384949,0.8995407819747925
0.8088884949684143,0.8116281032562256,0.7136701345443726,0.8147518634796143,0.5247846245765686,0.35566386580467224
0.9455599784851074,0.7957299947738647,0.8919268250465393,0.9012585878372192,0.7944164276123047,0.9330205321311951
0.944853663444519,0.6395910382270813,0.7482218742370605,0.7761260867118835,0.3620985150337219,0.6376863718032837
0.8023385405540466,0.5443206429481506,0.45790210366249084,0.6822765469551086,0.3610273003578186,0.651827871799469
0.6278119087219238,0.5158020257949829,0.5117707848548889,0.5619569420814514,0.34680014848709106,0.6166783571243286
0.883303701877594,0.8088087439537048,0.7167670726776123,0.4257451593875885,0.22504837810993195,0.44296014308929443
0.06592909246683121,0.22399821877479553,0.03998032212257385,0.02656048722565174,0.030668210238218307,0.025989023968577385
0.9939234256744385,0.9523159265518188,0.1491507589817047,0.1429392397403717,0.1728108823299408,0.2380332499742508
0.8041452169418335,0.9848470091819763,0.19213448464870453,0.29532021284103394,0.3214041292667389,0.14852027595043182
0.9188790917396545,0.666507363319397,0.6850642561912537,0.7464315891265869,0.3655591905117035,0.5917441248893738
0.9830672144889832,0.3777490258216858,0.9107495546340942,0.981597900390625,0.2997739911079407,0.5077906847000122
0.9512064456939697,0.6922582387924194,0.966691255569458,0.9707000255584717,0.6074484586715698,0.7455442547798157
0.5625547170639038,0.6199203729629517,0.6020509004592896,0.26074352860450745,0.07883135974407196,0.02412574179470539
0.9394434690475464,0.6843805909156799,0.9249132871627808,0.9078930616378784,0.8113735914230347,0.6112092733383179
0.8759893178939819,0.7270461916923523,0.8472539186477661,0.7270213961601257,0.3539483845233917,0.6541438698768616
0.9794799089431763,0.7865287065505981,0.8162111639976501,0.9398924112319946,0.5760689973831177,0.7364151477813721
0.9425938725471497,0.8600439429283142,0.7283921837806702,0.5250775814056396,0.5430751442909241,0.7507759928703308
0.9506597518920898,0.8654100894927979,0.7338938117027283,0.7578666806221008,0.7031089663505554,0.7299056649208069
0.9694377183914185,0.7515427470207214,0.9153885841369629,0.9338188171386719,0.6672831773757935,0.9327713251113892
0.9514943361282349,0.7910242676734924,0.8578821420669556,0.8938472867012024,0.8302211761474609,0.9204732775688171
0.9548404216766357,0.9475368857383728,0.7697747349739075,0.7844910025596619,0.5140417218208313,0.7520711421966553
0.7842632532119751,0.7552307844161987,0.5239445567131042,0.7726628184318542,0.46930381655693054,0.4229053854942322
0.7757030725479126,0.9636052250862122,0.2987890839576721,0.06469716131687164,0.12116105854511261,0.04391760006546974
0.9282848238945007,0.8041267395019531,0.6266281008720398,0.7382535338401794,0.3455115258693695,0.9183130860328674
0.7409613132476807,0.8979894518852234,0.1328488290309906,0.1184951588511467,0.50206458568573,0.049615371972322464
0.9612974524497986,0.8830503821372986,0.892863392829895,0.5300372242927551,0.09407692402601242,0.21773336827754974
0.9261357188224792,0.5964020490646362,0.9028068780899048,0.798037588596344,0.7168081402778625,0.8193953037261963
0.9302939176559448,0.7693654894828796,0.5944914221763611,0.7872130870819092,0.47960665822029114,0.8487014174461365
0.9835150837898254,0.9645404815673828,0.9595963954925537,0.9812959432601929,0.031903818249702454,0.9901700615882874
0.8256751894950867,0.5211419463157654,0.17047162353992462,0.22057245671749115,0.23669283092021942,0.16502691805362701
0.9795390963554382,0.9229797124862671,0.9385573267936707,0.943668007850647,0.8689987659454346,0.7825969457626343
0.9821003675460815,0.8728481531143188,0.9458470940589905,0.9695041179656982,0.7575780153274536,0.9944356679916382
0.9771980047225952,0.9965236783027649,0.887313723564148,0.9173163175582886,0.6501029133796692,0.8663923740386963
0.7807481288909912,0.3505978286266327,0.446515828371048,0.7248246669769287,0.2601573169231415,0.48649048805236816
0.9465973377227783,0.7541101574897766,0.9795526266098022,0.6846124529838562,0.07934753596782684,0.35203102231025696
0.9506522417068481,0.4417440593242645,0.376537561416626,0.6515055894851685,0.7950614094734192,0.24443557858467102
0.11603585630655289,0.9031894207000732,0.018992507830262184,0.08121108263731003,0.01176011748611927,0.007702360395342112
0.7854886054992676,0.49974244832992554,0.47481048107147217,0.5861584544181824,0.9672887921333313,0.6992583274841309
0.9109194874763489,0.7679588794708252,0.6754274368286133,0.876293957233429,0.8417919278144836,0.7601777911186218
0.9175546169281006,0.8096744418144226,0.7389335632324219,0.7403639554977417,0.1917322427034378,0.466913640499115
0.6320520043373108,0.22479510307312012,0.3028503358364105,0.7706560492515564,0.5162369608879089,0.5131344199180603
0.9302939176559448,0.7693654894828796,0.5944914221763611,0.7872130870819092,0.47960665822029114,0.8487014174461365
0.7784862518310547,0.7872373461723328,0.6959290504455566,0.7949034571647644,0.5970944762229919,0.4368891716003418
0.8928781151771545,0.8210299015045166,0.8672071099281311,0.6050874590873718,0.08740446716547012,0.6814489364624023
0.9929015636444092,0.5772923827171326,0.31523609161376953,0.6952252984046936,0.31122317910194397,0.993460476398468
0.5063442587852478,0.18665973842144012,0.23803764581680298,0.3886522054672241,0.2126818150281906,0.2772371470928192
0.9785385131835938,0.973200798034668,0.9548566937446594,0.9663552045822144,0.6819517612457275,0.8599235415458679
0.9587821364402771,0.7796686887741089,0.8296514749526978,0.8261004090309143,0.4895670413970947,0.8432257175445557
0.8023385405540466,0.5443206429481506,0.45790210366249084,0.6822765469551086,0.3610273003578186,0.651827871799469
0.7983266115188599,0.59816974401474,0.6525731682777405,0.5922595262527466,0.32844623923301697,0.49408549070358276
0.8893706798553467,0.7798557281494141,0.720262885093689,0.8135350942611694,0.6770703792572021,0.6084839701652527
0.7153998613357544,0.6730682253837585,0.5864098072052002,0.3565753698348999,0.49783429503440857,0.5065251588821411
0.9912782907485962,0.7581143975257874,0.7487489581108093,0.8015536069869995,0.5063002109527588,0.6975226402282715
0.9440769553184509,0.8159611225128174,0.9020723104476929,0.7858985662460327,0.32951605319976807,0.9939826130867004
0.9900743365287781,0.8908460140228271,0.9571751356124878,0.9413133859634399,0.7052892446517944,0.9713083505630493
0.9759364128112793,0.7067662477493286,0.8777526021003723,0.7458561062812805,0.6168321967124939,0.8720096945762634
0.9282848238945007,0.8041267395019531,0.6266281008720398,0.7382535338401794,0.3455115258693695,0.9183130860328674
0.8023385405540466,0.5443206429481506,0.45790210366249084,0.6822765469551086,0.3610273003578186,0.651827871799469
0.9312750101089478,0.35188817977905273,0.8316368460655212,0.9730063676834106,0.31235596537590027,0.20243483781814575
0.8149068355560303,0.531946063041687,0.7226245999336243,0.6747110486030579,0.6166806221008301,0.7899238467216492
0.9714505672454834,0.7537549138069153,0.6773713827133179,0.8918697237968445,0.8272491693496704,0.8112493753433228
0.9297362565994263,0.7731075286865234,0.997146487236023,0.9028409123420715,0.5487951636314392,0.9522770643234253
0.9586799740791321,0.7687145471572876,0.8323395252227783,0.9244431853294373,0.7815523147583008,0.9319518804550171
0.5165024995803833,0.6045836806297302,0.9955469369888306,0.5848960280418396,0.0971686840057373,0.6085533499717712
0.9984205961227417,0.9808779954910278,0.9859374761581421,0.9902229905128479,0.9665707349777222,0.9932100176811218
0.9409778714179993,0.791076123714447,0.734634280204773,0.9199529886245728,0.4997243881225586,0.7882227897644043
0.97333824634552,0.8779577612876892,0.8635244965553284,0.969032883644104,0.12244841456413269,0.822766125202179
0.9827414155006409,0.7015559673309326,0.645389199256897,0.6463289260864258,0.9088651537895203,0.6289762854576111
0.7580312490463257,0.6340634226799011,0.7050308585166931,0.5437589287757874,0.4159892499446869,0.4441874623298645
0.9642434120178223,0.9212340712547302,0.9262452125549316,0.8963887095451355,0.6868583559989929,0.3283950686454773
0.9468358159065247,0.6413174867630005,0.550873875617981,0.7531886696815491,0.37245064973831177,0.6457360982894897
0.9673588275909424,0.9148680567741394,0.9232974052429199,0.8982787132263184,0.7038339972496033,0.8227949142456055
0.7176443338394165,0.7799273729324341,0.9724174737930298,0.5469540357589722,0.0511837936937809,0.14321674406528473
0.9077343940734863,0.8683322668075562,0.8252158761024475,0.8942961096763611,0.8541372418403625,0.6745977997779846
0.9237692952156067,0.8336191773414612,0.8344367742538452,0.977452278137207,0.16365955770015717,0.8181151151657104
0.720223605632782,0.5028637647628784,0.41999223828315735,0.6008757948875427,0.7954685688018799,0.668513298034668
0.8652636408805847,0.7669848203659058,0.8355200290679932,0.8135333061218262,0.6315611600875854,0.7829002141952515
0.9600812792778015,0.9318189024925232,0.9928300976753235,0.9277552962303162,0.2679140269756317,0.0357174351811409
0.9594577550888062,0.7539609670639038,0.7771779894828796,0.832958459854126,0.4674359858036041,0.731149435043335
0.958214282989502,0.830787718296051,0.8273466229438782,0.7397677302360535,0.609839141368866,0.7897136807441711
0.9687759876251221,0.8604624271392822,0.8178150057792664,0.8551448583602905,0.7702088356018066,0.5945196151733398
0.8899850249290466,0.9148074388504028,0.833258330821991,0.87579745054245,0.561920702457428,0.5410730838775635
0.9594545364379883,0.9308241009712219,0.9335371255874634,0.38762611150741577,0.11763299256563187,0.1106635257601738
0.9911732077598572,0.7587412595748901,0.9290258288383484,0.9681176543235779,0.5150299072265625,0.9443373084068298
0.9765557050704956,0.9620525240898132,0.9701945185661316,0.9397103190422058,0.28394776582717896,0.18299004435539246
0.9492658972740173,0.9471491575241089,0.84281325340271,0.8451420664787292,0.846067488193512,0.1256810426712036
0.9967378377914429,0.9490380883216858,0.9708398580551147,0.9714560508728027,0.8809007406234741,0.9789411425590515
0.6645246744155884,0.9909178614616394,0.505256712436676,0.5437235832214355,0.3631416857242584,0.6337944269180298
0.6407167911529541,0.7263756990432739,0.8384173512458801,0.7241272926330566,0.6999216675758362,0.3232349455356598
0.9104280471801758,0.8337462544441223,0.9977436065673828,0.9686839580535889,0.1881958544254303,0.7022129893302917
0.6451847553253174,0.639885425567627,0.6569921374320984,0.5151090025901794,0.18717825412750244,0.4912717342376709
0.9098215103149414,0.8047918081283569,0.9669492840766907,0.8752439022064209,0.8195821642875671,0.699042558670044
0.9708592295646667,0.8268114328384399,0.7739582061767578,0.8501294255256653,0.4821607172489166,0.8196234703063965
0.7387905120849609,0.5307202339172363,0.28683120012283325,0.3723961412906647,0.9615219235420227,0.1447676569223404
0.9232433438301086,0.8586923480033875,0.725151538848877,0.8114122748374939,0.39236903190612793,0.7552158832550049
0.9282848238945007,0.8041267395019531,0.6266281008720398,0.7382535338401794,0.3455115258693695,0.9183130860328674
0.8576382994651794,0.6108059883117676,0.5807676315307617,0.8165972232818604,0.4472249448299408,0.6070228815078735
0.8023385405540466,0.5443206429481506,0.45790210366249084,0.6822765469551086,0.3610273003578186,0.651827871799469
0.9282848238945007,0.8041267395019531,0.6266281008720398,0.7382535338401794,0.3455115258693695,0.9183130860328674
0.826830267906189,0.5356194972991943,0.675203263759613,0.7310093641281128,0.27941378951072693,0.7396315932273865
0.9957228302955627,0.8547098636627197,0.9755065441131592,0.9842690825462341,0.8094158172607422,0.9367555975914001
0.9925599098205566,0.9644556641578674,0.8186014294624329,0.8400191068649292,0.21891936659812927,0.14533677697181702
0.7065423130989075,0.676249086856842,0.5915141701698303,0.8743981719017029,0.562635064125061,0.6982901692390442
0.8052863478660583,0.42263442277908325,0.7271445393562317,0.7585302591323853,0.47080492973327637,0.8985927104949951
0.9490329623222351,0.9039704203605652,0.9057347774505615,0.9607781171798706,0.6269895434379578,0.8772069215774536
0.9925599098205566,0.9644556641578674,0.8186014294624329,0.8400191068649292,0.21891936659812927,0.14533677697181702
0.9938105344772339,0.9935223460197449,0.9942597150802612,0.9941588640213013,0.9937299489974976,0.9940869808197021
0.9036608338356018,0.5397089719772339,0.6021161675453186,0.7162091135978699,0.3556966781616211,0.20925819873809814
0.9980056285858154,0.9861283302307129,0.9868184924125671,0.991523265838623,0.9508199095726013,0.9954420328140259
0.9581926465034485,0.7936136722564697,0.8864172697067261,0.9353504776954651,0.6266312003135681,0.9316875338554382
0.8686658143997192,0.8882494568824768,0.713679313659668,0.46754226088523865,0.30187827348709106,0.02481830306351185
0.6903094053268433,0.3901035487651825,0.21178069710731506,0.6812776327133179,0.21327582001686096,0.49832916259765625
0.7844465374946594,0.5419921875,0.4186495840549469,0.5323684811592102,0.46066415309906006,0.47996917366981506
0.22649286687374115,0.2217572033405304,0.3158382177352905,0.5426443219184875,0.2639954686164856,0.2584213316440582
0.9713207483291626,0.7750309109687805,0.8740856051445007,0.942291259765625,0.618867039680481,0.6591741442680359
0.7823665142059326,0.5918175578117371,0.2557166814804077,0.42315471172332764,0.27766698598861694,0.35036036372184753
0.70235675573349,0.7605577707290649,0.5357662439346313,0.6726496815681458,0.4493746757507324,0.531697154045105
0.9663997888565063,0.8263108730316162,0.8456473350524902,0.9135817289352417,0.7681753635406494,0.886552631855011
0.9427025318145752,0.8562577962875366,0.8619115948677063,0.9218443036079407,0.7381583452224731,0.8961664438247681
0.8881824612617493,0.8538196086883545,0.7705015540122986,0.9911791682243347,0.7099180221557617,0.6820346713066101
0.9858280420303345,0.7260026335716248,0.6930798888206482,0.9770939946174622,0.9400397539138794,0.39716577529907227
0.6738280653953552,0.6567636728286743,0.14395876228809357,0.07399114221334457,0.00530396681278944,0.015679720789194107
0.6176787614822388,0.47693637013435364,0.2553761601448059,0.29061704874038696,0.7386761903762817,0.080854631960392
0.7799902558326721,0.6901805996894836,0.859498918056488,0.9436401724815369,0.5032487511634827,0.8283782601356506
0.9883410334587097,0.75892174243927,0.7230079174041748,0.6584660410881042,0.2707551419734955,0.6528240442276001
0.7546489238739014,0.4323040544986725,0.47883832454681396,0.5517899990081787,0.3551814556121826,0.6091681122779846
0.8970690369606018,0.6842095255851746,0.6512776613235474,0.8650873899459839,0.5559579133987427,0.67098069190979
0.995785653591156,0.9251295328140259,0.9308589100837708,0.9138225317001343,0.8331633806228638,0.8463968634605408
0.9493658542633057,0.21698059141635895,0.7704547643661499,0.976105809211731,0.17200084030628204,0.10880748927593231
0.7682521939277649,0.8406081795692444,0.37563392519950867,0.7548403739929199,0.1724090725183487,0.9602785110473633
0.9809691905975342,0.8574589490890503,0.9713971614837646,0.9381200075149536,0.7335365414619446,0.9865678548812866
0.9684602618217468,0.9485350251197815,0.9135533571243286,0.9231232404708862,0.7749559283256531,0.9541455507278442
0.9230538010597229,0.8435510993003845,0.7572486996650696,0.587323784828186,0.20385777950286865,0.6649613976478577
0.9809499979019165,0.8067476153373718,0.8625676035881042,0.8784803748130798,0.8028826117515564,0.9846859574317932
0.8810762166976929,0.712762176990509,0.710211455821991,0.7785013318061829,0.5276662707328796,0.7861214280128479
0.7927038073539734,0.6993657946586609,0.6960881948471069,0.773140013217926,0.5579222440719604,0.5928304195404053
0.8023385405540466,0.5443206429481506,0.45790210366249084,0.6822765469551086,0.3610273003578186,0.651827871799469
0.9521852731704712,0.9758140444755554,0.867979884147644,0.8765326142311096,0.7725045680999756,0.8053126335144043
0.8954464793205261,0.5240151286125183,0.7892484068870544,0.8602879643440247,0.43326830863952637,0.7297202944755554
0.5106931328773499,0.2663972079753876,0.25524768233299255,0.30565565824508667,0.5097236037254333,0.13292092084884644
0.9980340003967285,0.995854914188385,0.9938139319419861,0.9976050853729248,0.9660959243774414,0.9992330074310303
0.9864346981048584,0.9680463671684265,0.9524686932563782,0.9290241003036499,0.5223501920700073,0.9808367490768433
0.9409604072570801,0.7741724252700806,0.8546485900878906,0.9497078061103821,0.4689892828464508,0.9123940467834473
0.9486038088798523,0.9825766086578369,0.8823000192642212,0.856724739074707,0.6212582588195801,0.844447135925293
0.9708825945854187,0.9204742908477783,0.850063145160675,0.780608594417572,0.1532582938671112,0.28910887241363525
0.963851273059845,0.6652103066444397,0.7929745316505432,0.868428111076355,0.509467363357544,0.7313300371170044
0.705829918384552,0.6188306212425232,0.6451042294502258,0.562086284160614,0.06790719926357269,0.08683360368013382
0.9590441584587097,0.8629433512687683,0.8466496467590332,0.811671257019043,0.2115861177444458,0.5891367197036743
0.7860514521598816,0.4605185389518738,0.280887633562088,0.42927610874176025,0.26346859335899353,0.4630984365940094
0.730787456035614,0.24061527848243713,0.21162469685077667,0.27093762159347534,0.1403779238462448,0.24967367947101593
0.9667814373970032,0.4982362687587738,0.5839312076568604,0.8237100839614868,0.40566885471343994,0.29671478271484375
0.8758575320243835,0.5638534426689148,0.7126556634902954,0.71153324842453,0.4285314679145813,0.7332272529602051
0.6642834544181824,0.39039427042007446,0.3229876756668091,0.6278566718101501,0.26469793915748596,0.4228556752204895
0.9549740552902222,0.6403221487998962,0.7886427640914917,0.9184539914131165,0.7606267333030701,0.9495100975036621
0.5152221918106079,0.7512807250022888,0.11796018481254578,0.11919013410806656,0.12066343426704407,0.05778657644987106
0.9826312065124512,0.8644270896911621,0.9628154039382935,0.9778579473495483,0.8221654295921326,0.9327767491340637
0.6779077649116516,0.36621448397636414,0.2618209719657898,0.4321339428424835,0.1008196547627449,0.18585105240345
0.6618546843528748,0.6608677506446838,0.4715380072593689,0.547096848487854,0.31742599606513977,0.5570034980773926
0.6922501921653748,0.6601001024246216,0.42470505833625793,0.7775025367736816,0.4557289481163025,0.38008272647857666
0.9009811282157898,0.672872006893158,0.33296722173690796,0.6010496616363525,0.0910375714302063,0.3657037019729614
0.9635940194129944,0.9799252152442932,0.798405110836029,0.8195300698280334,0.2354247272014618,0.7091596126556396
0.9322667121887207,0.8560645580291748,0.8885456919670105,0.9544214010238647,0.6586958169937134,0.9683564305305481
0.9203264713287354,0.7717121839523315,0.5455770492553711,0.665411114692688,0.2858562469482422,0.8084654808044434
0.9302939176559448,0.7693654894828796,0.5944914221763611,0.7872130870819092,0.47960665822029114,0.8487014174461365
0.8867504596710205,0.18095840513706207,0.45301833748817444,0.3112747073173523,0.5083248019218445,0.09093025326728821
0.9510940909385681,0.6713547706604004,0.8428962826728821,0.9684827327728271,0.4030500650405884,0.8762744069099426
0.9729099869728088,0.8594233393669128,0.9130070805549622,0.9489652514457703,0.6941002011299133,0.9663028120994568
0.6379377841949463,0.8095691800117493,0.20780999958515167,0.04231851175427437,0.025921285152435303,0.029618242755532265
0.27214497327804565,0.3581762909889221,0.20098350942134857,0.2821926176548004,0.1752200722694397,0.10675954073667526
0.97456955909729,0.9230369925498962,0.9413782954216003,0.969964325428009,0.92518550157547,0.9689002633094788
0.9232226610183716,0.95854651927948,0.7949139475822449,0.6867879629135132,0.3794030547142029,0.0471971221268177
0.9419485330581665,0.9134461283683777,0.9862070679664612,0.9093986749649048,0.5492762923240662,0.8322247266769409
0.6889308094978333,0.7097075581550598,0.38069966435432434,0.666516125202179,0.9973256587982178,0.3915611505508423
0.9854639172554016,0.9368590712547302,0.9223225116729736,0.9296284317970276,0.5166994333267212,0.9663688540458679
0.9019279479980469,0.8637861013412476,0.8476486802101135,0.6544303894042969,0.37213829159736633,0.06533536314964294
0.7687844634056091,0.9414572715759277,0.4491713345050812,0.5813800692558289,0.35163527727127075,0.14472168684005737
0.9503957629203796,0.8718271851539612,0.901207447052002,0.8898205161094666,0.586002767086029,0.8473936915397644
0.9334206581115723,0.6698648929595947,0.7374827861785889,0.7270951867103577,0.31455743312835693,0.6071848273277283
0.9115043878555298,0.6217424869537354,0.7473753094673157,0.8932551145553589,0.3773532509803772,0.5694937109947205
0.5373674035072327,0.4946240186691284,0.19813957810401917,0.8386850953102112,0.16581648588180542,0.17507098615169525
0.9577548503875732,0.8312283158302307,0.8147276639938354,0.8939221501350403,0.5900919437408447,0.8523203134536743
0.9283573031425476,0.8132295608520508,0.7468932867050171,0.7794086933135986,0.28006842732429504,0.9851804375648499
0.9883366227149963,0.9591144323348999,0.9460868239402771,0.8294517993927002,0.4176520109176636,0.915492832660675
0.9758755564689636,0.8518413305282593,0.8981412649154663,0.9268579483032227,0.5029560327529907,0.9507598876953125
0.914002001285553,0.6185699701309204,0.637130618095398,0.7270845174789429,0.37686091661453247,0.6057564616203308
0.6832091212272644,0.6902472376823425,0.5944312810897827,0.7242432832717896,0.294456422328949,0.6445045471191406
0.8226519823074341,0.6907163858413696,0.8649764657020569,0.9885661005973816,0.6781049370765686,0.7852251529693604
0.9954804182052612,0.8729314804077148,0.9099907875061035,0.8279018998146057,0.3216097354888916,0.5764437913894653
0.9642929434776306,0.7115088105201721,0.7611759305000305,0.8202241063117981,0.5500163435935974,0.8527783751487732
0.8270331025123596,0.6195216774940491,0.8054037094116211,0.6814018487930298,0.36812302470207214,0.49889451265335083
0.6477640271186829,0.4014342725276947,0.48576653003692627,0.5986407399177551,0.33207088708877563,0.5758242011070251
0.6938127875328064,0.5431937575340271,0.3881627917289734,0.5411772727966309,0.399277925491333,0.6320285797119141
0.8023385405540466,0.5443206429481506,0.45790210366249084,0.6822765469551086,0.3610273003578186,0.651827871799469
0.9979817867279053,0.9041175246238708,0.9450085163116455,0.9606210589408875,0.6859198212623596,0.9736247658729553
0.976252019405365,0.9095246195793152,0.9768582582473755,0.974993109703064,0.5600152015686035,0.5280827879905701
0.91432785987854,0.9617863893508911,0.9238637685775757,0.8667560815811157,0.47338324785232544,0.6269543766975403
0.9201252460479736,0.7392251491546631,0.7977892160415649,0.813627302646637,0.5142526626586914,0.7055813074111938
0.9786933660507202,0.8525134921073914,0.9535791277885437,0.9645299315452576,0.7586384415626526,0.9430025219917297
0.9190428256988525,0.8874427676200867,0.8864688277244568,0.8640432953834534,0.708424985408783,0.8415669798851013
0.9282848238945007,0.8041267395019531,0.6266281008720398,0.7382535338401794,0.3455115258693695,0.9183130860328674
0.7495867609977722,0.5419279336929321,0.5267555713653564,0.6980841755867004,0.3687455952167511,0.5803123712539673
0.9793708920478821,0.707859218120575,0.8224284648895264,0.8380691409111023,0.4801676273345947,0.7589218020439148
0.9954075813293457,0.877487063407898,0.9707913994789124,0.9827664494514465,0.8630385994911194,0.9553587436676025
0.8408142924308777,0.5587271451950073,0.6596397161483765,0.9939244389533997,0.6795269846916199,0.8047649264335632
0.7689342498779297,0.17840476334095,0.3607324957847595,0.5963693261146545,0.7335294485092163,0.3090737462043762
0.9547670483589172,0.9545674920082092,0.7791718244552612,0.5898739099502563,0.2143050879240036,0.9599665999412537
0.8397402763366699,0.7679876685142517,0.6366226077079773,0.7801377177238464,0.4908711314201355,0.27500247955322266
0.6932721734046936,0.5893203616142273,0.4124034643173218,0.5946314930915833,0.5281801819801331,0.2551683187484741
0.974830687046051,0.9035830497741699,0.8523914813995361,0.7836720943450928,0.36360472440719604,0.5994406342506409
0.8924196362495422,0.6349319815635681,0.8292619585990906,0.7955459356307983,0.37297484278678894,0.8005656003952026
0.9659976959228516,0.7994869947433472,0.9229716062545776,0.9329696893692017,0.6045973300933838,0.7363464832305908
0.9396137595176697,0.7610677480697632,0.46928519010543823,0.6697033643722534,0.7032225728034973,0.7700474262237549
0.873270571231842,0.8112437129020691,0.8443336486816406,0.8307146430015564,0.7149986624717712,0.7770840525627136
0.9303334951400757,0.9576881527900696,0.7656208872795105,0.24422231316566467,0.5057096481323242,0.05981070548295975
0.8361905813217163,0.8428806066513062,0.8154995441436768,0.7041407823562622,0.5782151818275452,0.6259073615074158
0.8663936853408813,0.8112913370132446,0.8382695913314819,0.4092233180999756,0.7448803782463074,0.11328988522291183
0.9771960973739624,0.8238588571548462,0.9718530178070068,0.9661365151405334,0.6784322261810303,0.9525328278541565
0.7025657892227173,0.5525857210159302,0.4948883652687073,0.6437898874282837,0.5178257822990417,0.28479936718940735
0.7810984253883362,0.4467972218990326,0.7849008440971375,0.9836376309394836,0.566216766834259,0.8197977542877197
0.987101137638092,0.7268320322036743,0.9546239376068115,0.8894833922386169,0.4798334836959839,0.740246593952179
0.9835453033447266,0.8705955743789673,0.6622573733329773,0.30899620056152344,0.42192041873931885,0.0853278636932373
0.9584317207336426,0.7018470168113708,0.5479265451431274,0.6814473867416382,0.21934927999973297,0.7029106020927429
0.9495511054992676,0.8141583800315857,0.8566860556602478,0.8223387002944946,0.32177308201789856,0.6557300686836243
0.676398754119873,0.22078949213027954,0.5993447303771973,0.24775150418281555,0.06062411516904831,0.050803735852241516
0.14963655173778534,0.39549803733825684,0.17914387583732605,0.3706403970718384,0.2884145975112915,0.02138485759496689
0.8830995559692383,0.681286096572876,0.6792285442352295,0.7231461405754089,0.38335373997688293,0.8401513695716858
0.9608975052833557,0.7840021252632141,0.7787964344024658,0.6000738143920898,0.26308202743530273,0.9643893837928772
0.932709813117981,0.6079710125923157,0.6422585248947144,0.8258582949638367,0.23196536302566528,0.6712422370910645
0.9793882369995117,0.5583540201187134,0.5697868466377258,0.8508431911468506,0.3780421018600464,0.6357603073120117
0.996368944644928,0.8723340630531311,0.9558974504470825,0.6112008690834045,0.041943203657865524,0.5371119379997253
0.8223785161972046,0.30939850211143494,0.22872433066368103,0.6419094204902649,0.28121858835220337,0.3479763865470886
0.9302939176559448,0.7693654894828796,0.5944914221763611,0.7872130870819092,0.47960665822029114,0.8487014174461365
0.9867336750030518,0.962422788143158,0.9164897203445435,0.8012076616287231,0.6073914170265198,0.9475685358047485
0.9769448041915894,0.667397677898407,0.7367396354675293,0.768235445022583,0.8279984593391418,0.732414960861206
0.9865440726280212,0.8891686797142029,0.8572075366973877,0.8722540140151978,0.9617413282394409,0.8630838990211487
0.8953123688697815,0.7618427276611328,0.7794036269187927,0.7566892504692078,0.7541708946228027,0.7602807879447937
0.9636369347572327,0.9921598434448242,0.706371009349823,0.7414051294326782,0.4102357029914856,0.1256454586982727
0.9201280474662781,0.5675884485244751,0.835362434387207,0.9248930811882019,0.6853981614112854,0.9442020654678345
0.8813294172286987,0.655819296836853,0.654384434223175,0.7704858183860779,0.341345876455307,0.18325819075107574
0.9640167355537415,0.7586658596992493,0.8062018752098083,0.8873412609100342,0.6101413369178772,0.884924054145813
0.9430812001228333,0.8512540459632874,0.8664518594741821,0.68865567445755,0.3670940101146698,0.601767361164093
0.9777328372001648,0.2899799942970276,0.8959441184997559,0.9129742980003357,0.23934389650821686,0.2103058248758316
0.9378290772438049,0.806498110294342,0.822571873664856,0.9340903759002686,0.8575404286384583,0.7714883089065552
0.9943674802780151,0.9726183414459229,0.9203768372535706,0.9408370852470398,0.7846798896789551,0.870620846748352
0.9468172788619995,0.6391801834106445,0.7008705139160156,0.6979491114616394,0.4884971082210541,0.7110205888748169
0.9807637929916382,0.9755857586860657,0.8513374328613281,0.788932204246521,0.5487183928489685,0.8991395235061646
0.8030290603637695,0.9308444261550903,0.8642629981040955,0.03480114787817001,0.019857145845890045,0.004192231688648462
0.9302939176559448,0.7693654894828796,0.5944914221763611,0.7872130870819092,0.47960665822029114,0.8487014174461365
0.8332824110984802,0.549125611782074,0.9564257264137268,0.9517582654953003,0.6566352844238281,0.950613796710968
0.9727691411972046,0.8863539695739746,0.7577841281890869,0.8583385944366455,0.4554353356361389,0.8861163258552551
0.9537961483001709,0.6280825734138489,0.5745413303375244,0.8869498372077942,0.5898706912994385,0.6500585675239563
0.9672730565071106,0.8140799403190613,0.731106162071228,0.6146559119224548,0.35025012493133545,0.8443888425827026
0.9200682640075684,0.38989365100860596,0.499826580286026,0.687492311000824,0.4207737147808075,0.48515668511390686
0.5455518364906311,0.5812843441963196,0.5223354697227478,0.9560263752937317,0.5171546936035156,0.09831873327493668
0.6521149277687073,0.46048471331596375,0.443578839302063,0.6029675006866455,0.48342955112457275,0.5345784425735474
0.9037021398544312,0.6509197950363159,0.6084271669387817,0.7555957436561584,0.5191311836242676,0.7867502570152283
0.9282848238945007,0.8041267395019531,0.6266281008720398,0.7382535338401794,0.3455115258693695,0.9183130860328674
0.8185163736343384,0.7873442769050598,0.30020344257354736,0.6810805797576904,0.1876455396413803,0.9151635766029358
0.5554085373878479,0.268826425075531,0.17493021488189697,0.09640735387802124,0.07890091836452484,0.01691720262169838
0.6053474545478821,0.4915121793746948,0.499010294675827,0.675220787525177,0.5037960410118103,0.48335176706314087
0.7762166857719421,0.6837564706802368,0.11864401400089264,0.12346863746643066,0.06582128256559372,0.09031959623098373
0.9952685832977295,0.9935015439987183,0.9952884316444397,0.9915132522583008,0.9943191409111023,0.9941232204437256
0.9955542683601379,0.9354274868965149,0.8463079333305359,0.9287089109420776,0.5682194232940674,0.3478318452835083
0.49952268600463867,0.7486194372177124,0.30789902806282043,0.1962594836950302,0.1293696016073227,0.06542456895112991
0.8824674487113953,0.23169158399105072,0.5379475951194763,0.6757809519767761,0.3541974127292633,0.4282515347003937
0.6625056266784668,0.6013631224632263,0.40419480204582214,0.5499505996704102,0.26573607325553894,0.34121784567832947
0.7324247360229492,0.6543669700622559,0.47525596618652344,0.48790955543518066,0.23389273881912231,0.514349102973938
0.9537961483001709,0.6280825734138489,0.5745413303375244,0.8869498372077942,0.5898706912994385,0.6500585675239563
0.9145192503929138,0.6449112892150879,0.7124230265617371,0.7144500017166138,0.5292967557907104,0.6947767734527588
0.9870272278785706,0.9305879473686218,0.924228847026825,0.945717990398407,0.779013991355896,0.9640812277793884
0.8773434162139893,0.9778921008110046,0.6079732775688171,0.5127575397491455,0.24150396883487701,0.24104931950569153
0.9189234375953674,0.8748730421066284,0.8901764750480652,0.954013466835022,0.5934812426567078,0.9133167862892151
0.3425557017326355,0.6462414860725403,0.8185873627662659,0.8233672380447388,0.5659360289573669,0.4767824709415436
0.8832293748855591,0.8758905529975891,0.7192543148994446,0.8211730718612671,0.7436749339103699,0.4955132007598877
0.9025752544403076,0.8731393814086914,0.9974502325057983,0.921561062335968,0.1389966756105423,0.900804877281189
0.8640164732933044,0.636867344379425,0.6763242483139038,0.8294955492019653,0.44520050287246704,0.5942865610122681
0.9647819995880127,0.7549737691879272,0.7663647532463074,0.8030715584754944,0.6741825938224792,0.7153388857841492
0.9016979932785034,0.797361433506012,0.7708554267883301,0.779534101486206,0.3456222116947174,0.673920214176178
0.8001567721366882,0.6819945573806763,0.3534374535083771,0.5904295444488525,0.15626735985279083,0.8472033143043518
0.9405304789543152,0.637958288192749,0.5276529788970947,0.2979767918586731,0.255209743976593,0.08306322991847992
0.8066756129264832,0.6371487379074097,0.5044470429420471,0.7147075533866882,0.5125553011894226,0.8020074963569641
0.9710410237312317,0.8025635480880737,0.5889195203781128,0.6592608690261841,0.5506635904312134,0.7526832222938538
0.9872093200683594,0.6535152792930603,0.377795934677124,0.5749014019966125,0.9417967200279236,0.9309921860694885
0.9703434109687805,0.7301231622695923,0.7063905596733093,0.7036294937133789,0.25981491804122925,0.7970725893974304
0.969475507736206,0.8092978596687317,0.8313215374946594,0.8576669096946716,0.4928238093852997,0.9114028811454773
0.7376288175582886,0.6286692023277283,0.819463849067688,0.7102927565574646,0.3483063280582428,0.7806911468505859
0.7520611882209778,0.47675520181655884,0.4346912205219269,0.4012111723423004,0.14402133226394653,0.3595067858695984
0.9155954122543335,0.7838528752326965,0.9286189675331116,0.6750631332397461,0.539783239364624,0.5875312685966492
0.9302939176559448,0.7693654894828796,0.5944914221763611,0.7872130870819092,0.47960665822029114,0.8487014174461365
0.7544399499893188,0.3962957262992859,0.857578456401825,0.8013060688972473,0.16988293826580048,0.4327334463596344
0.5479251146316528,0.6109974980354309,0.18622897565364838,0.16723383963108063,0.03137337043881416,0.07457961142063141
0.39724957942962646,0.19325032830238342,0.22828227281570435,0.446399062871933,0.0720512866973877,0.5203973650932312
0.9825322031974792,0.8868516683578491,0.9114535450935364,0.8933867812156677,0.5904443264007568,0.8516887426376343
0.9598967432975769,0.7053581476211548,0.42464199662208557,0.6739850044250488,0.3906390964984894,0.6921196579933167
0.9572086334228516,0.7357878088951111,0.7570617198944092,0.8401347398757935,0.5082107186317444,0.8394961953163147
0.39818623661994934,0.22943103313446045,0.2219923436641693,0.4405958354473114,0.38716769218444824,0.26362618803977966
0.9946460723876953,0.7328798770904541,0.9029029011726379,0.8365647792816162,0.8603353500366211,0.4891422688961029
0.9870942234992981,0.9738146066665649,0.9929648041725159,0.9250049591064453,0.026519976556301117,0.020093897357583046
0.6397197842597961,0.48501718044281006,0.22837145626544952,0.35865259170532227,0.16572940349578857,0.28117093443870544
0.7596468925476074,0.572259247303009,0.7751703262329102,0.5900325179100037,0.6327553987503052,0.5657832026481628
0.9265328049659729,0.33927467465400696,0.8831008076667786,0.9730964303016663,0.6434227228164673,0.40384724736213684
0.9656583666801453,0.8969082832336426,0.7947547435760498,0.9384416341781616,0.529983639717102,0.8960853219032288
0.9302939176559448,0.7693654894828796,0.5944914221763611,0.7872130870819092,0.47960665822029114,0.8487014174461365
0.8724455833435059,0.8448449373245239,0.6747239828109741,0.5703268647193909,0.3259667754173279,0.31215155124664307
0.9953473210334778,0.9340785145759583,0.9360917806625366,0.9805607795715332,0.7523595094680786,0.9755775928497314
0.9928396940231323,0.7261559367179871,0.9679732322692871,0.9752360582351685,0.7803133130073547,0.9246565699577332
0.8865497708320618,0.44638335704803467,0.34450870752334595,0.4747006297111511,0.6803333759307861,0.3506071865558624
0.9764429926872253,0.6578443050384521,0.6120389699935913,0.791705310344696,0.5189234018325806,0.4571303725242615
0.9738361835479736,0.6973692774772644,0.9624378085136414,0.9536476135253906,0.6901939511299133,0.9275421500205994
0.7509128451347351,0.6660159230232239,0.9978176355361938,0.8759116530418396,0.1243005320429802,0.25210240483283997
0.7603766322135925,0.7232323884963989,0.36103299260139465,0.4819507896900177,0.029468176886439323,0.6011478900909424
0.8453172445297241,0.4151321053504944,0.5018956661224365,0.8061947226524353,0.405439555644989,0.9926586747169495
0.8091636896133423,0.8365423083305359,0.9950575828552246,0.7016516923904419,0.11434649676084518,0.45187848806381226
0.9191389083862305,0.7792310118675232,0.6091548800468445,0.7437105178833008,0.43484193086624146,0.29313695430755615
0.9774587750434875,0.7499547004699707,0.7589830756187439,0.8278948664665222,0.4985716938972473,0.8523508906364441
0.8295072317123413,0.603072464466095,0.6389411687850952,0.8553979992866516,0.4056563377380371,0.4586872160434723
0.5609251260757446,0.546882152557373,0.1042027622461319,0.1481899470090866,0.04503165930509567,0.2637825310230255
0.971758246421814,0.7688992023468018,0.79164719581604,0.828619658946991,0.468657910823822,0.8065668940544128
0.962368369102478,0.7454904317855835,0.8122788071632385,0.7699651718139648,0.39026889204978943,0.8027256727218628
0.9182506799697876,0.4779873788356781,0.46012675762176514,0.5971484184265137,0.3212912082672119,0.6196344494819641
0.7968225479125977,0.7148353457450867,0.4164833128452301,0.5164374709129333,0.08066481351852417,0.7102261185646057
0.9874356985092163,0.8298274278640747,0.9369508624076843,0.9474078416824341,0.636813223361969,0.9265964031219482
0.9302939176559448,0.7693654894828796,0.5944914221763611,0.7872130870819092,0.47960665822029114,0.8487014174461365
0.9789025187492371,0.9442312121391296,0.9782768487930298,0.9670085310935974,0.6421881914138794,0.9275025725364685
0.2196052521467209,0.24130913615226746,0.22732162475585938,0.8034888505935669,0.5846837162971497,0.30388155579566956
0.9282848238945007,0.8041267395019531,0.6266281008720398,0.7382535338401794,0.3455115258693695,0.9183130860328674
0.3463016450405121,0.3269977569580078,0.18512460589408875,0.40469062328338623,0.214448481798172,0.0860210657119751
0.750436544418335,0.6395528316497803,0.6829487085342407,0.7175581455230713,0.5779240131378174,0.5324996709823608
0.9075073599815369,0.6552591323852539,0.6750565767288208,0.7830296754837036,0.4350109398365021,0.607673168182373
0.8239940404891968,0.33890679478645325,0.4353802800178528,0.5760437846183777,0.4395938217639923,0.7570123672485352
0.95505291223526,0.803348958492279,0.8320232629776001,0.8142513632774353,0.5820455551147461,0.9934641122817993
0.9407198429107666,0.7215880751609802,0.7916966080665588,0.8270590901374817,0.5125876665115356,0.773923397064209
0.9643219709396362,0.7560014128684998,0.7970229983329773,0.8003446459770203,0.5659170150756836,0.3560800850391388
0.8892109990119934,0.42706382274627686,0.5171072483062744,0.7961551547050476,0.5132591724395752,0.6167441010475159
0.9687431454658508,0.9069933891296387,0.7846658229827881,0.8488386273384094,0.7533065676689148,0.8249937891960144
0.5426442623138428,0.41168972849845886,0.400503933429718,0.47988611459732056,0.32160013914108276,0.38299480080604553
0.9413798451423645,0.7775658369064331,0.8469855189323425,0.8350462317466736,0.6240738034248352,0.8822016716003418
0.9869883060455322,0.8562389016151428,0.8167468309402466,0.923602283000946,0.45380905270576477,0.9631636738777161
0.6171820163726807,0.3675534129142761,0.16633084416389465,0.19764924049377441,0.12069066613912582,0.25759226083755493
0.8023385405540466,0.5443206429481506,0.45790210366249084,0.6822765469551086,0.3610273003578186,0.651827871799469
0.8497428297996521,0.799976110458374,0.2787223160266876,0.6643889546394348,0.19013406336307526,0.8998920321464539
0.9446367025375366,0.21592441201210022,0.9254590272903442,0.9354091882705688,0.29243162274360657,0.13094112277030945
0.5553073883056641,0.21606099605560303,0.4203473925590515,0.4770418107509613,0.27416202425956726,0.4993564784526825
0.9833770394325256,0.8088176250457764,0.8959363698959351,0.8792611956596375,0.870815098285675,0.8936331868171692
0.8595276474952698,0.5466759204864502,0.6720877885818481,0.6628337502479553,0.4337289333343506,0.7093258500099182
0.014270983636379242,0.0017582637956365943,0.007285243831574917,0.008509127423167229,0.0036714766174554825,0.011693897657096386
0.9942129254341125,0.8666977882385254,0.9180229902267456,0.9311217665672302,0.6842917203903198,0.7150171399116516
0.8256687521934509,0.9873233437538147,0.8353421688079834,0.4761967957019806,0.07916845381259918,0.09880819171667099
0.8132561445236206,0.7334088087081909,0.5878905653953552,0.6925474405288696,0.4347631335258484,0.6197958588600159
0.31622353196144104,0.1329934298992157,0.10073007643222809,0.15666496753692627,0.10420191287994385,0.11722240597009659
0.9800084233283997,0.7982749938964844,0.9396470189094543,0.813623309135437,0.5361178517341614,0.5334247350692749
0.9928857088088989,0.9858099818229675,0.682656466960907,0.8016254901885986,0.1699541211128235,0.5058308839797974
0.9302939176559448,0.7693654894828796,0.5944914221763611,0.7872130870819092,0.47960665822029114,0.8487014174461365
0.8533633947372437,0.7045884728431702,0.8062977194786072,0.8212753534317017,0.30062079429626465,0.7021980881690979
0.7659039497375488,0.3225838840007782,0.3376942574977875,0.44952842593193054,0.9729387760162354,0.3072659969329834
0.7134125232696533,0.5427197217941284,0.5178543925285339,0.49773111939430237,0.32930317521095276,0.6809633374214172
0.9229669570922852,0.932573139667511,0.8608543872833252,0.88515305519104,0.43038737773895264,0.825847327709198
0.9102205038070679,0.8453562259674072,0.8493878245353699,0.6458531022071838,0.669048011302948,0.2859366834163666
0.904897928237915,0.8110820651054382,0.3864750564098358,0.29950830340385437,0.9034568667411804,0.050623223185539246
0.6321165561676025,0.5118430256843567,0.6567932963371277,0.7945488095283508,0.21093116700649261,0.0939740464091301
0.9806435704231262,0.9764806032180786,0.8748815059661865,0.7506296038627625,0.04190010949969292,0.5899444222450256
0.9121611714363098,0.23181457817554474,0.19882377982139587,0.38017529249191284,0.19250017404556274,0.33403605222702026
0.7774499654769897,0.9246559143066406,0.7628031373023987,0.7685273289680481,0.37403807044029236,0.599776566028595
0.9088956117630005,0.7894099950790405,0.8558179140090942,0.7446891069412231,0.4327978193759918,0.4731740355491638
0.9795679450035095,0.816386878490448,0.8936896920204163,0.8704571723937988,0.6443507075309753,0.7828418612480164
0.9672492146492004,0.908394992351532,0.8451888561248779,0.9036575555801392,0.34886449575424194,0.5691736340522766
0.8209095001220703,0.5827381610870361,0.5976480841636658,0.5483890175819397,0.15986785292625427,0.5506401658058167
0.9302939176559448,0.7693654894828796,0.5944914221763611,0.7872130870819092,0.47960665822029114,0.8487014174461365
0.9614750146865845,0.8087359666824341,0.6156882047653198,0.6442285776138306,0.1084282174706459,0.35220447182655334
0.8865734934806824,0.5046684145927429,0.44144827127456665,0.580105721950531,0.328654021024704,0.1885700225830078
0.9885885715484619,0.7558307647705078,0.630874514579773,0.6247112154960632,0.9591519236564636,0.05676065757870674
0.21846529841423035,0.27420496940612793,0.6045533418655396,0.5780088901519775,0.17205333709716797,0.030925853177905083
0.3964262008666992,0.2429669201374054,0.4871283769607544,0.3983449339866638,0.10977060347795486,0.20312176644802094
0.2997399568557739,0.30542024970054626,0.18093596398830414,0.29185187816619873,0.2895357310771942,0.04422875493764877
0.26134952902793884,0.4096863865852356,0.38168075680732727,0.03189466893672943,0.03047962859272957,0.016367193311452866
0.542637288570404,0.30435916781425476,0.3280675411224365,0.4564504027366638,0.32422950863838196,0.4048624634742737
0.9981278777122498,0.9309935569763184,0.9868594408035278,0.9648199081420898,0.7722397446632385,0.9672074913978577
0.6585384011268616,0.3971326947212219,0.3624335825443268,0.48082470893859863,0.38037800788879395,0.60207200050354
0.39765578508377075,0.07649502158164978,0.6685426235198975,0.7224337458610535,0.2747330367565155,0.4688788950443268
0.8562414050102234,0.8993306756019592,0.8965287208557129,0.8743512034416199,0.6474647521972656,0.8086137175559998
0.589040219783783,0.42812037467956543,0.4263879358768463,0.5501170754432678,0.4980785846710205,0.10558345168828964
0.9215703010559082,0.7013702392578125,0.6012440919876099,0.7670199275016785,0.3691786229610443,0.6419113874435425
0.6766164898872375,0.8727815747261047,0.24133732914924622,0.3495546877384186,0.12246079742908478,0.019226063042879105
0.5236886739730835,0.14746564626693726,0.08084923774003983,0.09609128534793854,0.08552218228578568,0.06271428614854813
0.9937183856964111,0.9366273283958435,0.9744503498077393,0.9839460849761963,0.79014652967453,0.972477376461029
0.9605355262756348,0.9671529531478882,0.9427405595779419,0.9546700716018677,0.7805066704750061,0.8860602378845215
0.921367347240448,0.8855487108230591,0.7979370951652527,0.8826127052307129,0.7845951318740845,0.6491472721099854
0.9050678610801697,0.6423323750495911,0.5057461857795715,0.6726418137550354,0.4164041578769684,0.6813421845436096
0.04724684730172157,0.007944559678435326,0.07159435003995895,0.030684437602758408,0.01983019895851612,0.002283363835886121
0.9282848238945007,0.8041267395019531,0.6266281008720398,0.7382535338401794,0.3455115258693695,0.9183130860328674
0.891252875328064,0.6563446521759033,0.9477890729904175,0.8848578333854675,0.5527903437614441,0.6871437430381775
0.951704740524292,0.9404609203338623,0.9536586999893188,0.9321309328079224,0.9141977429389954,0.9287176728248596
0.9420097470283508,0.9399641752243042,0.7042338848114014,0.4643656313419342,0.7160141468048096,0.10911288857460022
0.9931120872497559,0.938080906867981,0.9330660700798035,0.1727285087108612,0.02899348735809326,0.2645638585090637
0.9955872893333435,0.9421324729919434,0.7758604288101196,0.7636813521385193,0.3854720890522003,0.7226942181587219
0.9498089551925659,0.9402970671653748,0.9389808177947998,0.9484607577323914,0.5983809232711792,0.9106146693229675
0.930566132068634,0.8145154118537903,0.8956117630004883,0.9114137291908264,0.5030693411827087,0.46968722343444824
0.8023385405540466,0.5443206429481506,0.45790210366249084,0.6822765469551086,0.3610273003578186,0.651827871799469
0.9058525562286377,0.5362156629562378,0.16202065348625183,0.7322261333465576,0.3363856077194214,0.5533128380775452
0.9894219040870667,0.9050031900405884,0.9281693696975708,0.896033525466919,0.5277369022369385,0.9323037266731262
0.7851239442825317,0.7994586229324341,0.492850124835968,0.3908363878726959,0.09499705582857132,0.0012179444311186671
0.9682987332344055,0.9396154284477234,0.8632159233093262,0.5078627467155457,0.2129938304424286,0.25151965022087097
0.897093653678894,0.39943206310272217,0.8256435394287109,0.8476141691207886,0.10478362441062927,0.5484365224838257
0.8973428010940552,0.7667112350463867,0.32109177112579346,0.6426148414611816,0.1760866492986679,0.9192562103271484
0.9878178834915161,0.9386482238769531,0.9951593279838562,0.9244198799133301,0.34167051315307617,0.9606836438179016
0.8528730869293213,0.6291123032569885,0.6914798021316528,0.8662884831428528,0.37053385376930237,0.7561756372451782
0.8999823331832886,0.49963900446891785,0.6752142310142517,0.7246754765510559,0.7556037902832031,0.4590066373348236
0.9302939176559448,0.7693654894828796,0.5944914221763611,0.7872130870819092,0.47960665822029114,0.8487014174461365
0.9861457943916321,0.9624902009963989,0.9802368879318237,0.98225998878479,0.7316365838050842,0.9564182758331299
0.33658793568611145,0.21408529579639435,0.24717126786708832,0.4251907169818878,0.1862623244524002,0.1844794750213623
0.9845373034477234,0.9762473106384277,0.980133593082428,0.9746689796447754,0.9789682626724243,0.9838963747024536
0.9981481432914734,0.9961719512939453,0.8883060812950134,0.9675083160400391,0.9836605787277222,0.8276126384735107
0.9222241640090942,0.8275542855262756,0.8243961930274963,0.8796582221984863,0.6237288117408752,0.8224789500236511
0.9560427069664001,0.8445705771446228,0.9302020072937012,0.9584448337554932,0.5647990703582764,0.8168401718139648
0.9669042825698853,0.9601187109947205,0.7103075385093689,0.01829448901116848,0.0021572632249444723,0.16014589369297028
0.9491974711418152,0.2213890254497528,0.25309643149375916,0.33898353576660156,0.1872192621231079,0.8693689107894897
0.963749885559082,0.7599136829376221,0.7776978611946106,0.8342589735984802,0.7919257879257202,0.7792477011680603
0.9983730912208557,0.9555515646934509,0.9662023186683655,0.9896761178970337,0.952811598777771,0.9844913482666016
0.7805293202400208,0.5632401704788208,0.3949659466743469,0.6881152391433716,0.34551021456718445,0.6781291365623474
0.932526707649231,0.7545557022094727,0.6556100249290466,0.42989617586135864,0.10883212834596634,0.3341768980026245
0.8072702288627625,0.6267155408859253,0.7105730175971985,0.5962415933609009,0.3348923623561859,0.47498828172683716
0.8346960544586182,0.5198547840118408,0.6122906804084778,0.8184136748313904,0.3273859918117523,0.8651679754257202
0.9366850256919861,0.886850118637085,0.8908076882362366,0.7599880695343018,0.7470573782920837,0.7806099653244019
0.8318200707435608,0.6634997129440308,0.7629880905151367,0.811185896396637,0.34159055352211,0.7373692989349365
0.8848040699958801,0.8523193001747131,0.7905701994895935,0.8446211814880371,0.37291058897972107,0.7828649282455444
0.9803342819213867,0.8633584976196289,0.78072190284729,0.9294290542602539,0.720682680606842,0.7415894269943237
0.9375985264778137,0.9174896478652954,0.46512457728385925,0.34460973739624023,0.14067260921001434,0.04648453742265701
0.9317997694015503,0.7091252207756042,0.781381368637085,0.46828821301460266,0.03059433028101921,0.011291677132248878
0.7629324793815613,0.7350050210952759,0.39207661151885986,0.477072149515152,0.14341050386428833,0.8116856217384338
0.9925599098205566,0.9644556641578674,0.8186014294624329,0.8400191068649292,0.21891936659812927,0.14533677697181702
0.7901993989944458,0.656995952129364,0.5137607455253601,0.5195292830467224,0.23026445508003235,0.7566884160041809
0.6876918077468872,0.3707928955554962,0.503244936466217,0.4511263966560364,0.18895168602466583,0.22821108996868134
0.9399033188819885,0.8691309094429016,0.7562286853790283,0.868868350982666,0.5182899832725525,0.8419816493988037
0.9302939176559448,0.7693654894828796,0.5944914221763611,0.7872130870819092,0.47960665822029114,0.8487014174461365
0.9282848238945007,0.8041267395019531,0.6266281008720398,0.7382535338401794,0.3455115258693695,0.9183130860328674
0.9069875478744507,0.6205930113792419,0.5290198922157288,0.8513349294662476,0.5148171782493591,0.6462443470954895
0.9554976224899292,0.8955722451210022,0.890801727771759,0.964073121547699,0.6737485527992249,0.8792640566825867
0.9603781700134277,0.6667066812515259,0.8876675963401794,0.8951954245567322,0.3179943263530731,0.7373747229576111
0.9263278245925903,0.825542688369751,0.8854103684425354,0.6968170404434204,0.35173848271369934,0.21618953347206116
0.9747709631919861,0.7665186524391174,0.9874250888824463,0.9465553164482117,0.6323575973510742,0.7129113674163818
0.9945151209831238,0.8111088275909424,0.9184231758117676,0.9273906946182251,0.5712710618972778,0.903978168964386
0.9639707207679749,0.78098064661026,0.9805240035057068,0.9356420636177063,0.9937875270843506,0.9046120643615723
0.8713314533233643,0.8069010376930237,0.7934057712554932,0.8248304724693298,0.6507088541984558,0.6189386248588562
0.9669111371040344,0.5876086354255676,0.5196114182472229,0.8449295163154602,0.4395289123058319,0.37723615765571594
0.9715806841850281,0.8619715571403503,0.5695351958274841,0.7015150189399719,0.7360865473747253,0.1287582814693451
0.9839056730270386,0.9743937849998474,0.9381080269813538,0.8495369553565979,0.621371328830719,0.8827303051948547
0.8723586201667786,0.753828763961792,0.6177688241004944,0.8241347670555115,0.46813490986824036,0.6880581378936768
0.7910051345825195,0.4431183636188507,0.2693421542644501,0.596455991268158,0.21863088011741638,0.5942663550376892
0.9393525719642639,0.9501473903656006,0.8984903693199158,0.8961395621299744,0.7857016324996948,0.7074329853057861
0.9475213289260864,0.635145902633667,0.5201622247695923,0.5486851930618286,0.26235270500183105,0.5584332942962646
0.968676745891571,0.7035204768180847,0.8312663435935974,0.7199528217315674,0.26852506399154663,0.3597525954246521
0.8888546228408813,0.5983244776725769,0.4423106908798218,0.49512413144111633,0.5342197418212891,0.5778639316558838
0.8907955288887024,0.782171905040741,0.6928915977478027,0.8557311296463013,0.37289050221443176,0.7188229560852051
0.7513139843940735,0.6726581454277039,0.47464191913604736,0.6381640434265137,0.48247015476226807,0.8554015755653381
0.8751580715179443,0.49991607666015625,0.514377236366272,0.49677523970603943,0.3348260819911957,0.6320896148681641
0.7715131640434265,0.7342954277992249,0.6325555443763733,0.6791021823883057,0.13617603480815887,0.8533835411071777
0.7645303010940552,0.679928719997406,0.588302731513977,0.6454879641532898,0.4491148293018341,0.5855258107185364
0.9202294945716858,0.6933990120887756,0.6376244425773621,0.8311617970466614,0.5151299834251404,0.4354323446750641
0.9946430921554565,0.9500280022621155,0.25549057126045227,0.39199602603912354,0.08659794926643372,0.3038271963596344
0.7104973196983337,0.40216031670570374,0.5285731554031372,0.5640063285827637,0.29886919260025024,0.6237624287605286
0.9302939176559448,0.7693654894828796,0.5944914221763611,0.7872130870819092,0.47960665822029114,0.8487014174461365
0.9052359461784363,0.6389163732528687,0.6567592620849609,0.7209613919258118,0.3264588713645935,0.6417993307113647
0.9391347169876099,0.6292902827262878,0.8881040811538696,0.9093285799026489,0.4818897545337677,0.8169751167297363
0.9271532297134399,0.6386347413063049,0.6512567400932312,0.8312093019485474,0.4925347864627838,0.7313721776008606
0.9282848238945007,0.8041267395019531,0.6266281008720398,0.7382535338401794,0.3455115258693695,0.9183130860328674
0.8231457471847534,0.8497650623321533,0.5771896243095398,0.6613197326660156,0.2136058658361435,0.8224547505378723
0.9839925169944763,0.9964396357536316,0.8866617679595947,0.9561576843261719,0.27934929728507996,0.004407740663737059
0.9585898518562317,0.7732152938842773,0.8007388710975647,0.7911577820777893,0.5902159214019775,0.9792227745056152
0.9906160235404968,0.8093383312225342,0.8987440466880798,0.9679200053215027,0.7589935660362244,0.9834391474723816
0.9511598944664001,0.4513460695743561,0.532829225063324,0.592261552810669,0.4163949191570282,0.8358244299888611
0.9778565168380737,0.8608303070068359,0.950626790523529,0.9872481822967529,0.8070818185806274,0.953118622303009
0.9860178828239441,0.9105146527290344,0.9853629469871521,0.9421848654747009,0.5903592705726624,0.9411141872406006
0.40194225311279297,0.3887144923210144,0.278206467628479,0.3554557263851166,0.2057073563337326,0.4692675769329071
0.9464916586875916,0.8390909433364868,0.8375440835952759,0.8919528126716614,0.6225553750991821,0.7087329626083374
0.9014817476272583,0.5335144996643066,0.7301989793777466,0.6726945638656616,0.48893606662750244,0.18035627901554108
0.9551119208335876,0.8547825813293457,0.8360024690628052,0.6983612775802612,0.40122008323669434,0.5788396596908569
0.97251296043396,0.7561410665512085,0.7857936024665833,0.8545696139335632,0.4864691197872162,0.7979912757873535
0.9748597145080566,0.9434413313865662,0.9264192581176758,0.826038658618927,0.502036988735199,0.8524802327156067
0.9876133799552917,0.8814666867256165,0.8267412781715393,0.870278000831604,0.9472110271453857,0.809093177318573
0.9661117196083069,0.887604296207428,0.8570523858070374,0.9105581045150757,0.7471391558647156,0.9496894478797913
0.9302939176559448,0.7693654894828796,0.5944914221763611,0.7872130870819092,0.47960665822029114,0.8487014174461365
0.9743585586547852,0.7875937819480896,0.9491860866546631,0.9049227833747864,0.5686137080192566,0.9211071133613586
0.8988458514213562,0.5097748041152954,0.6493265628814697,0.7304232716560364,0.4070894420146942,0.7266825437545776
0.9973043203353882,0.8982780575752258,0.9636856317520142,0.9872190356254578,0.7758417129516602,0.9721124768257141
0.9194725155830383,0.8544535636901855,0.869233250617981,0.8363121747970581,0.6278507113456726,0.7028602957725525
0.14956775307655334,0.11660507321357727,0.057573601603507996,0.24669893085956573,0.056817080825567245,0.019221410155296326
0.983762800693512,0.8085824847221375,0.9052608609199524,0.8744460940361023,0.6207692623138428,0.8877438902854919
0.9004635810852051,0.6023711562156677,0.5567874908447266,0.7671189904212952,0.5346362590789795,0.579389750957489
0.8023385405540466,0.5443206429481506,0.45790210366249084,0.6822765469551086,0.3610273003578186,0.651827871799469
0.8968312740325928,0.42476412653923035,0.5258245468139648,0.8075008988380432,0.5235980749130249,0.6015801429748535
0.8216066360473633,0.8731538653373718,0.8759699463844299,0.8621680736541748,0.30750101804733276,0.6698241233825684
0.918350100517273,0.6723213791847229,0.5639716982841492,0.7519299983978271,0.3303414285182953,0.9792548418045044
0.9482788443565369,0.5455717444419861,0.5988222360610962,0.8233947157859802,0.29566267132759094,0.9934819340705872
0.879297137260437,0.49190571904182434,0.23898792266845703,0.5158818960189819,0.19535644352436066,0.5897350907325745
0.9784494638442993,0.5637981295585632,0.6704341173171997,0.8562445640563965,0.6508833765983582,0.9154958128929138
0.9821230173110962,0.9819807410240173,0.9773899912834167,0.9863625764846802,0.18292342126369476,0.6867575645446777
0.9495224356651306,0.9145311117172241,0.9817168712615967,0.8945266008377075,0.08970795571804047,0.11870068311691284
0.5780277848243713,0.2867456078529358,0.14716938138008118,0.447416216135025,0.23569408059120178,0.15902858972549438
0.9907018542289734,0.9598953127861023,0.7489494681358337,0.9068994522094727,0.8481716513633728,0.6996399164199829
0.47516289353370667,0.5683212280273438,0.49871110916137695,0.8024322390556335,0.8864303827285767,0.5648347735404968
0.9818132519721985,0.9392396211624146,0.9529744982719421,0.9605573415756226,0.6893883347511292,0.927894115447998
0.9732374548912048,0.9472990036010742,0.9896594285964966,0.8330944776535034,0.04742998257279396,0.09662958979606628
0.9615271687507629,0.9243879914283752,0.936039924621582,0.9482417106628418,0.7106519341468811,0.9185395240783691
0.8182778358459473,0.5233893394470215,0.719110369682312,0.875899612903595,0.7369992136955261,0.6983109712600708
0.9819158315658569,0.39983630180358887,0.9087182879447937,0.8991413712501526,0.5779749751091003,0.18490327894687653
0.9327678084373474,0.7036707997322083,0.8825337886810303,0.888102114200592,0.7286269664764404,0.8328328728675842
0.8514736294746399,0.8254358172416687,0.2103417068719864,0.6035753488540649,0.1484275609254837,0.9128746390342712
0.8650013208389282,0.8260339498519897,0.7020685076713562,0.7886346578598022,0.5986021161079407,0.8264204859733582
0.9105362296104431,0.8015568256378174,0.7699690461158752,0.8446977138519287,0.555819034576416,0.9806815385818481
0.9218276143074036,0.7367902398109436,0.7283621430397034,0.8294912576675415,0.797700822353363,0.7577575445175171
0.8299323916435242,0.8069779276847839,0.685364305973053,0.7802786827087402,0.6416810750961304,0.6710562109947205
0.5609251260757446,0.546882152557373,0.1042027622461319,0.1481899470090866,0.04503165930509567,0.2637825310230255
0.983100414276123,0.8551521897315979,0.7953826785087585,0.850913405418396,0.6384423971176147,0.8492594957351685
0.8624825477600098,0.3267117142677307,0.5097418427467346,0.7015297412872314,0.13852553069591522,0.20900192856788635
0.8773480653762817,0.6587983965873718,0.477296382188797,0.4983026385307312,0.3301655352115631,0.392608106136322
0.6209537386894226,0.48157060146331787,0.438784658908844,0.5170885920524597,0.15878300368785858,0.19223442673683167
0.8836285471916199,0.605808675289154,0.6443899869918823,0.7946157455444336,0.1768081933259964,0.385758638381958
0.6014708280563354,0.984572172164917,0.5118765234947205,0.7477477788925171,0.8243054747581482,0.7312535047531128
0.9542810916900635,0.7078474164009094,0.7982494831085205,0.8144859075546265,0.45859742164611816,0.6620280742645264
0.9687445163726807,0.8264229893684387,0.8662853837013245,0.8528982400894165,0.6059419512748718,0.895296037197113
0.8260493874549866,0.6872429251670837,0.8124527931213379,0.8625937700271606,0.7619543671607971,0.6375258564949036
0.9983278512954712,0.8297237753868103,0.9644101858139038,0.9754124283790588,0.8858779072761536,0.9473176002502441
0.9653045535087585,0.837822437286377,0.7767239809036255,0.9414891600608826,0.5559577941894531,0.9454289078712463
0.9925991892814636,0.9488092660903931,0.9801498651504517,0.9821736812591553,0.8305685520172119,0.9421680569648743
0.9926252961158752,0.8778725266456604,0.9515361785888672,0.9848458170890808,0.7015081644058228,0.9942463040351868
0.9696784615516663,0.7874900698661804,0.7823804616928101,0.8706621527671814,0.5752291679382324,0.8258837461471558
0.816796064376831,0.978326678276062,0.1660708785057068,0.4211422801017761,0.030766990035772324,0.05998290330171585
0.7335320115089417,0.7773763537406921,0.3398604393005371,0.48153209686279297,0.14673615992069244,0.8484721779823303
0.9332435131072998,0.3921542763710022,0.4123194217681885,0.38794103264808655,0.2980993092060089,0.27503007650375366
0.9735870957374573,0.9759825468063354,0.9643980264663696,0.9688069820404053,0.6334978342056274,0.8291924595832825
0.9693503975868225,0.5226467251777649,0.48613137006759644,0.6262073516845703,0.42809316515922546,0.5178741812705994
0.9792482256889343,0.9497668147087097,0.9544777274131775,0.9750595092773438,0.4193030595779419,0.9646257758140564
0.983559787273407,0.7834880352020264,0.8761904835700989,0.8754999041557312,0.6609300971031189,0.8863652348518372
0.9189023971557617,0.881119966506958,0.7992037534713745,0.8045061826705933,0.6959420442581177,0.7962468266487122
0.9882497191429138,0.9443461894989014,0.41907989978790283,0.5760477185249329,0.3678820729255676,0.613044798374176
0.9859890937805176,0.5725120902061462,0.9510429501533508,0.7555400729179382,0.3011684715747833,0.3458273708820343
0.7494086623191833,0.8364565372467041,0.44398897886276245,0.21463856101036072,0.3537704348564148,0.13892433047294617
0.990806519985199,0.8388230204582214,0.7499783039093018,0.718196451663971,0.37841567397117615,0.3250998258590698
0.9029143452644348,0.7532748579978943,0.8866502642631531,0.7382815480232239,0.5495421290397644,0.6648374795913696
0.8328120112419128,0.6773699522018433,0.6751828789710999,0.375171422958374,0.2118922919034958,0.18958044052124023
0.9179421663284302,0.8435933589935303,0.8279256820678711,0.8592928647994995,0.6235020160675049,0.8157340884208679
0.995631754398346,0.9841826558113098,0.9985329508781433,0.9926478862762451,0.9138014316558838,0.9948388934135437
0.02026543766260147,0.01399599015712738,0.018260328099131584,0.008071067743003368,0.03180743381381035,0.0008116684621199965
0.6432507038116455,0.22494114935398102,0.475464403629303,0.6756551265716553,0.09046415239572525,0.23983749747276306
0.6347067952156067,0.2920836806297302,0.23259089887142181,0.056404635310173035,0.011944083496928215,0.005843675695359707
0.9448098540306091,0.8375046849250793,0.828660249710083,0.7946804761886597,0.5634350776672363,0.5674339532852173
0.9958372712135315,0.6718454360961914,0.9274694919586182,0.45819762349128723,0.055953994393348694,0.3392787575721741
0.9136412739753723,0.6509833931922913,0.7941265106201172,0.6932424306869507,0.4501335918903351,0.8464738130569458
0.9720001816749573,0.7433522939682007,0.7771106958389282,0.9275674223899841,0.594547688961029,0.9468029737472534
0.8023385405540466,0.5443206429481506,0.45790210366249084,0.6822765469551086,0.3610273003578186,0.651827871799469
0.9240416288375854,0.32465121150016785,0.9573058485984802,0.9922505021095276,0.2437649518251419,0.3815517723560333
0.9760449528694153,0.794033944606781,0.649154007434845,0.6979193687438965,0.9218528866767883,0.1869405061006546
0.9633446931838989,0.4394647777080536,0.8684896230697632,0.9599888324737549,0.32866713404655457,0.45766928791999817
0.5860587358474731,0.1435690075159073,0.0855994001030922,0.12596824765205383,0.5959077477455139,0.015606089495122433
0.9869182705879211,0.6840341687202454,0.6927446722984314,0.8055728673934937,0.6914379596710205,0.757171094417572
0.8518213033676147,0.8583502769470215,0.319832980632782,0.7078659534454346,0.20066732168197632,0.8918464183807373
0.8848772644996643,0.18499445915222168,0.5477656722068787,0.9502536654472351,0.9124465584754944,0.548445999622345
0.9874348044395447,0.9462921023368835,0.3844912350177765,0.5095832943916321,0.12728413939476013,0.5233450531959534
0.9937247037887573,0.8988069891929626,0.8229462504386902,0.6524535417556763,0.18406492471694946,0.5812586545944214
0.9202769994735718,0.7669326066970825,0.8587484359741211,0.8414254784584045,0.38275325298309326,0.9834551811218262
0.9970299005508423,0.933692991733551,0.8959154486656189,0.8568424582481384,0.7222478985786438,0.8721143007278442
0.9792638421058655,0.8899708390235901,0.926402747631073,0.9545145630836487,0.6343091726303101,0.96123868227005
0.7953095436096191,0.6407322287559509,0.6374460458755493,0.6761857271194458,0.2113015502691269,0.3421342074871063
0.9286744594573975,0.7296395897865295,0.7294409275054932,0.8361269235610962,0.5965932011604309,0.6310328841209412
0.867637038230896,0.8475620746612549,0.9480876326560974,0.7907954454421997,0.5246946811676025,0.2573587894439697
0.9134554862976074,0.8337090015411377,0.8165451288223267,0.867070198059082,0.5954331755638123,0.8019375205039978
0.9651259779930115,0.7306907773017883,0.9133145213127136,0.8958549499511719,0.5993019938468933,0.840889036655426
0.8978340029716492,0.4018366038799286,0.2561275064945221,0.49967753887176514,0.39796876907348633,0.16728951036930084
0.7212591767311096,0.5732502937316895,0.19314312934875488,0.09371218085289001,0.35112231969833374,0.20010630786418915
0.8581060767173767,0.40097203850746155,0.3451716899871826,0.5740581154823303,0.23444721102714539,0.5043232440948486
0.984024703502655,0.8823397159576416,0.9325370192527771,0.9462488889694214,0.7973673939704895,0.9802788496017456
0.8993088603019714,0.681520402431488,0.9785118103027344,0.9647110104560852,0.9676958322525024,0.9807434678077698
0.994299590587616,0.821480929851532,0.6979755759239197,0.9595710039138794,0.21209785342216492,0.4741101861000061
0.9946033358573914,0.37721487879753113,0.3988680839538574,0.7090030312538147,0.3750975430011749,0.48961344361305237
0.9688386917114258,0.7885531187057495,0.8027511239051819,0.8611916303634644,0.5375949740409851,0.803073525428772
0.9883266091346741,0.7585667371749878,0.9777775406837463,0.8898741602897644,0.4992366135120392,0.473736435174942
0.6189691424369812,0.4755190908908844,0.3246890604496002,0.38577672839164734,0.33374422788619995,0.20351918041706085
0.9088442921638489,0.6200453042984009,0.7480034232139587,0.9604038000106812,0.577979326248169,0.7108327746391296
0.899932324886322,0.6872856020927429,0.41009142994880676,0.6739965081214905,0.22793643176555634,0.7709475159645081
0.948192834854126,0.8725143671035767,0.6845232248306274,0.6168987154960632,0.5286900401115417,0.5787338614463806
0.9626576900482178,0.697475016117096,0.9601296186447144,0.847936749458313,0.2959131598472595,0.5893186926841736
0.9949526190757751,0.8611205220222473,0.8402294516563416,0.9253973364830017,0.5275301933288574,0.9890887141227722
0.9871288537979126,0.8432450294494629,0.9321247339248657,0.9034513235092163,0.9418824315071106,0.8656259775161743
0.9938265681266785,0.8553063869476318,0.7945804595947266,0.8617121577262878,0.5976943969726562,0.9611470103263855
0.9670122861862183,0.7898217439651489,0.8432974815368652,0.8406518697738647,0.5075428485870361,0.6374110579490662
0.9242590069770813,0.8429432511329651,0.759577214717865,0.42214539647102356,0.2021809220314026,0.7065913081169128
0.6880971193313599,0.49463075399398804,0.40416762232780457,0.47577977180480957,0.18923942744731903,0.34706494212150574
0.9282848238945007,0.8041267395019531,0.6266281008720398,0.7382535338401794,0.3455115258693695,0.9183130860328674
0.9379071593284607,0.7370990514755249,0.8541060090065002,0.8969908356666565,0.5248534083366394,0.981613039970398
0.9550245404243469,0.7230200171470642,0.9742906093597412,0.9372473955154419,0.7911707162857056,0.8968860507011414
0.9091548323631287,0.8723087906837463,0.7973222732543945,0.8356570601463318,0.8032763600349426,0.6082800626754761
0.9600857496261597,0.8035972714424133,0.8035447001457214,0.8425089120864868,0.7559726238250732,0.7663469910621643
0.9944063425064087,0.8985362648963928,0.9400007128715515,0.9183628559112549,0.6292036175727844,0.9379401803016663
0.8023385405540466,0.5443206429481506,0.45790210366249084,0.6822765469551086,0.3610273003578186,0.651827871799469
0.953208863735199,0.6794591546058655,0.7401976585388184,0.7884803414344788,0.38900598883628845,0.6757617592811584
0.9302939176559448,0.7693654894828796,0.5944914221763611,0.7872130870819092,0.47960665822029114,0.8487014174461365
0.9282848238945007,0.8041267395019531,0.6266281008720398,0.7382535338401794,0.3455115258693695,0.9183130860328674
0.8659594655036926,0.45586439967155457,0.4430384039878845,0.5616281628608704,0.29407569766044617,0.25696203112602234
0.9819368124008179,0.5328601598739624,0.8898837566375732,0.9442591667175293,0.3008163273334503,0.8604224920272827
0.9300847053527832,0.8693902492523193,0.7346754670143127,0.6512216329574585,0.31978192925453186,0.2299881875514984
0.9841771125793457,0.9466904997825623,0.9514792561531067,0.9617816805839539,0.766319215297699,0.967786431312561
0.9626468420028687,0.7987829446792603,0.7083724737167358,0.8023089170455933,0.5770624279975891,0.7340864539146423
0.9049704074859619,0.6747127175331116,0.8066278100013733,0.8510064482688904,0.5556185841560364,0.9504956007003784
0.9770323038101196,0.537269115447998,0.6710054278373718,0.5912640690803528,0.4971786141395569,0.435959130525589
0.8460411429405212,0.8889499306678772,0.9860385060310364,0.6281139850616455,0.2990585267543793,0.297089546918869
0.9828894138336182,0.6368929743766785,0.8683227896690369,0.8762699365615845,0.7084903717041016,0.8863083720207214
0.8384788036346436,0.8895877003669739,0.8378074765205383,0.8846415877342224,0.7510333061218262,0.3368366062641144
0.8499594330787659,0.8279032707214355,0.21235738694667816,0.6035653948783875,0.14541254937648773,0.9112344980239868
0.95909184217453,0.9366840124130249,0.9269440174102783,0.938132643699646,0.6697722673416138,0.9901915788650513
0.8118026852607727,0.7591102719306946,0.8085857033729553,0.7890177965164185,0.6394440531730652,0.5890839099884033
0.8781536817550659,0.5777357220649719,0.2465481460094452,0.14907915890216827,0.3872547745704651,0.15153832733631134
0.7459829449653625,0.9180906414985657,0.8579726219177246,0.9154511094093323,0.059346672147512436,0.24541577696800232
0.5063442587852478,0.18665973842144012,0.23803764581680298,0.3886522054672241,0.2126818150281906,0.2772371470928192
0.7856717109680176,0.5404044985771179,0.5970649123191833,0.6585711240768433,0.7201442718505859,0.9116812348365784
0.4940788447856903,0.3750242590904236,0.4578684866428375,0.7354211211204529,0.4464312195777893,0.3084120750427246
0.9730343818664551,0.920527458190918,0.9752225279808044,0.9707933068275452,0.8186913132667542,0.928254246711731
0.9867424964904785,0.719058096408844,0.9368165135383606,0.6643533110618591,0.6528339385986328,0.665709912776947
0.909687876701355,0.7935373187065125,0.6499125361442566,0.9360714554786682,0.004105014726519585,0.044102177023887634
0.9252362847328186,0.7588619589805603,0.7359866499900818,0.8529857993125916,0.27121061086654663,0.9415286779403687
0.8032787442207336,0.34041130542755127,0.46032312512397766,0.46940281987190247,0.19122755527496338,0.5259934663772583
0.6897693872451782,0.47042182087898254,0.3880152106285095,0.2565169334411621,0.32603365182876587,0.47568967938423157
0.9874845147132874,0.8574439883232117,0.9201110601425171,0.6617007851600647,0.41357043385505676,0.3738512694835663
0.9655038118362427,0.6917364001274109,0.9326398968696594,0.9286972880363464,0.6009281277656555,0.7893562912940979
0.8892242908477783,0.9054371118545532,0.6735767722129822,0.47153541445732117,0.3087809383869171,0.408229261636734
0.9787184000015259,0.7913018465042114,0.5824968218803406,0.815339207649231,0.22457924485206604,0.8274990320205688
0.9860205054283142,0.9804130792617798,0.8863162994384766,0.7889987230300903,0.19849902391433716,0.5952123403549194
0.8864238858222961,0.6158260703086853,0.9024286866188049,0.9426946043968201,0.5211811065673828,0.8676503300666809
0.9369072914123535,0.7707655429840088,0.7244336605072021,0.8712237477302551,0.3864276111125946,0.824806809425354
0.9352927803993225,0.8550732135772705,0.8691723942756653,0.8796640038490295,0.7168352007865906,0.8723175525665283
0.6273071765899658,0.48296836018562317,0.5920054316520691,0.6255276799201965,0.2263079285621643,0.33187317848205566
0.9893383979797363,0.8108193874359131,0.8639505505561829,0.9176661968231201,0.9582217931747437,0.975214421749115
0.8003259301185608,0.6208885312080383,0.6490068435668945,0.7586091756820679,0.43468350172042847,0.6515803337097168
0.8433626890182495,0.7385793924331665,0.6601439118385315,0.7635473608970642,0.7562994360923767,0.8903042078018188
0.28669771552085876,0.4123377501964569,0.5014642477035522,0.7234296798706055,0.8162519335746765,0.428854376077652
0.9946460723876953,0.7328798770904541,0.9029029011726379,0.8365647792816162,0.8603353500366211,0.4891422688961029
0.8947599530220032,0.6435675621032715,0.7891018390655518,0.9136828184127808,0.4522637724876404,0.7951292395591736
0.9835768938064575,0.9685046672821045,0.9654813408851624,0.9710442423820496,0.7835254073143005,0.8780823945999146
0.9020565152168274,0.817584216594696,0.4300723969936371,0.746336817741394,0.19605335593223572,0.9317058324813843
0.9302939176559448,0.7693654894828796,0.5944914221763611,0.7872130870819092,0.47960665822029114,0.8487014174461365
0.9282848238945007,0.8041267395019531,0.6266281008720398,0.7382535338401794,0.3455115258693695,0.9183130860328674
0.7811436057090759,0.5125241279602051,0.6241263151168823,0.6882951259613037,0.27053147554397583,0.20162303745746613
0.9600856900215149,0.7712335586547852,0.6931248307228088,0.8007718324661255,0.17242859303951263,0.9953575134277344
0.8086888790130615,0.800640344619751,0.9964081048965454,0.9598657488822937,0.06183672696352005,0.13287435472011566
0.9301924109458923,0.8836698532104492,0.8031098246574402,0.897800862789154,0.5222299098968506,0.8381577134132385
0.9712101221084595,0.6859509348869324,0.8733367919921875,0.9594647288322449,0.6368515491485596,0.9235469698905945
0.5675921440124512,0.21003687381744385,0.24840010702610016,0.10367292910814285,0.05708063021302223,0.05402566120028496
0.9503957629203796,0.8718271851539612,0.901207447052002,0.8898205161094666,0.586002767086029,0.8473936915397644
0.7854097485542297,0.7432633638381958,0.8594040274620056,0.6970376968383789,0.2166985124349594,0.1869792640209198
0.9503957629203796,0.8718271851539612,0.901207447052002,0.8898205161094666,0.586002767086029,0.8473936915397644
0.8021067380905151,0.4293357729911804,0.1157497689127922,0.763138473033905,0.03785025700926781,0.20718106627464294
0.9942781925201416,0.9155646562576294,0.9355701804161072,0.9299910068511963,0.6706368923187256,0.9716869592666626
0.7650970816612244,0.6917726397514343,0.5306736826896667,0.6322625279426575,0.2805372178554535,0.5142703652381897
0.8633325695991516,0.32616621255874634,0.3428635895252228,0.6621646881103516,0.13281673192977905,0.1013614609837532
0.12425854057073593,0.32522574067115784,0.11046047508716583,0.03150700405240059,0.008610169403254986,0.00728518096730113
0.8761008977890015,0.651736855506897,0.5772393345832825,0.8531731963157654,0.16885261237621307,0.7620721459388733
0.9302939176559448,0.7693654894828796,0.5944914221763611,0.7872130870819092,0.47960665822029114,0.8487014174461365
0.6396921277046204,0.43319860100746155,0.32705628871917725,0.4444088935852051,0.23765410482883453,0.3056237995624542
0.7695310115814209,0.634567379951477,0.6204226613044739,0.6755422949790955,0.20182326436042786,0.05056847631931305
0.8287732005119324,0.26471954584121704,0.25149914622306824,0.3903050124645233,0.3578648269176483,0.5051108598709106
0.6968346834182739,0.4783267080783844,0.6211102604866028,0.5688116550445557,0.30490127205848694,0.6926056146621704
0.4844871163368225,0.4912104308605194,0.28943294286727905,0.48217591643333435,0.4263749420642853,0.618818998336792
0.9536027908325195,0.8689712882041931,0.8892247080802917,0.9929887652397156,0.6012802124023438,0.8899601101875305
0.938409149646759,0.3893652856349945,0.23343722522258759,0.4260326623916626,0.16426749527454376,0.4555099308490753
0.8607707619667053,0.8140844702720642,0.5867969989776611,0.9706805944442749,0.497829407453537,0.7728893160820007
0.9302939176559448,0.7693654894828796,0.5944914221763611,0.7872130870819092,0.47960665822029114,0.8487014174461365
0.4910784661769867,0.49926242232322693,0.6278872489929199,0.24333128333091736,0.3465734124183655,0.1185714602470398
0.890597939491272,0.8204535841941833,0.31784898042678833,0.7328630089759827,0.14304369688034058,0.9047664403915405
0.7426130175590515,0.7336954474449158,0.6249489784240723,0.6354101300239563,0.3424038290977478,0.6642208099365234
0.9380935430526733,0.9476735591888428,0.7666422128677368,0.7582185864448547,0.27170997858047485,0.6283600926399231
0.8590458035469055,0.7245644330978394,0.7027830481529236,0.7434741854667664,0.2627265453338623,0.41623154282569885
0.9332221746444702,0.8618882894515991,0.7734893560409546,0.5741968154907227,0.23880144953727722,0.8376079797744751
0.8119157552719116,0.688732385635376,0.7710182666778564,0.6933048367500305,0.45268598198890686,0.5562071204185486
0.938856840133667,0.7869153022766113,0.7877670526504517,0.6750244498252869,0.5634884834289551,0.6977320909500122
0.9878717064857483,0.8629940748214722,0.9218741655349731,0.9118138551712036,0.9931806921958923,0.7348607778549194
0.9452219009399414,0.763762354850769,0.7247283458709717,0.8231743574142456,0.42280566692352295,0.6669625043869019
0.45098868012428284,0.9065191745758057,0.6901440024375916,0.005843913648277521,0.0094232726842165,0.016753824427723885
0.9780840277671814,0.7908607125282288,0.8360974788665771,0.8614404201507568,0.47778815031051636,0.7661058902740479
0.9834201335906982,0.945690929889679,0.9251822829246521,0.824145495891571,0.6216238141059875,0.8356702327728271
0.9558060765266418,0.6307259202003479,0.418258935213089,0.4672578275203705,0.5567781329154968,0.4844898283481598
0.9673125147819519,0.7301459908485413,0.8364071846008301,0.8570724129676819,0.4393567144870758,0.8254474401473999
0.8753337264060974,0.881176233291626,0.49527981877326965,0.7085536122322083,0.42336440086364746,0.30897417664527893
0.9253847599029541,0.7699571251869202,0.8138427138328552,0.8143181204795837,0.5421940088272095,0.7897379398345947
0.8982636332511902,0.8115029335021973,0.8208146691322327,0.6507092714309692,0.16271096467971802,0.032183688133955
0.9792952537536621,0.8787352442741394,0.8682733178138733,0.7827355265617371,0.5752667188644409,0.6250908374786377
0.959600567817688,0.860279381275177,0.8959324359893799,0.963472843170166,0.5875222682952881,0.9519675374031067
0.46970969438552856,0.00536884181201458,0.022480960935354233,0.030563578009605408,0.004175336565822363,0.0005111495847813785
0.4006979763507843,0.9729103446006775,0.6835718154907227,0.5767382979393005,0.7132585048675537,0.2767813801765442
0.9710686802864075,0.8770122528076172,0.8390184640884399,0.9718638062477112,0.6628751754760742,0.9257863163948059
0.9537961483001709,0.6280825734138489,0.5745413303375244,0.8869498372077942,0.5898706912994385,0.6500585675239563
0.9060664176940918,0.5791085362434387,0.8607156872749329,0.8858833312988281,0.5419967770576477,0.726811945438385
0.995396614074707,0.8728286027908325,0.9360128045082092,0.9576351046562195,0.8802961707115173,0.9570246338844299
0.9875879287719727,0.9270744323730469,0.9115866422653198,0.7480194568634033,0.17856022715568542,0.2849915325641632
0.7814123034477234,0.743110716342926,0.38961976766586304,0.648360550403595,0.2936473488807678,0.8218972682952881
0.6507547497749329,0.9435688853263855,0.1503429263830185,0.004881210625171661,0.09690435230731964,0.00013050953566562384
0.9706205725669861,0.7253613471984863,0.6055579781532288,0.773054838180542,0.56063312292099,0.8699250221252441
0.9941760897636414,0.9065893888473511,0.8587316274642944,0.8594845533370972,0.3365989029407501,0.9517446160316467
0.8973868489265442,0.8813292980194092,0.5889065861701965,0.506913959980011,0.34954527020454407,0.413968950510025
0.7837747931480408,0.6396955251693726,0.5529717206954956,0.6435719728469849,0.4698452055454254,0.49256888031959534
0.9671449065208435,0.7945978045463562,0.7880063652992249,0.8755453824996948,0.3481326699256897,0.8800508379936218
0.9022589921951294,0.891054093837738,0.7583345174789429,0.8130655884742737,0.4571743905544281,0.8215876817703247
0.939844012260437,0.9641676545143127,0.8616163730621338,0.9431872367858887,0.5641301274299622,0.8838016986846924
0.9758554100990295,0.7373976111412048,0.8401850461959839,0.8565276265144348,0.835359513759613,0.8945875763893127
0.9861612915992737,0.5431991219520569,0.9524683356285095,0.8784124255180359,0.28293123841285706,0.6166101098060608
0.8719136118888855,0.8136423826217651,0.27708715200424194,0.6403542757034302,0.17215175926685333,0.8833761811256409
0.6061663627624512,0.45281219482421875,0.2588929235935211,0.47523579001426697,0.3808859884738922,0.10911877453327179
0.9614943861961365,0.7927714586257935,0.8692577481269836,0.9417498111724854,0.6938633322715759,0.8361085057258606
0.9819865822792053,0.8855307102203369,0.9117638468742371,0.9780505299568176,0.8329454660415649,0.9760419726371765
0.9760669469833374,0.3253793716430664,0.44118985533714294,0.8726677298545837,0.4220890998840332,0.8678563833236694
0.9375030994415283,0.9207815527915955,0.9971843361854553,0.8958536982536316,0.09746897965669632,0.22829698026180267
0.6240392923355103,0.08905380219221115,0.30477771162986755,0.4433439373970032,0.3202064335346222,0.3223845958709717
0.20911826193332672,0.0429043173789978,0.015611170791089535,0.069041907787323,0.028737565502524376,0.0087314173579216
0.9347119927406311,0.9737251400947571,0.6341650485992432,0.4199218451976776,0.37585338950157166,0.5940698981285095
0.8443276882171631,0.588810920715332,0.5356923937797546,0.5005674362182617,0.2503144145011902,0.32197266817092896
0.6544612646102905,0.591340959072113,0.6602977514266968,0.8081221580505371,0.4211827218532562,0.7132862210273743
0.8966027498245239,0.9331804513931274,0.8667111396789551,0.7599089741706848,0.205752894282341,0.4417198896408081
0.9989752769470215,0.9941436648368835,0.9935020804405212,0.7048230767250061,0.16138967871665955,0.5265348553657532
0.9683764576911926,0.8953772783279419,0.8223953247070312,0.7698289752006531,0.9255814552307129,0.6573875546455383
0.8193976879119873,0.40402913093566895,0.504618763923645,0.471655011177063,0.31429874897003174,0.6265116930007935
0.9975550770759583,0.9518911242485046,0.9941040277481079,0.9500517845153809,0.7330684661865234,0.9909059405326843
0.24600382149219513,0.43939271569252014,0.27310580015182495,0.13001561164855957,0.07497695833444595,0.00884982105344534
0.43597137928009033,0.33477285504341125,0.2946324944496155,0.4684719145298004,0.4616946578025818,0.047672901302576065
0.9537961483001709,0.6280825734138489,0.5745413303375244,0.8869498372077942,0.5898706912994385,0.6500585675239563
0.5429792404174805,0.45098015666007996,0.2462390512228012,0.40077024698257446,0.24395214021205902,0.1431886851787567
0.9681141972541809,0.872743546962738,0.8427681922912598,0.9729658961296082,0.20368707180023193,0.7940899729728699
0.916254997253418,0.8793971538543701,0.7712961435317993,0.8433188796043396,0.46636974811553955,0.5661840438842773
0.8619689345359802,0.8116223812103271,0.731907844543457,0.7144243717193604,0.3557770252227783,0.553536593914032
0.9023213386535645,0.8466963768005371,0.3835979402065277,0.7489187717437744,0.20114269852638245,0.9053950309753418
0.9272459149360657,0.7222558259963989,0.7272326350212097,0.8078821897506714,0.41448965668678284,0.6526822447776794
0.9653061628341675,0.8770314455032349,0.9850284457206726,0.9481196403503418,0.21391095221042633,0.33321499824523926
0.3620448410511017,0.13268232345581055,0.070119708776474,0.08416606485843658,0.0918220728635788,0.011463143862783909
0.9808446168899536,0.7669817209243774,0.955230712890625,0.8424001932144165,0.35655611753463745,0.6456605195999146
0.39862513542175293,0.11365271359682083,0.23061658442020416,0.46059906482696533,0.4187048375606537,0.01367050502449274
0.9199461340904236,0.7647671699523926,0.814598560333252,0.8517459034919739,0.837511420249939,0.6775938868522644
0.9760321974754333,0.5595264434814453,0.820148229598999,0.8829712271690369,0.5336844325065613,0.8190003633499146
0.7350964546203613,0.48433852195739746,0.7254908084869385,0.8023017048835754,0.500006377696991,0.7051699757575989
0.6416237950325012,0.47482582926750183,0.5860782861709595,0.6849443912506104,0.4695712625980377,0.35296642780303955
0.9904042482376099,0.9803913831710815,0.9211207032203674,0.8699455261230469,0.0028947971295565367,0.3671012818813324
0.9773916602134705,0.7926952242851257,0.9282057881355286,0.9704495668411255,0.823241114616394,0.8026324510574341
0.8118407130241394,0.549597442150116,0.5928195714950562,0.8016611933708191,0.46666327118873596,0.7035535573959351
0.9861435890197754,0.7555586099624634,0.796517550945282,0.8907042741775513,0.705745279788971,0.7495905756950378
0.986672043800354,0.803169846534729,0.8574051856994629,0.9344025254249573,0.6180434823036194,0.9498477578163147
0.8783822059631348,0.3829044997692108,0.836663007736206,0.8576134443283081,0.15015587210655212,0.08484681695699692
0.9956163167953491,0.9364603161811829,0.869949460029602,0.9642391204833984,0.8980571031570435,0.8322110176086426
0.9465906023979187,0.8868408799171448,0.9401388168334961,0.8701996803283691,0.6568458676338196,0.8465642333030701
0.8665263652801514,0.8449087142944336,0.8697136640548706,0.8042072653770447,0.7059264779090881,0.53973388671875
0.9282848238945007,0.8041267395019531,0.6266281008720398,0.7382535338401794,0.3455115258693695,0.9183130860328674
0.7209050059318542,0.5661712884902954,0.47988733649253845,0.5087982416152954,0.3821514844894409,0.5139685273170471
0.9882340431213379,0.8410671949386597,0.9340077042579651,0.9045808911323547,0.7136409282684326,0.8144592046737671
0.6637214422225952,0.6854247450828552,0.43927061557769775,0.5429674386978149,0.3798999786376953,0.4232438802719116
0.9981870055198669,0.9943038821220398,0.9838907122612,0.9964244365692139,0.6260936856269836,0.9682248830795288
0.979732096195221,0.8823657631874084,0.9306405782699585,0.9826971292495728,0.7912569046020508,0.9308143258094788
0.9580311179161072,0.8342018127441406,0.7004085779190063,0.6986706256866455,0.9674227833747864,0.32848313450813293
0.815045952796936,0.7714641690254211,0.3004662096500397,0.6418200135231018,0.20773839950561523,0.8130015134811401
0.9763674736022949,0.9612307548522949,0.9282073974609375,0.9549197554588318,0.2609391212463379,0.9934332370758057
0.953070878982544,0.7240611910820007,0.7750170826911926,0.8857561349868774,0.3890380859375,0.8751804232597351
0.6097191572189331,0.6410675644874573,0.6820220351219177,0.8080267310142517,0.8258262276649475,0.27862924337387085
0.8461138010025024,0.4653359353542328,0.41696467995643616,0.6233088374137878,0.8314452767372131,0.41860538721084595
0.9954507350921631,0.9892055988311768,0.9748755097389221,0.9601572155952454,0.5533491373062134,0.9607067108154297
0.9931221008300781,0.7812108993530273,0.9286009073257446,0.9662556052207947,0.8407034873962402,0.9621081948280334
0.9789478778839111,0.9812549948692322,0.9676644802093506,0.9577983021736145,0.3906850814819336,0.25069287419319153
0.9546422958374023,0.7832809090614319,0.8812382221221924,0.8602050542831421,0.2460467666387558,0.9969955086708069
0.34406447410583496,0.31190523505210876,0.4273543059825897,0.6371183395385742,0.13485416769981384,0.2872946262359619
0.8640413284301758,0.6736836433410645,0.6669707298278809,0.6064652800559998,0.4935072064399719,0.7915931344032288
0.9812941551208496,0.943130373954773,0.8688188791275024,0.5767297148704529,0.7936232686042786,0.4253152906894684
0.9282848238945007,0.8041267395019531,0.6266281008720398,0.7382535338401794,0.3455115258693695,0.9183130860328674
0.9877639412879944,0.6948938369750977,0.7124469876289368,0.8399706482887268,0.4669235050678253,0.6922154426574707
0.7857587933540344,0.5586085319519043,0.9448033571243286,0.3012882173061371,0.010562642477452755,0.25078096985816956
0.8503233790397644,0.6047782897949219,0.5253413915634155,0.8261112570762634,0.21670494973659515,0.6222109198570251
0.7816630005836487,0.6644006967544556,0.7471969723701477,0.6791379451751709,0.7847801446914673,0.32445165514945984
0.8069173693656921,0.8662211894989014,0.8000870943069458,0.7986657619476318,0.711883008480072,0.7359609007835388
0.8226734399795532,0.5138939023017883,0.5809301137924194,0.7528303861618042,0.6081367135047913,0.24960386753082275
0.9188172817230225,0.7394417524337769,0.7219011187553406,0.7569419741630554,0.48649418354034424,0.5953632593154907
0.7376275658607483,0.5461395978927612,0.5002293586730957,0.554903507232666,0.5405910611152649,0.3946085572242737
0.7531933188438416,0.41722866892814636,0.2680078148841858,0.5989639759063721,0.09878015518188477,0.47649651765823364
0.9776959419250488,0.9784965515136719,0.9887201189994812,0.9722356796264648,0.5793066620826721,0.9671924710273743
0.9720813035964966,0.5675932168960571,0.27425554394721985,0.7746966481208801,0.3041796088218689,0.9331285357475281
0.9248964190483093,0.8030530214309692,0.9358189702033997,0.9372952580451965,0.4233008027076721,0.9364277124404907
0.9766117930412292,0.8980296850204468,0.9315155148506165,0.9298965930938721,0.6955006122589111,0.8969308137893677
0.12615995109081268,0.24285206198692322,0.03771154209971428,0.1024148240685463,0.11294621229171753,0.0593084841966629
0.9605868458747864,0.9859032034873962,0.8329622149467468,0.9382294416427612,0.7091975212097168,0.8255763053894043
0.9834923148155212,0.8887472748756409,0.972693681716919,0.909282386302948,0.7432869672775269,0.9544714689254761
0.9837139248847961,0.9856835603713989,0.9686353206634521,0.9444020390510559,0.7386777997016907,0.8472980260848999
0.9960330724716187,0.9719047546386719,0.940665066242218,0.9807687401771545,0.9839306473731995,0.8928443193435669
0.9438909292221069,0.6539263725280762,0.7046974301338196,0.6698748469352722,0.4560803472995758,0.6282051801681519
0.45098868012428284,0.9065191745758057,0.6901440024375916,0.005843913648277521,0.0094232726842165,0.016753824427723885
0.8938280940055847,0.6121076941490173,0.26901549100875854,0.5350472927093506,0.1462826281785965,0.2868605852127075
0.9303334951400757,0.9576881527900696,0.7656208872795105,0.24422231316566467,0.5057096481323242,0.05981070548295975
0.7135573029518127,0.16682013869285583,0.2538658380508423,0.35819897055625916,0.31691715121269226,0.6911875605583191
0.9651313424110413,0.9547610878944397,0.9303175210952759,0.9006769061088562,0.8186900615692139,0.6726123094558716
0.9302939176559448,0.7693654894828796,0.5944914221763611,0.7872130870819092,0.47960665822029114,0.8487014174461365
0.7451479434967041,0.47977885603904724,0.7621205449104309,0.6852126717567444,0.8901998400688171,0.8565857410430908
0.34210899472236633,0.08086153119802475,0.5697987079620361,0.1770898550748825,0.3423477113246918,0.01868213526904583
0.6325028538703918,0.5852351784706116,0.41035670042037964,0.670924961566925,0.22704213857650757,0.13106223940849304
0.9988372921943665,0.9903638958930969,0.9969632029533386,0.998144805431366,0.9257888197898865,0.993070125579834
0.8191779255867004,0.5992326140403748,0.6883801221847534,0.5792557001113892,0.5864880681037903,0.28202494978904724
0.9897569417953491,0.43218371272087097,0.9322740435600281,0.9690348505973816,0.21161039173603058,0.8238725066184998
0.8997820019721985,0.8267267346382141,0.7079228162765503,0.8515299558639526,0.5640742778778076,0.8637593984603882
0.8629423975944519,0.8452161550521851,0.8608413338661194,0.6931363940238953,0.3736524283885956,0.2642649710178375
0.9483436346054077,0.7648958563804626,0.9292839169502258,0.9758228063583374,0.4528811573982239,0.9452258944511414
0.8970685601234436,0.11049087345600128,0.1877516359090805,0.5858128070831299,0.4184364080429077,0.9678260087966919
0.8494924306869507,0.7225556969642639,0.5245888233184814,0.3990130126476288,0.5581279993057251,0.050568077713251114
0.9770346283912659,0.736182451248169,0.7378700375556946,0.850801408290863,0.45432162284851074,0.3531036972999573
0.9631132483482361,0.7806928157806396,0.635803759098053,0.7017564177513123,0.9202439785003662,0.7359470129013062
0.9302939176559448,0.7693654894828796,0.5944914221763611,0.7872130870819092,0.47960665822029114,0.8487014174461365
0.6833422780036926,0.46821537613868713,0.5112241506576538,0.7332119941711426,0.4287552833557129,0.6080054640769958
0.9954280853271484,0.9828586578369141,0.951663076877594,0.88056880235672,0.3752569556236267,0.7847488522529602
0.0816713273525238,0.33288827538490295,0.4443955719470978,0.3880268633365631,0.2696005403995514,0.005667734891176224
0.5299147367477417,0.7915551662445068,0.5296238660812378,0.20769909024238586,0.6580131649971008,0.15034718811511993
0.9420554637908936,0.5277941226959229,0.4328066408634186,0.6574352383613586,0.728435754776001,0.5852131843566895
0.9282848238945007,0.8041267395019531,0.6266281008720398,0.7382535338401794,0.3455115258693695,0.9183130860328674
0.9282848238945007,0.8041267395019531,0.6266281008720398,0.7382535338401794,0.3455115258693695,0.9183130860328674
0.7055584192276001,0.4393371641635895,0.268141508102417,0.222197487950325,0.023272117599844933,0.004803693387657404
0.9797142744064331,0.7391456365585327,0.7317879796028137,0.8362142443656921,0.5551406741142273,0.8634489178657532
0.9302939176559448,0.7693654894828796,0.5944914221763611,0.7872130870819092,0.47960665822029114,0.8487014174461365
0.9859176278114319,0.7814701795578003,0.8342325091362,0.8806332945823669,0.38388296961784363,0.8983657360076904
0.9988336563110352,0.9907484650611877,0.9792339205741882,0.9881898760795593,0.9435950517654419,0.98105388879776
0.844907283782959,0.36941105127334595,0.5413621068000793,0.610934317111969,0.5906215906143188,0.5677287578582764
0.9904727935791016,0.8898638486862183,0.9761033058166504,0.9364922046661377,0.714126467704773,0.6510562896728516
0.9156212210655212,0.5315948724746704,0.17663556337356567,0.3050447404384613,0.16373710334300995,0.20817197859287262
0.9809355735778809,0.9614179730415344,0.9628402590751648,0.9829081296920776,0.8744406700134277,0.9394664764404297
0.9932846426963806,0.8628790974617004,0.9053823351860046,0.939663290977478,0.9389414191246033,0.9253703951835632
0.25897759199142456,0.38163816928863525,0.07428039610385895,0.048088110983371735,0.02497371844947338,0.036041781306266785
0.9749303460121155,0.7627466917037964,0.7619756460189819,0.9117165207862854,0.7290131449699402,0.8162227869033813
0.13672763109207153,0.07457925379276276,0.10074284672737122,0.07174327224493027,0.03773238882422447,0.030384080484509468
0.9952408671379089,0.7636687159538269,0.8543719053268433,0.7779204845428467,0.5838598608970642,0.8049867153167725
0.9046614170074463,0.6802712082862854,0.7408527731895447,0.6773321032524109,0.4084116816520691,0.8795257210731506
0.9694623351097107,0.7796192765235901,0.876594066619873,0.8990285396575928,0.6395940780639648,0.8545516729354858
0.9660899043083191,0.8965311050415039,0.6778013706207275,0.5834723711013794,0.6399278044700623,0.4771832525730133
0.7970015406608582,0.8007955551147461,0.4053996801376343,0.58475261926651,0.41076672077178955,0.5602367520332336
0.9565848708152771,0.5629435777664185,0.8381441831588745,0.9234837293624878,0.8685643076896667,0.9090886116027832
0.8867709636688232,0.7905762791633606,0.766181230545044,0.8026596903800964,0.6668820977210999,0.4245279133319855
0.8023385405540466,0.5443206429481506,0.45790210366249084,0.6822765469551086,0.3610273003578186,0.651827871799469
0.9906094074249268,0.8842973709106445,0.8571038842201233,0.8798459768295288,0.809570848941803,0.9648311138153076
0.7962722182273865,0.6569249629974365,0.756706714630127,0.8348753452301025,0.4330241084098816,0.6641233563423157
0.9644855260848999,0.907102108001709,0.9027292728424072,0.9308527112007141,0.7658805251121521,0.9428614377975464
0.6279372572898865,0.5057440400123596,0.4938296973705292,0.5441212058067322,0.28678831458091736,0.3799694776535034
0.9698493480682373,0.7486664652824402,0.7906975150108337,0.8653000593185425,0.5141937732696533,0.7597388625144958
0.8023385405540466,0.5443206429481506,0.45790210366249084,0.6822765469551086,0.3610273003578186,0.651827871799469
0.9523475766181946,0.6172679662704468,0.6297924518585205,0.7827279567718506,0.2039049118757248,0.4961220324039459
0.7923173308372498,0.5688300132751465,0.4363138973712921,0.48167291283607483,0.3178974390029907,0.42444103956222534
0.9501380324363708,0.8838657140731812,0.8484168648719788,0.9267529249191284,0.7807198762893677,0.8918079137802124
0.3787468671798706,0.6011276841163635,0.16400250792503357,0.22337506711483002,0.19723406434059143,0.15588754415512085
0.7075815200805664,0.3726852536201477,0.836155354976654,0.35397079586982727,0.5504668354988098,0.03649654611945152
0.8262844085693359,0.974941074848175,0.5433241128921509,0.49539026618003845,0.46970877051353455,0.04585565626621246
0.9285167455673218,0.4633292853832245,0.9523767828941345,0.9272648692131042,0.15478718280792236,0.43529728055000305
0.9678903818130493,0.6896442174911499,0.8506261110305786,0.9196329116821289,0.8329703211784363,0.9221667051315308
0.983559787273407,0.7834880352020264,0.8761904835700989,0.8754999041557312,0.6609300971031189,0.8863652348518372
0.9282848238945007,0.8041267395019531,0.6266281008720398,0.7382535338401794,0.3455115258693695,0.9183130860328674
0.9282848238945007,0.8041267395019531,0.6266281008720398,0.7382535338401794,0.3455115258693695,0.9183130860328674
0.9634612798690796,0.7241383194923401,0.8045172691345215,0.9158604145050049,0.443582147359848,0.8968513607978821
0.9897483587265015,0.7679631114006042,0.9679065942764282,0.9628170132637024,0.8086374998092651,0.8998422622680664
0.4015848636627197,0.3443264663219452,0.3942849636077881,0.36256349086761475,0.3730447590351105,0.010373334400355816
0.03746442496776581,0.01546285580843687,0.05779210478067398,0.038028355687856674,0.031126519665122032,0.05769431218504906
0.7539220452308655,0.7681917548179626,0.4490779638290405,0.5263020992279053,0.8768310546875,0.6769236922264099
0.9709279537200928,0.9704717397689819,0.9282609224319458,0.9711191654205322,0.7288187742233276,0.8809302449226379
0.9734426736831665,0.7068483233451843,0.3388213813304901,0.12013863027095795,0.17898927628993988,0.01636572927236557
0.8023385405540466,0.5443206429481506,0.45790210366249084,0.6822765469551086,0.3610273003578186,0.651827871799469
0.8692219853401184,0.7702765464782715,0.4392533004283905,0.7604179978370667,0.22095420956611633,0.8949164748191833
0.8643577694892883,0.6478787064552307,0.29588544368743896,0.48778802156448364,0.31016770005226135,0.4589202404022217
0.9251400828361511,0.7037158012390137,0.7296954393386841,0.7957876324653625,0.6413742303848267,0.5368847250938416
0.965000331401825,0.9346779584884644,0.8291628956794739,0.8015482425689697,0.11816009134054184,0.5690109729766846
0.7911468744277954,0.5724693536758423,0.5272567272186279,0.5744637846946716,0.5564045906066895,0.6392094492912292
0.9953227043151855,0.987606406211853,0.9704762697219849,0.9184577465057373,0.08085963875055313,0.9673230648040771
0.9164060354232788,0.7766441702842712,0.7302626967430115,0.7448668479919434,0.6756119132041931,0.5174638032913208
0.8556543588638306,0.6522590517997742,0.5015370845794678,0.5331096649169922,0.13743101060390472,0.30546286702156067
0.9802075624465942,0.9780885577201843,0.9356469511985779,0.9265930652618408,0.8150644302368164,0.9744846820831299
0.9675893783569336,0.47756677865982056,0.7030006051063538,0.9023451805114746,0.44315847754478455,0.7029028534889221
0.951067328453064,0.8881904482841492,0.8567830920219421,0.7978943586349487,0.5095382928848267,0.876485288143158
0.951476514339447,0.7404071688652039,0.7872486710548401,0.8201912045478821,0.7677517533302307,0.6622734069824219
0.9791814088821411,0.886459469795227,0.9016709327697754,0.9774905443191528,0.287763386964798,0.8771675825119019
0.7248682975769043,0.6650455594062805,0.4905370771884918,0.8119885921478271,0.5043247938156128,0.6502552032470703
0.8530516624450684,0.9135836958885193,0.6147827506065369,0.7806418538093567,0.35655033588409424,0.909220814704895
0.9962018728256226,0.951922595500946,0.9404658079147339,0.9272035360336304,0.5880094170570374,0.8348056077957153
0.9447433352470398,0.7627468109130859,0.8958777785301208,0.8967568874359131,0.7078792452812195,0.8373530507087708
0.9958076477050781,0.881141722202301,0.9110609292984009,0.9468940496444702,0.7266563773155212,0.944013237953186
0.9542809724807739,0.7775653004646301,0.6973735690116882,0.8127673268318176,0.635355532169342,0.6916406750679016
0.9956985116004944,0.9662103652954102,0.9955956935882568,0.987168550491333,0.5474017262458801,0.9811165928840637
0.9950686693191528,0.9775792360305786,0.9757853150367737,0.9900041818618774,0.735523521900177,0.9515325427055359
0.9932565689086914,0.9430829882621765,0.9504787921905518,0.958633542060852,0.8434211015701294,0.9418278932571411
0.945260226726532,0.7847347259521484,0.8522297143936157,0.9301390051841736,0.27428582310676575,0.8453686237335205
0.6946898698806763,0.6275777220726013,0.5867456793785095,0.5669891834259033,0.2581420838832855,0.4366014301776886
0.93986576795578,0.8906067609786987,0.6882683634757996,0.6643516421318054,0.5603119730949402,0.6887309551239014
0.7115017771720886,0.4155931770801544,0.39788737893104553,0.47475796937942505,0.1785994917154312,0.6310216188430786
0.5809792280197144,0.6877078413963318,0.3896583616733551,0.6732194423675537,0.43175750970840454,0.5925959348678589
0.9123384952545166,0.9051976203918457,0.8395701050758362,0.8541287183761597,0.7812985181808472,0.8406689167022705
0.7329685091972351,0.6859441995620728,0.057239923626184464,0.5183193683624268,0.0904398038983345,0.6761306524276733
0.7176443338394165,0.7799273729324341,0.9724174737930298,0.5469540357589722,0.0511837936937809,0.14321674406528473
0.9743981957435608,0.9883958101272583,0.8883419632911682,0.8633753061294556,0.6917943358421326,0.9584466814994812
0.9302939176559448,0.7693654894828796,0.5944914221763611,0.7872130870819092,0.47960665822029114,0.8487014174461365
0.9282848238945007,0.8041267395019531,0.6266281008720398,0.7382535338401794,0.3455115258693695,0.9183130860328674
0.8510051965713501,0.840462863445282,0.563545286655426,0.6719404458999634,0.2959965467453003,0.6522302627563477
0.9509595036506653,0.6749890446662903,0.80722576379776,0.8975521326065063,0.2769463062286377,0.6788483262062073
0.9655494093894958,0.8664466142654419,0.9713525772094727,0.922561526298523,0.6283120512962341,0.9711827635765076
0.9423704743385315,0.577913224697113,0.5339362025260925,0.47157150506973267,0.1583939790725708,0.21781915426254272
0.8023385405540466,0.5443206429481506,0.45790210366249084,0.6822765469551086,0.3610273003578186,0.651827871799469
0.9326298832893372,0.8868591785430908,0.830672025680542,0.8407597541809082,0.7967367768287659,0.7177556157112122
0.8023385405540466,0.5443206429481506,0.45790210366249084,0.6822765469551086,0.3610273003578186,0.651827871799469
0.9989748597145081,0.9925073385238647,0.9850428700447083,0.9961496591567993,0.9365013837814331,0.9974366426467896
0.9835453033447266,0.8705955743789673,0.6622573733329773,0.30899620056152344,0.42192041873931885,0.0853278636932373
0.948345959186554,0.8981424570083618,0.9083598256111145,0.9276838898658752,0.8080808520317078,0.9556728601455688
0.5889402627944946,0.461075097322464,0.606257438659668,0.5110268592834473,0.2250123769044876,0.5765409469604492
0.8893657326698303,0.8582055568695068,0.7932818531990051,0.822607159614563,0.339396595954895,0.7464578151702881
0.8893936276435852,0.6818830370903015,0.4863852858543396,0.4755859971046448,0.5763498544692993,0.11211099475622177
0.959484875202179,0.5726104974746704,0.7171536684036255,0.9074268937110901,0.3541725277900696,0.6750673055648804
0.9551129341125488,0.49141502380371094,0.567573606967926,0.5247499942779541,0.6036900281906128,0.4873073995113373
0.4782121181488037,0.15313562750816345,0.11782532930374146,0.08966319262981415,0.03730568289756775,0.0026923276018351316
0.9980909824371338,0.932755172252655,0.9931362867355347,0.9502872228622437,0.6536447405815125,0.9723590016365051
0.6732672452926636,0.5486213564872742,0.4805162847042084,0.379445880651474,0.4738430976867676,0.24853916466236115
0.9622223377227783,0.9881882667541504,0.8383541107177734,0.8220232725143433,0.38469651341438293,0.8681578636169434
0.9923393130302429,0.9902276992797852,0.9207996129989624,0.9486167430877686,0.07557851821184158,0.684007465839386
0.8228298425674438,0.818060040473938,0.996477484703064,0.799071192741394,0.3295339345932007,0.4072408378124237
0.9927236437797546,0.8687112927436829,0.9586629867553711,0.9871894717216492,0.8803101778030396,0.9756743311882019
0.9960530400276184,0.832756757736206,0.9869389533996582,0.9879512190818787,0.8239567875862122,0.8940108418464661
0.9732245206832886,0.7707382440567017,0.931510329246521,0.9195736050605774,0.6604022979736328,0.9486265778541565
0.5170903205871582,0.41517728567123413,0.41905850172042847,0.6218596696853638,0.36114171147346497,0.4783114492893219
0.599586546421051,0.5641719102859497,0.4663257300853729,0.5188873410224915,0.4042317569255829,0.43264004588127136
0.9711146950721741,0.7734706401824951,0.7057183384895325,0.49148571491241455,0.509590208530426,0.7572928667068481
0.5042762756347656,0.7545209527015686,0.5792636871337891,0.6572437882423401,0.3745281398296356,0.9941192269325256
0.8568978309631348,0.8864585161209106,0.37219303846359253,0.2561890482902527,0.07821821421384811,0.1175084039568901
0.9137614369392395,0.3723848760128021,0.8782230615615845,0.9563781023025513,0.854063093662262,0.9256228804588318
0.9281446933746338,0.6741487979888916,0.7310195565223694,0.8956658244132996,0.48906245827674866,0.988010585308075
0.9734050035476685,0.8855319023132324,0.8695898652076721,0.9214712977409363,0.7817390561103821,0.8066291809082031
0.8023385405540466,0.5443206429481506,0.45790210366249084,0.6822765469551086,0.3610273003578186,0.651827871799469
0.9660578966140747,0.892097532749176,0.9692940711975098,0.8343740105628967,0.13055668771266937,0.9346548914909363
0.5609251260757446,0.546882152557373,0.1042027622461319,0.1481899470090866,0.04503165930509567,0.2637825310230255
0.9448506236076355,0.8111647963523865,0.864482045173645,0.9360017776489258,0.5629234910011292,0.9151433110237122
0.9499244093894958,0.7156182527542114,0.7914506793022156,0.75770503282547,0.8332214951515198,0.7397720813751221
0.9805744886398315,0.7519382238388062,0.8677577376365662,0.9324311017990112,0.7374335527420044,0.9773721098899841
0.6998423337936401,0.5076894164085388,0.6276871562004089,0.8798618912696838,0.5598556399345398,0.46487191319465637
0.977215588092804,0.8265441060066223,0.8622178435325623,0.8849769830703735,0.519676685333252,0.8443942666053772
0.986211359500885,0.773102879524231,0.9059784412384033,0.8753880858421326,0.380005419254303,0.787164568901062
0.9537961483001709,0.6280825734138489,0.5745413303375244,0.8869498372077942,0.5898706912994385,0.6500585675239563
0.9766481518745422,0.9376209378242493,0.9062865972518921,0.9223196506500244,0.7769638895988464,0.899362325668335
0.9885822534561157,0.8749862313270569,0.8966825604438782,0.9360752105712891,0.7660658359527588,0.9254410862922668
0.978832483291626,0.7098262906074524,0.7202890515327454,0.9474190473556519,0.4725130498409271,0.7121906280517578
0.9069336652755737,0.7959077954292297,0.8291873931884766,0.7669362425804138,0.7851374745368958,0.7389978170394897
0.9925299286842346,0.9201201796531677,0.8491776585578918,0.8337153196334839,0.11280585080385208,0.92714524269104
0.9509950280189514,0.6023609638214111,0.5962719321250916,0.6918061971664429,0.17424260079860687,0.9533102512359619
0.7863687872886658,0.8097618818283081,0.7727555632591248,0.882948637008667,0.7996033430099487,0.5789328813552856
0.84517902135849,0.514153003692627,0.43867579102516174,0.5139042735099792,0.30522796511650085,0.3683861494064331
0.9731740951538086,0.7882856726646423,0.716099202632904,0.9012189507484436,0.5915477275848389,0.8542835712432861
0.9989873170852661,0.9950613379478455,0.9874314069747925,0.9968502521514893,0.9460728168487549,0.998406708240509
0.9716209173202515,0.7389218807220459,0.754429280757904,0.8567459583282471,0.30576789379119873,0.6838323473930359
0.9829620122909546,0.8997555375099182,0.8397083878517151,0.8016296625137329,0.9595738053321838,0.3449872136116028
0.6460994482040405,0.8351202607154846,0.6065729260444641,0.5145869851112366,0.4059445261955261,0.007786512840539217
0.9380161762237549,0.814720094203949,0.8409156799316406,0.95234614610672,0.4555684030056,0.26272979378700256
0.8538478016853333,0.3648889660835266,0.3333539068698883,0.5534762144088745,0.880404531955719,0.3569243252277374
0.9725095629692078,0.7695449590682983,0.8688050508499146,0.9705700278282166,0.670994758605957,0.9558476805686951
0.9939848184585571,0.9308233857154846,0.8257858753204346,0.8957300186157227,0.5862366557121277,0.7708137035369873
0.8023385405540466,0.5443206429481506,0.45790210366249084,0.6822765469551086,0.3610273003578186,0.651827871799469
0.8587474226951599,0.829818069934845,0.7725971341133118,0.8866308927536011,0.7465015649795532,0.5035777688026428
0.8694369196891785,0.6575500965118408,0.6863754987716675,0.8338838815689087,0.9594297409057617,0.37612268328666687
0.9673036336898804,0.7229471802711487,0.7271937727928162,0.8278679847717285,0.46400588750839233,0.9876073002815247
0.9898278713226318,0.796737551689148,0.8409590721130371,0.9783120155334473,0.7568390965461731,0.9398384690284729
0.9013624787330627,0.46457532048225403,0.18748712539672852,0.16218538582324982,0.10025057941675186,0.07244239002466202
0.8191803097724915,0.6117538809776306,0.42407670617103577,0.6421085596084595,0.40105146169662476,0.6629636883735657
0.6301255226135254,0.5806407928466797,0.1840933859348297,0.4451237618923187,0.08917898684740067,0.3138236701488495
0.8970397710800171,0.5770372152328491,0.940250039100647,0.9372405409812927,0.6356210112571716,0.9702944755554199
0.7351160645484924,0.876288115978241,0.6193210482597351,0.17214736342430115,0.02488887682557106,0.013241204433143139
0.8560565114021301,0.844964325428009,0.29240718483924866,0.6876342296600342,0.17878824472427368,0.8719773888587952
0.9083824753761292,0.6270174384117126,0.5315518975257874,0.702002227306366,0.2943699061870575,0.5990370512008667
0.9457880854606628,0.8581839203834534,0.8423784971237183,0.8938009142875671,0.8084508180618286,0.5894705057144165
0.5584170818328857,0.3750132620334625,0.6713082790374756,0.6468750238418579,0.028646862134337425,0.033964041620492935
0.815090000629425,0.7106857895851135,0.6910714507102966,0.8309644460678101,0.42426520586013794,0.9526160955429077
0.9317682981491089,0.9173651337623596,0.7817474603652954,0.9012259244918823,0.09804636985063553,0.07879544049501419
0.9994274973869324,0.9971202611923218,0.9281343817710876,0.955168604850769,0.32178962230682373,0.8964357376098633
0.4623751640319824,0.2100256234407425,0.25729089975357056,0.22501486539840698,0.13443149626255035,0.1551264077425003
0.98213791847229,0.8440095782279968,0.8610206246376038,0.9111488461494446,0.567823588848114,0.9175547361373901
0.9338620901107788,0.7847671508789062,0.5583516955375671,0.6594076156616211,0.43974176049232483,0.8260828852653503
0.7045328617095947,0.38742879033088684,0.29531797766685486,0.30893197655677795,0.22558973729610443,0.26535362005233765
0.9097716212272644,0.6155616641044617,0.7109614014625549,0.7244253158569336,0.3043615520000458,0.5863259434700012
0.9375030994415283,0.9207815527915955,0.9971843361854553,0.8958536982536316,0.09746897965669632,0.22829698026180267
0.33599215745925903,0.22491830587387085,0.19658318161964417,0.3695324957370758,0.09667642414569855,0.17187419533729553
0.8764613270759583,0.31703177094459534,0.36464959383010864,0.47581610083580017,0.15235821902751923,0.47893983125686646
0.9673724174499512,0.46078673005104065,0.6084285378456116,0.6654938459396362,0.2834928333759308,0.7720850706100464
0.8285274505615234,0.46782928705215454,0.63529372215271,0.4868442714214325,0.21100296080112457,0.5493270754814148
0.9815902709960938,0.9077191948890686,0.9163352847099304,0.9336034655570984,0.9253499507904053,0.9061763286590576
0.9860344529151917,0.5970188975334167,0.4578683078289032,0.7447739839553833,0.581733226776123,0.404409259557724
0.8023385405540466,0.5443206429481506,0.45790210366249084,0.6822765469551086,0.3610273003578186,0.651827871799469
0.8023385405540466,0.5443206429481506,0.45790210366249084,0.6822765469551086,0.3610273003578186,0.651827871799469
0.9627927541732788,0.845129668712616,0.8658273816108704,0.9229605793952942,0.7189318537712097,0.8738520741462708
0.9725412726402283,0.7499080896377563,0.8367065787315369,0.8296046853065491,0.4909769594669342,0.8442219495773315
0.1370307207107544,0.04611203074455261,0.04736126586794853,0.0480223149061203,0.36168643832206726,0.11872509866952896
0.9981573820114136,0.9530771970748901,0.9834803342819214,0.951991856098175,0.7846201658248901,0.9419315457344055
0.9468929767608643,0.5614051222801208,0.5051582455635071,0.5717823505401611,0.25211334228515625,0.6515642404556274
0.9841009378433228,0.8605996966362,0.9848421216011047,0.9703961610794067,0.7976032495498657,0.9601486325263977
0.8470432758331299,0.8973008990287781,0.7799147367477417,0.6081192493438721,0.4826703667640686,0.5692217350006104
0.7643044590950012,0.29857268929481506,0.11842337250709534,0.3376830816268921,0.17433969676494598,0.0946527048945427
0.9195426106452942,0.6887807846069336,0.35528650879859924,0.6059138774871826,0.25434988737106323,0.1198800578713417
0.7634984254837036,0.904177188873291,0.8301933407783508,0.9890534281730652,0.4018031358718872,0.8517442941665649
0.9282848238945007,0.8041267395019531,0.6266281008720398,0.7382535338401794,0.3455115258693695,0.9183130860328674
0.06811660528182983,0.08212905377149582,0.037545301020145416,0.14280974864959717,0.13993294537067413,0.02409675344824791
0.9438838362693787,0.6861661076545715,0.7439089417457581,0.7556580901145935,0.4507156312465668,0.6796520352363586
0.22968140244483948,0.32582929730415344,0.17158597707748413,0.3030180037021637,0.23408475518226624,0.07898341864347458
0.9302939176559448,0.7693654894828796,0.5944914221763611,0.7872130870819092,0.47960665822029114,0.8487014174461365
0.7676812410354614,0.4048272967338562,0.5847464799880981,0.2317849099636078,0.022117042914032936,0.006009472068399191
0.9656667709350586,0.5793822407722473,0.5909957885742188,0.6787841320037842,0.600355863571167,0.6081225275993347
0.880517840385437,0.46624884009361267,0.8194836974143982,0.9251798391342163,0.7935326099395752,0.8362866640090942
0.9257933497428894,0.7698764801025391,0.8583540320396423,0.8858054280281067,0.8153315186500549,0.7536823749542236
0.9401690363883972,0.8960462212562561,0.8830482959747314,0.9131062030792236,0.7160696983337402,0.7834665179252625
0.6239466071128845,0.6156966090202332,0.6394472122192383,0.6193532347679138,0.4572351574897766,0.09665687382221222
0.7015283107757568,0.8256208896636963,0.29571810364723206,0.3868902027606964,0.20404359698295593,0.4289643168449402
0.8023385405540466,0.5443206429481506,0.45790210366249084,0.6822765469551086,0.3610273003578186,0.651827871799469
0.8908712863922119,0.641899824142456,0.6206952333450317,0.6610771417617798,0.4184456169605255,0.6805396676063538
0.9811266660690308,0.8952072858810425,0.9373824000358582,0.9257752299308777,0.7397482395172119,0.840438723564148
0.8134048581123352,0.568183183670044,0.5271816849708557,0.655559241771698,0.2664210796356201,0.6672046184539795
0.9829198122024536,0.8276535868644714,0.7023775577545166,0.45707523822784424,0.1772613525390625,0.43203189969062805
0.9476128816604614,0.7941126227378845,0.6571317911148071,0.8687922954559326,0.4238063097000122,0.833612322807312
0.9821719527244568,0.9334447979927063,0.8745695352554321,0.8887811303138733,0.7797418236732483,0.6965599656105042
0.7154996991157532,0.7015084028244019,0.7078225016593933,0.6259605288505554,0.3387042284011841,0.43038713932037354
0.9893931150436401,0.7647562026977539,0.906626284122467,0.9106022119522095,0.669313371181488,0.8418687582015991
0.9927071928977966,0.7039714455604553,0.9396134614944458,0.9093794226646423,0.6604313254356384,0.8980129957199097
0.9857085347175598,0.9038820266723633,0.9295434951782227,0.9065749645233154,0.6411581039428711,0.8452397584915161
0.9375917911529541,0.5192295908927917,0.26820284128189087,0.48347049951553345,0.21756382286548615,0.7152898907661438
0.9927758574485779,0.9485766291618347,0.7547350525856018,0.9106791615486145,0.8287700414657593,0.7488446831703186
0.9126585125923157,0.6002042293548584,0.7714694738388062,0.9897031188011169,0.6722198724746704,0.8683204650878906
0.9677740335464478,0.40046876668930054,0.9360549449920654,0.9493251442909241,0.228436678647995,0.9130505919456482
0.9904356598854065,0.8233164548873901,0.9070335030555725,0.8370097875595093,0.4248834550380707,0.7807043194770813
0.4738011956214905,0.5483351945877075,0.6019548773765564,0.9862328171730042,0.9478619694709778,0.9270341992378235
0.8821399211883545,0.23011994361877441,0.14240427315235138,0.2493118941783905,0.3407210409641266,0.393576443195343
0.9233723282814026,0.636237621307373,0.5164989829063416,0.7567680478096008,0.33451932668685913,0.7261571288108826
0.8870607018470764,0.7702327370643616,0.4846455454826355,0.5497891306877136,0.5347789525985718,0.7633646726608276
0.8997945189476013,0.6154786348342896,0.4781856834888458,0.5664093494415283,0.315044105052948,0.4430166184902191
0.7252922654151917,0.618217408657074,0.7645450830459595,0.7331312298774719,0.3366371691226959,0.20150810480117798
0.7177413105964661,0.6473807692527771,0.3892068862915039,0.5779536366462708,0.5396663546562195,0.4037037491798401
0.9522835612297058,0.6748048067092896,0.5764632225036621,0.6426042318344116,0.2903013229370117,0.47624051570892334
0.8206820487976074,0.7333025336265564,0.6301705837249756,0.7695860266685486,0.48834338784217834,0.5912460088729858
0.983065128326416,0.9139097929000854,0.7286990880966187,0.710560142993927,0.31172290444374084,0.11558031290769577
0.90589839220047,0.7058343291282654,0.7398062348365784,0.8324348330497742,0.6762036681175232,0.3544413447380066
0.991064190864563,0.7935794591903687,0.7228789329528809,0.7914780974388123,0.4472091794013977,0.8184923529624939
0.973011314868927,0.8021751046180725,0.7314385175704956,0.7845709919929504,0.8420670032501221,0.8590354919433594
0.9282848238945007,0.8041267395019531,0.6266281008720398,0.7382535338401794,0.3455115258693695,0.9183130860328674
0.45098868012428284,0.9065191745758057,0.6901440024375916,0.005843913648277521,0.0094232726842165,0.016753824427723885
0.5605244040489197,0.2689516842365265,0.2562808394432068,0.606354832649231,0.08177045732736588,0.439700186252594
0.6542126536369324,0.5188406705856323,0.8186391592025757,0.6835006475448608,0.05347178131341934,0.14302857220172882
0.975638210773468,0.9208170771598816,0.9527472853660583,0.9188323616981506,0.7528994679450989,0.9014829397201538
0.529568612575531,0.3164844512939453,0.47247079014778137,0.5558367371559143,0.2853589951992035,0.3678279221057892
0.9410709142684937,0.6435232162475586,0.8453862071037292,0.9535525441169739,0.375731885433197,0.9478462934494019
0.951170027256012,0.8298202157020569,0.8904076814651489,0.8813096284866333,0.7077473402023315,0.8353409171104431
0.9597267508506775,0.8009743094444275,0.7915674448013306,0.732791543006897,0.4950566291809082,0.8873761892318726
0.9726989269256592,0.7450811266899109,0.6908890008926392,0.942702054977417,0.658927321434021,0.8137474060058594
0.9813866019248962,0.5654140114784241,0.7540590167045593,0.7553774118423462,0.33974650502204895,0.7062909007072449
0.9891008734703064,0.6503775119781494,0.7575593590736389,0.7350507378578186,0.6872224807739258,0.800984799861908
0.8679207563400269,0.45701608061790466,0.5932718515396118,0.7105040550231934,0.6900501251220703,0.5652114748954773
0.1939246505498886,0.0062055764719843864,0.07930219173431396,0.06426214426755905,0.021137302741408348,0.00018413893121760339
0.9427564740180969,0.5984267592430115,0.6315172910690308,0.8664571046829224,0.6576722860336304,0.8342790007591248
0.9819412231445312,0.6742100715637207,0.8243978023529053,0.8870192170143127,0.4007044732570648,0.9878514409065247
0.6257977485656738,0.4103270173072815,0.2918328046798706,0.1734352856874466,0.07851792871952057,0.12531641125679016
0.7818152904510498,0.6683729290962219,0.961042046546936,0.8940255641937256,0.6536528468132019,0.7937641739845276
0.6480890512466431,0.17686885595321655,0.20515060424804688,0.26523780822753906,0.12267553061246872,0.11649807542562485
0.6849217414855957,0.5135153532028198,0.24267296493053436,0.5202154517173767,0.2179979532957077,0.5559421181678772
0.9606049656867981,0.5520702600479126,0.6469551920890808,0.8325136303901672,0.38606685400009155,0.3776871860027313
0.8778860569000244,0.6267080903053284,0.8704982399940491,0.8013925552368164,0.4978020191192627,0.6530590057373047
0.3526116907596588,0.1622524857521057,0.24827536940574646,0.2693321406841278,0.21322515606880188,0.48016810417175293
0.8662673234939575,0.4051273763179779,0.35517418384552,0.5850061774253845,0.33097365498542786,0.031492896378040314
0.9282848238945007,0.8041267395019531,0.6266281008720398,0.7382535338401794,0.3455115258693695,0.9183130860328674
0.6460315585136414,0.2411738932132721,0.21031920611858368,0.9795792698860168,0.33518141508102417,0.032362524420022964
0.9282848238945007,0.8041267395019531,0.6266281008720398,0.7382535338401794,0.3455115258693695,0.9183130860328674
0.9841613173484802,0.6407020092010498,0.9318075776100159,0.9703618884086609,0.7275049090385437,0.8332507014274597
0.9302939176559448,0.7693654894828796,0.5944914221763611,0.7872130870819092,0.47960665822029114,0.8487014174461365
0.690019965171814,0.3408088684082031,0.12221831828355789,0.3626794219017029,0.6441690325737,0.049649663269519806
0.6347067952156067,0.2920836806297302,0.23259089887142181,0.056404635310173035,0.011944083496928215,0.005843675695359707
0.9884257912635803,0.7798794507980347,0.6956876516342163,0.8836590051651001,0.3181377649307251,0.7097905874252319
0.9892634749412537,0.9891610145568848,0.8820465803146362,0.8561637997627258,0.42288246750831604,0.22609136998653412
0.8546445965766907,0.608844518661499,0.6072568297386169,0.5662327408790588,0.2922370433807373,0.5684607028961182
0.86338871717453,0.6403701901435852,0.704638659954071,0.7981936931610107,0.5876140594482422,0.6704286932945251
0.7033656239509583,0.6276046633720398,0.503825843334198,0.4205355942249298,0.3019578456878662,0.42501094937324524
0.016610942780971527,0.0030272656586021185,0.044132523238658905,0.05535241588950157,0.5229378342628479,0.06481163948774338
0.9511785507202148,0.8285821080207825,0.8797043561935425,0.8726805448532104,0.4783598482608795,0.7015987634658813
0.9665639400482178,0.5780657529830933,0.3219400644302368,0.710885226726532,0.33120644092559814,0.9669554829597473
0.9171804785728455,0.5525045990943909,0.580281138420105,0.3446847200393677,0.22501760721206665,0.6035430431365967
0.9007359743118286,0.6652408242225647,0.7197208404541016,0.7277289032936096,0.42905890941619873,0.5924364328384399
0.9609642028808594,0.7655263543128967,0.9443418979644775,0.941473126411438,0.716246485710144,0.8499451279640198
0.9574068188667297,0.9045742154121399,0.7849551439285278,0.9308635592460632,0.7014839053153992,0.9116912484169006
0.9972118735313416,0.9471598863601685,0.9886475205421448,0.9814411401748657,0.7870420217514038,0.9580886363983154
0.9439442753791809,0.8675675988197327,0.8206266760826111,0.8643478155136108,0.46762537956237793,0.7763984799385071
0.9272028207778931,0.7372899651527405,0.495999276638031,0.6709953546524048,0.31226328015327454,0.826290488243103
0.882419764995575,0.5665557384490967,0.7294632196426392,0.8781790137290955,0.7259184122085571,0.8807232975959778
0.965396523475647,0.9941251277923584,0.8245015144348145,0.7653855681419373,0.22534970939159393,0.7006192803382874
0.9593661427497864,0.8850897550582886,0.7344951033592224,0.5825712084770203,0.3444119393825531,0.25681233406066895
0.9856287240982056,0.9685025215148926,0.515958309173584,0.6310608983039856,0.2734900712966919,0.5783252716064453
0.413426011800766,0.39374443888664246,0.581138014793396,0.8759108185768127,0.8728823065757751,0.7387619018554688
0.7276912331581116,0.8195926547050476,0.22519467771053314,0.5434473752975464,0.18902936577796936,0.844120442867279
0.8074477910995483,0.9738994240760803,0.9010922312736511,0.023362532258033752,0.6990501880645752,0.00029945423011668026
0.8986855149269104,0.6618087291717529,0.6758024096488953,0.8104901909828186,0.6444594860076904,0.7817317843437195
0.6407822966575623,0.7418531775474548,0.4396306276321411,0.6082031726837158,0.34370720386505127,0.37591490149497986
0.9157468676567078,0.6398758888244629,0.82888263463974,0.8959646224975586,0.7522530555725098,0.827943742275238
0.5609251260757446,0.546882152557373,0.1042027622461319,0.1481899470090866,0.04503165930509567,0.2637825310230255
0.8688521981239319,0.7248152494430542,0.718604564666748,0.7927179336547852,0.6954430937767029,0.8105912208557129
0.6910670399665833,0.6379060745239258,0.29401636123657227,0.6745320558547974,0.1747710406780243,0.8063312768936157
0.3259202539920807,0.0032245120964944363,0.1651557832956314,0.08275706321001053,0.2969277501106262,0.004614678211510181
0.9937344789505005,0.9666845798492432,0.977331817150116,0.9453380107879639,0.6503239870071411,0.93979412317276
0.9253705143928528,0.5910786986351013,0.5861757397651672,0.6424148678779602,0.41718119382858276,0.5253047347068787
0.7501307129859924,0.6697947978973389,0.6521546244621277,0.5362841486930847,0.607410192489624,0.43338072299957275
0.865731954574585,0.7748385071754456,0.8226274847984314,0.8818774223327637,0.5149149298667908,0.9955165982246399
0.8198127746582031,0.48362380266189575,0.4318940341472626,0.6225899457931519,0.33093640208244324,0.5296748280525208
0.9723586440086365,0.7769331932067871,0.9485514760017395,0.8767067790031433,0.53826504945755,0.8339975476264954
0.951971709728241,0.6868114471435547,0.7453871965408325,0.7520723342895508,0.15596388280391693,0.9892211556434631
0.9282848238945007,0.8041267395019531,0.6266281008720398,0.7382535338401794,0.3455115258693695,0.9183130860328674
0.914431631565094,0.9586631059646606,0.43607163429260254,0.401924192905426,0.34973442554473877,0.6181657910346985
0.8970182538032532,0.4328610897064209,0.14082303643226624,0.4333336651325226,0.263473778963089,0.9442389607429504
0.9955507516860962,0.9173061847686768,0.9329790472984314,0.9640598893165588,0.9313101172447205,0.9504181146621704
0.6263155341148376,0.8676814436912537,0.20012624561786652,0.1253744512796402,0.14041273295879364,0.35280126333236694
0.8943628072738647,0.8426779508590698,0.8943873643875122,0.9172194004058838,0.7128893733024597,0.7109628319740295
0.9282848238945007,0.8041267395019531,0.6266281008720398,0.7382535338401794,0.3455115258693695,0.9183130860328674
0.5455146431922913,0.2996653914451599,0.1483737826347351,0.6392369270324707,0.22867204248905182,0.150298610329628
0.9806451797485352,0.6239087581634521,0.9052873849868774,0.9658851623535156,0.8148770332336426,0.9733157753944397
0.8262653946876526,0.6440110802650452,0.6307976245880127,0.8562897443771362,0.366692453622818,0.697411060333252
0.5786291360855103,0.6568584442138672,0.451696515083313,0.29374802112579346,0.055936772376298904,0.4078218340873718
0.9760532975196838,0.9016960263252258,0.965360164642334,0.6212702393531799,0.10441533476114273,0.996345043182373
0.859609067440033,0.650012195110321,0.6172853708267212,0.6484647989273071,0.3095487654209137,0.63190096616745
0.9630820155143738,0.9274278879165649,0.9147117733955383,0.969666600227356,0.6757529377937317,0.9240270853042603
0.4492780864238739,0.5579856634140015,0.5067320466041565,0.7097138166427612,0.37254640460014343,0.23977553844451904
0.985312283039093,0.8464274406433105,0.9275034070014954,0.9253304600715637,0.6792604923248291,0.9015781283378601
0.8029382824897766,0.9031553268432617,0.5900577902793884,0.15608306229114532,0.04336990788578987,0.418119877576828
0.9401696920394897,0.8496392369270325,0.9245216250419617,0.9679602384567261,0.5189734697341919,0.9917807579040527
0.9914906024932861,0.844727635383606,0.7997034788131714,0.9058704972267151,0.5142741203308105,0.7164363861083984
0.9519250392913818,0.8026547431945801,0.6851404905319214,0.7375786304473877,0.6559457182884216,0.7503228783607483
0.8477728366851807,0.9753981232643127,0.6630658507347107,0.057938963174819946,0.028242802247405052,0.005987764336168766
0.9809794425964355,0.9438656568527222,0.9445704221725464,0.9571800231933594,0.7392448782920837,0.8935131430625916
0.9494607448577881,0.47602710127830505,0.43257516622543335,0.5648916363716125,0.1709059178829193,0.5395842790603638
0.9151480197906494,0.7445622682571411,0.8764188289642334,0.8885382413864136,0.5054632425308228,0.8013157248497009
0.9385727047920227,0.7832625508308411,0.6743083596229553,0.8093500137329102,0.8434181213378906,0.8610448837280273
0.9926629066467285,0.697160005569458,0.9736185669898987,0.933074951171875,0.4841574430465698,0.9845059514045715
0.676655650138855,0.6203750371932983,0.3997448980808258,0.47874313592910767,0.26238691806793213,0.7883673310279846
0.9581634998321533,0.7937203645706177,0.7937397956848145,0.8341925740242004,0.8744627237319946,0.9415681958198547
0.9375072121620178,0.7511842250823975,0.4997733533382416,0.3296666443347931,0.6563349366188049,0.6209278106689453
0.9555600881576538,0.7887964248657227,0.8274460434913635,0.9284389019012451,0.6352503299713135,0.8662428855895996
0.9854472875595093,0.8791243433952332,0.9699090123176575,0.9724329113960266,0.7827933430671692,0.8373598456382751
0.9925599098205566,0.9644556641578674,0.8186014294624329,0.8400191068649292,0.21891936659812927,0.14533677697181702
0.9751104116439819,0.8929112553596497,0.9543769955635071,0.8572990894317627,0.7972055673599243,0.9932960271835327
0.974611222743988,0.7441633939743042,0.7734975814819336,0.10052569210529327,0.027786845341324806,0.21488140523433685
0.9080467820167542,0.7816088795661926,0.8537555932998657,0.7784228920936584,0.365099161863327,0.8099230527877808
0.9847779273986816,0.8581451177597046,0.8622921109199524,0.9419702887535095,0.4333825409412384,0.8444059491157532
0.9490159153938293,0.7675325274467468,0.7549353241920471,0.9159483313560486,0.5416781306266785,0.8979585766792297
0.4585128128528595,0.391375869512558,0.4165714979171753,0.4027927815914154,0.3146418035030365,0.708148717880249
0.9727062582969666,0.9935050010681152,0.9368457794189453,0.9709742069244385,0.1325114518404007,0.8473917841911316
0.8927947282791138,0.8090819716453552,0.3774489462375641,0.7848407030105591,0.2333473563194275,0.9562059640884399
0.9282848238945007,0.8041267395019531,0.6266281008720398,0.7382535338401794,0.3455115258693695,0.9183130860328674
0.7588527798652649,0.253337562084198,0.47735607624053955,0.6422879695892334,0.38764530420303345,0.7467524409294128
0.9873995780944824,0.7702339291572571,0.8988217711448669,0.8667819499969482,0.47019678354263306,0.5861179232597351
0.9778063893318176,0.9535439014434814,0.944848358631134,0.8415027260780334,0.5586550235748291,0.7489143013954163
0.9424461722373962,0.8131282925605774,0.8918445706367493,0.862164318561554,0.3482595980167389,0.9871514439582825
0.8336212038993835,0.7802261114120483,0.5787031054496765,0.5633456707000732,0.3880586326122284,0.14174816012382507
0.5558713674545288,0.3768249750137329,0.28193560242652893,0.34658098220825195,0.22820571064949036,0.1470625102519989
0.38146349787712097,0.385103315114975,0.4779526889324188,0.6459192037582397,0.25869670510292053,0.35403725504875183
0.9364607930183411,0.5008450746536255,0.8721057176589966,0.8633183836936951,0.686768114566803,0.6597290635108948
0.8274354338645935,0.66398686170578,0.5270047187805176,0.6040404438972473,0.30561816692352295,0.4793057441711426
0.927793025970459,0.8434377312660217,0.7391642332077026,0.8129870295524597,0.6475039124488831,0.7937027215957642
0.9086359739303589,0.5432845950126648,0.7479541897773743,0.7575172185897827,0.6394487619400024,0.7006982564926147
0.978040874004364,0.6320604085922241,0.543489933013916,0.6375852227210999,0.6893638372421265,0.8791972994804382
0.9402230381965637,0.09772995859384537,0.14990969002246857,0.39442911744117737,0.1960495114326477,0.12791715562343597
0.8023385405540466,0.5443206429481506,0.45790210366249084,0.6822765469551086,0.3610273003578186,0.651827871799469
0.8091636896133423,0.8365423083305359,0.9950575828552246,0.7016516923904419,0.11434649676084518,0.45187848806381226
0.36149752140045166,0.10931001603603363,0.03255201131105423,0.08846409618854523,0.03411080688238144,0.04789973422884941
0.9501507878303528,0.7746957540512085,0.8020843267440796,0.7803677320480347,0.32583266496658325,0.6518382430076599
0.7702241539955139,0.07752570509910583,0.06883320212364197,0.14398226141929626,0.5429285168647766,0.028886614367365837
0.6874302625656128,0.6208471059799194,0.7238202095031738,0.7630693316459656,0.5151546001434326,0.5047615170478821
0.9938739538192749,0.9400871396064758,0.9512847065925598,0.9912803173065186,0.5219699740409851,0.9872516393661499
0.38373130559921265,0.435271680355072,0.10639631003141403,0.2957053780555725,0.11099597811698914,0.14457263052463531
0.9755947589874268,0.6347964406013489,0.7461010217666626,0.9709088206291199,0.6293804049491882,0.9251524209976196
0.9462281465530396,0.7935885190963745,0.957129716873169,0.868345320224762,0.6440183520317078,0.8479576706886292
0.9808049201965332,0.4215070605278015,0.5317743420600891,0.6741549968719482,0.31873366236686707,0.5595782399177551
0.9242063164710999,0.7521148920059204,0.7713508605957031,0.8471018075942993,0.5002729892730713,0.7143117785453796
0.998065710067749,0.877092719078064,0.9754863977432251,0.8771759271621704,0.4390995502471924,0.8088486790657043
0.9419485330581665,0.9134461283683777,0.9862070679664612,0.9093986749649048,0.5492762923240662,0.8322247266769409
0.6330153942108154,0.5033636093139648,0.31114840507507324,0.46717673540115356,0.2718577980995178,0.2720475196838379
0.9439904689788818,0.8839430212974548,0.947986900806427,0.8763154745101929,0.7597289085388184,0.9535355567932129
0.9889053106307983,0.7119646072387695,0.9344087839126587,0.9255045056343079,0.6586143970489502,0.6833819150924683
0.9497179985046387,0.7853367328643799,0.6547332406044006,0.7458224892616272,0.2608208656311035,0.3907656967639923
0.9537961483001709,0.6280825734138489,0.5745413303375244,0.8869498372077942,0.5898706912994385,0.6500585675239563
0.9282848238945007,0.8041267395019531,0.6266281008720398,0.7382535338401794,0.3455115258693695,0.9183130860328674
0.9302939176559448,0.7693654894828796,0.5944914221763611,0.7872130870819092,0.47960665822029114,0.8487014174461365
0.9918006658554077,0.7402316331863403,0.8414809703826904,0.9592136740684509,0.45311686396598816,0.9505817294120789
0.5673638582229614,0.2146735042333603,0.2927689850330353,0.6430729627609253,0.2136574238538742,0.16577912867069244
0.9282848238945007,0.8041267395019531,0.6266281008720398,0.7382535338401794,0.3455115258693695,0.9183130860328674
0.5617076754570007,0.6162108778953552,0.832661509513855,0.819780170917511,0.8154757618904114,0.49582454562187195
0.8023385405540466,0.5443206429481506,0.45790210366249084,0.6822765469551086,0.3610273003578186,0.651827871799469
0.9970257878303528,0.8312504887580872,0.9457386136054993,0.9630981087684631,0.7471440434455872,0.9468778371810913
0.7050304412841797,0.5268000364303589,0.6545707583427429,0.5030994415283203,0.14895838499069214,0.9039040207862854
0.7430641055107117,0.6113867163658142,0.46871066093444824,0.5443849563598633,0.27293288707733154,0.1429772526025772
0.7788946628570557,0.49890395998954773,0.8102310299873352,0.9713020324707031,0.03621746227145195,0.16649554669857025
0.8716912269592285,0.7841486930847168,0.48993930220603943,0.40756040811538696,0.37292250990867615,0.057474177330732346
0.9708675146102905,0.626228392124176,0.9355533123016357,0.8912809491157532,0.5308711528778076,0.986111581325531
0.8710044026374817,0.5337815284729004,0.42381569743156433,0.5635412335395813,0.24108999967575073,0.31338372826576233
0.8023385405540466,0.5443206429481506,0.45790210366249084,0.6822765469551086,0.3610273003578186,0.651827871799469
0.6976351737976074,0.2252725213766098,0.25621268153190613,0.3554697632789612,0.17211544513702393,0.15187224745750427
0.9735017418861389,0.9222304821014404,0.41067036986351013,0.5642642378807068,0.27107691764831543,0.31573984026908875
0.9876114726066589,0.9638501405715942,0.9523469805717468,0.9120053648948669,0.6112525463104248,0.5229713916778564
0.969477117061615,0.8844981789588928,0.4532792866230011,0.5074528455734253,0.0031501557677984238,0.07093769311904907
0.8870632648468018,0.6126055717468262,0.642731249332428,0.8407870531082153,0.2326350063085556,0.9148083329200745
0.9480096101760864,0.8224813938140869,0.9133243560791016,0.9098291993141174,0.7854510545730591,0.8547720909118652
0.9439937472343445,0.8689672946929932,0.9642961025238037,0.8918219804763794,0.4842846393585205,0.7342304587364197
0.708862841129303,0.5190742015838623,0.38392820954322815,0.5290110111236572,0.1795097291469574,0.26620933413505554
0.9791584610939026,0.7577052116394043,0.8661876320838928,0.919723629951477,0.731953501701355,0.8668177127838135
0.9845017790794373,0.8430768251419067,0.9048539400100708,0.8863320350646973,0.9442724585533142,0.5094794631004333
0.9548784494400024,0.7221917510032654,0.7552980184555054,0.7250314950942993,0.4355470836162567,0.8045992851257324
0.6730467677116394,0.7973774075508118,0.240513876080513,0.35863661766052246,0.3468549847602844,0.2804127335548401
0.9708574414253235,0.7958094477653503,0.6536043286323547,0.7908938527107239,0.9379600286483765,0.4810955822467804
0.9359124302864075,0.9293161630630493,0.8780141472816467,0.8440812826156616,0.19351467490196228,0.4433586001396179
0.4082685708999634,0.2781834006309509,0.15874230861663818,0.5929991602897644,0.4755728542804718,0.5386176109313965
0.9932482838630676,0.9653679728507996,0.9883275032043457,0.9689449071884155,0.5229925513267517,0.7477965950965881
0.995850682258606,0.8578596115112305,0.96404629945755,0.9841325283050537,0.7394083738327026,0.9757888913154602
0.7621893286705017,0.3680696487426758,0.2917490005493164,0.5713322758674622,0.26867446303367615,0.1690850704908371
0.9862385392189026,0.830681324005127,0.9878383278846741,0.9989084601402283,0.8826325535774231,0.9430314302444458
0.9863541722297668,0.9814419746398926,0.9856901168823242,0.9772659540176392,0.8918386697769165,0.9763973951339722
0.9910519123077393,0.877973198890686,0.8394737243652344,0.9686097502708435,0.6112900376319885,0.8613107800483704
0.81254643201828,0.6184919476509094,0.5753882527351379,0.5875039100646973,0.343326598405838,0.7449015974998474
0.9881986379623413,0.8749598264694214,0.9672483205795288,0.9871087670326233,0.9080097079277039,0.9354583621025085
0.9345276951789856,0.7471035718917847,0.6574313640594482,0.6082540154457092,0.7768728733062744,0.2599417269229889
0.9906972646713257,0.9392838478088379,0.9674233794212341,0.8170439600944519,0.46536409854888916,0.9832395315170288
0.9784591197967529,0.8189467191696167,0.8973633050918579,0.8929718732833862,0.5105083584785461,0.9747511744499207
0.5125532150268555,0.418305903673172,0.34529057145118713,0.4985811412334442,0.1974034160375595,0.44620224833488464
0.982498824596405,0.8472827672958374,0.8664630651473999,0.8934827446937561,0.49324506521224976,0.8565338850021362
0.6669489741325378,0.6312002539634705,0.48299404978752136,0.5522979497909546,0.5579983592033386,0.7445871233940125
0.9836521148681641,0.9110416769981384,0.9573286175727844,0.9788541793823242,0.8222991824150085,0.9309507608413696
0.9730079770088196,0.8324125409126282,0.8226648569107056,0.7737294435501099,0.5443947315216064,0.7853784561157227
0.9282848238945007,0.8041267395019531,0.6266281008720398,0.7382535338401794,0.3455115258693695,0.9183130860328674
0.9328041076660156,0.8785389065742493,0.3807774484157562,0.8632484078407288,0.23371964693069458,0.9731493592262268
0.9501231908798218,0.8923447728157043,0.8770071268081665,0.8300473093986511,0.3085004687309265,0.6143783330917358
0.9563423991203308,0.8734788298606873,0.9066382646560669,0.9177117347717285,0.8274311423301697,0.7668506503105164
0.9955744743347168,0.8489741086959839,0.9033144116401672,0.9107183814048767,0.6287865042686462,0.6132408380508423
0.8023385405540466,0.5443206429481506,0.45790210366249084,0.6822765469551086,0.3610273003578186,0.651827871799469
0.8023385405540466,0.5443206429481506,0.45790210366249084,0.6822765469551086,0.3610273003578186,0.651827871799469
0.9660400152206421,0.7706349492073059,0.4190903902053833,0.8037402629852295,0.6164759993553162,0.6399697661399841
0.9798098206520081,0.7975504994392395,0.9307251572608948,0.6004127264022827,0.3379825949668884,0.29462769627571106
0.957761287689209,0.7621954083442688,0.8947324752807617,0.8534802794456482,0.8640084266662598,0.8926145434379578
0.9019327759742737,0.8388071656227112,0.79283207654953,0.6897434592247009,0.5311791300773621,0.6811229586601257
0.9819154143333435,0.951858401298523,0.9356834292411804,0.9452091455459595,0.7336606383323669,0.9620612859725952
0.8563516736030579,0.8073440194129944,0.3827713429927826,0.6801005601882935,0.17532365024089813,0.8145060539245605
0.8417157530784607,0.7434347867965698,0.608072817325592,0.6658675670623779,0.3351527452468872,0.6626476645469666
0.9696385860443115,0.8714728951454163,0.8443722724914551,0.8498210906982422,0.9223222136497498,0.9467604160308838
0.9459589123725891,0.6551679968833923,0.6088051795959473,0.7208099961280823,0.6412084102630615,0.5332157611846924
0.8147741556167603,0.8383694887161255,0.6221520900726318,0.5520403981208801,0.40309756994247437,0.605976402759552
0.9726457595825195,0.854142963886261,0.6459447741508484,0.8987205028533936,0.2957930266857147,0.891747772693634
0.24428753554821014,0.35923826694488525,0.30859288573265076,0.44499149918556213,0.41968148946762085,0.18561601638793945
0.5207819938659668,0.2565595805644989,0.22102157771587372,0.0927504450082779,0.19669127464294434,0.2683943510055542
0.9871416091918945,0.7966004014015198,0.9228811264038086,0.895477831363678,0.6057633757591248,0.9432793259620667
0.9970892667770386,0.9789775013923645,0.9360171556472778,0.973045289516449,0.707584798336029,0.7320099472999573
0.9041953086853027,0.6848281025886536,0.7321054339408875,0.9421355724334717,0.6542081236839294,0.7866697907447815
0.17865297198295593,0.17474523186683655,0.12502428889274597,0.371986448764801,0.5167250037193298,0.14182767271995544
0.8874703049659729,0.6556275486946106,0.8459752798080444,0.805073618888855,0.4780164062976837,0.6809772253036499
0.995327889919281,0.9558890461921692,0.810969352722168,0.775692343711853,0.3405505120754242,0.768071174621582
0.9474868178367615,0.847141444683075,0.8842034935951233,0.8883312344551086,0.8904910087585449,0.24826008081436157
0.8065193891525269,0.6112410426139832,0.5375984907150269,0.8850091099739075,0.3353683352470398,0.06675169616937637
0.9673548340797424,0.9271189570426941,0.8171735405921936,0.830450177192688,0.5935239195823669,0.8135794997215271
0.9737611413002014,0.9309810400009155,0.9216235280036926,0.8571577072143555,0.5411913990974426,0.7304022312164307
0.9330234527587891,0.7212252616882324,0.6491034030914307,0.9351754188537598,0.5757209062576294,0.14312875270843506
0.9309867024421692,0.836679995059967,0.7244700193405151,0.797826886177063,0.5452457070350647,0.4668787121772766
0.9956748485565186,0.9686087965965271,0.8316311836242676,0.9958006143569946,0.2735636532306671,0.9909515380859375
0.986142635345459,0.949164092540741,0.9548555016517639,0.9153722524642944,0.7528412342071533,0.6758729815483093
0.9922575354576111,0.9221491813659668,0.937587559223175,0.9421088695526123,0.3656310439109802,0.6932392716407776
0.9908876419067383,0.7276217341423035,0.8108462691307068,0.8742111325263977,0.35072314739227295,0.9704824686050415
0.5609251260757446,0.546882152557373,0.1042027622461319,0.1481899470090866,0.04503165930509567,0.2637825310230255
0.893261730670929,0.976943850517273,0.6733407378196716,0.7641374468803406,0.38295990228652954,0.5231751203536987
0.897553026676178,0.691283106803894,0.7260635495185852,0.8201977014541626,0.4524671137332916,0.7652905583381653
0.9825951457023621,0.968009889125824,0.9933726191520691,0.7856252193450928,0.5930367708206177,0.5517886281013489
0.8503081202507019,0.7686387896537781,0.7393308281898499,0.750694751739502,0.4539698660373688,0.7330887317657471
0.8164768218994141,0.744536280632019,0.5136592388153076,0.5319539904594421,0.25465160608291626,0.35715073347091675
0.9140657186508179,0.562919557094574,0.473555326461792,0.8166962265968323,0.28963181376457214,0.24230830371379852
0.9372721314430237,0.9007579684257507,0.9983803629875183,0.9803028702735901,0.1254785805940628,0.7028133273124695
0.5523653030395508,0.5159414410591125,0.3913034498691559,0.319050133228302,0.27978095412254333,0.38219860196113586
0.9506925940513611,0.7663813233375549,0.7919278144836426,0.7471104860305786,0.5718672275543213,0.8381829857826233
0.9882570505142212,0.9504595994949341,0.9339597821235657,0.9449431896209717,0.7874270081520081,0.9393658638000488
0.7057269215583801,0.33968713879585266,0.21653486788272858,0.19762606918811798,0.2152446061372757,0.48587295413017273
0.9417642951011658,0.8271377682685852,0.732986330986023,0.7557821869850159,0.6159539818763733,0.6839589476585388
0.989639937877655,0.8646286725997925,0.9581376910209656,0.9667379260063171,0.644637942314148,0.9918510317802429
0.9958897233009338,0.9834320545196533,0.976595401763916,0.9917242527008057,0.5433605313301086,0.9968881607055664
0.9551538228988647,0.48032456636428833,0.6804811954498291,0.753643810749054,0.41681790351867676,0.2985747754573822
0.9959843754768372,0.8654605150222778,0.9130241274833679,0.9745549559593201,0.657051146030426,0.9491193294525146
0.9789716601371765,0.9775594472885132,0.9672885537147522,0.9463155269622803,0.9071784615516663,0.988440752029419
0.9886510372161865,0.832223653793335,0.5888652801513672,0.9454854130744934,0.34631654620170593,0.9423809051513672
0.9650987386703491,0.3807498812675476,0.8999345898628235,0.9655503630638123,0.23202793300151825,0.9598973989486694
0.9251616597175598,0.8129041194915771,0.9740414619445801,0.6272924542427063,0.6928769946098328,0.9603011012077332
0.9957351684570312,0.8452561497688293,0.9575376510620117,0.9836260676383972,0.7161662578582764,0.9733312726020813
0.9282848238945007,0.8041267395019531,0.6266281008720398,0.7382535338401794,0.3455115258693695,0.9183130860328674
0.4053867757320404,0.6086181402206421,0.6155820488929749,0.45343539118766785,0.1443982869386673,0.16309905052185059
0.9927583932876587,0.8082373738288879,0.9687674641609192,0.9713905453681946,0.8327102661132812,0.8955396413803101
0.9859504103660583,0.68755042552948,0.721382200717926,0.8822285532951355,0.46339312195777893,0.723911464214325
0.7912693619728088,0.2368885725736618,0.08797348290681839,0.513813316822052,0.030636092647910118,0.13654538989067078
0.9501631259918213,0.7583205103874207,0.9919589161872864,0.9484445452690125,0.7855263352394104,0.5533953905105591
0.982050895690918,0.8946405649185181,0.8902246356010437,0.9131380319595337,0.7169858813285828,0.9855255484580994
0.8023385405540466,0.5443206429481506,0.45790210366249084,0.6822765469551086,0.3610273003578186,0.651827871799469
0.8410019278526306,0.9248085618019104,0.8495520949363708,0.8516685366630554,0.47690248489379883,0.7715891599655151
0.995851993560791,0.5225593447685242,0.4336124360561371,0.1531664878129959,0.0672222226858139,0.08224386721849442
0.9400789737701416,0.5859026908874512,0.829668402671814,0.8941736221313477,0.3078289031982422,0.7604813575744629
0.9832412600517273,0.989980936050415,0.6110658645629883,0.3278522789478302,0.2022128701210022,0.004263349808752537
0.9154760241508484,0.7372631430625916,0.726373016834259,0.7769584655761719,0.40742623805999756,0.6676025390625
0.9530648589134216,0.6625066995620728,0.7516599893569946,0.7913056015968323,0.42456895112991333,0.7825868129730225
0.9293720722198486,0.6983901858329773,0.7325900793075562,0.7586033344268799,0.9071135520935059,0.7051704525947571
0.8752654194831848,0.7225629687309265,0.7786871194839478,0.7328959703445435,0.6410214900970459,0.7575884461402893
0.9302939176559448,0.7693654894828796,0.5944914221763611,0.7872130870819092,0.47960665822029114,0.8487014174461365
0.9306237697601318,0.32970118522644043,0.38965386152267456,0.40397486090660095,0.9148200750350952,0.46429985761642456
0.6383489966392517,0.7235602736473083,0.7131972312927246,0.4744707942008972,0.5303687453269958,0.03824635222554207
0.831957995891571,0.8237265944480896,0.5207913517951965,0.7097083926200867,0.6243243217468262,0.5368624925613403
0.23037277162075043,0.21554012596607208,0.057434238493442535,0.21918317675590515,0.11505691707134247,0.1862378567457199
0.7802236676216125,0.7289376854896545,0.29805895686149597,0.5592728853225708,0.08355793356895447,0.9204142093658447
0.9302939176559448,0.7693654894828796,0.5944914221763611,0.7872130870819092,0.47960665822029114,0.8487014174461365
0.9963606595993042,0.8296325206756592,0.801516592502594,0.942419707775116,0.8711020350456238,0.8399386405944824
0.46562477946281433,0.3598587214946747,0.17682363092899323,0.22549620270729065,0.12607645988464355,0.3862806558609009
0.975778341293335,0.8676702976226807,0.8653390407562256,0.9338905811309814,0.4352845251560211,0.7497302889823914
0.9093058109283447,0.6636613011360168,0.3683255910873413,0.5201337933540344,0.6800549626350403,0.6090235114097595
0.9373238682746887,0.6233848333358765,0.7582675814628601,0.7903609275817871,0.34474825859069824,0.980928897857666
0.9473801851272583,0.6778261661529541,0.8592480421066284,0.7015759944915771,0.3492748439311981,0.530370831489563
0.9172064065933228,0.6413760185241699,0.7173495888710022,0.7411390542984009,0.4108680188655853,0.63865065574646
0.5491864085197449,0.32885876297950745,0.5083388686180115,0.3887573480606079,0.4330773651599884,0.2985997796058655
0.7899520993232727,0.9343581795692444,0.8630074858665466,0.7191946506500244,0.5806825160980225,0.11682800948619843
0.9275145530700684,0.8890685439109802,0.7612816691398621,0.9251401424407959,0.5238608717918396,0.8185973763465881
0.8048359751701355,0.5384852886199951,0.48828819394111633,0.8688434362411499,0.33154645562171936,0.5622604489326477
0.7440712451934814,0.9404647350311279,0.6094816327095032,0.834646999835968,0.08107362687587738,0.08489714562892914
0.9465906023979187,0.8868408799171448,0.9401388168334961,0.8701996803283691,0.6568458676338196,0.8465642333030701
0.9175126552581787,0.18096353113651276,0.5968754291534424,0.9678692817687988,0.12772813439369202,0.9464203119277954
0.4218490719795227,0.6257584691047668,0.5325966477394104,0.554627001285553,0.09768156707286835,0.10011816024780273
0.9075038433074951,0.7322629690170288,0.7696080803871155,0.7601771950721741,0.7644321918487549,0.869038999080658
0.98455411195755,0.7253541350364685,0.8552646636962891,0.9698932766914368,0.6696942448616028,0.9847521185874939
0.9479393362998962,0.7595807313919067,0.6912468075752258,0.6823478937149048,0.48802706599235535,0.7680826187133789
0.9546993374824524,0.7972514033317566,0.8883630037307739,0.9366526007652283,0.8272702693939209,0.907433271408081
0.9302939176559448,0.7693654894828796,0.5944914221763611,0.7872130870819092,0.47960665822029114,0.8487014174461365
0.21161937713623047,0.13488717377185822,0.08295127004384995,0.2536570727825165,0.13846905529499054,0.00382261467166245
0.5471271276473999,0.5818848013877869,0.5911365151405334,0.655796229839325,0.5313335061073303,0.924492597579956
0.9710702896118164,0.5704554319381714,0.7763383984565735,0.9864612221717834,0.2635686695575714,0.9852750897407532
0.9086040258407593,0.5697703957557678,0.4680626690387726,0.6427636742591858,0.8678872585296631,0.2945314645767212
0.5794999599456787,0.05396305397152901,0.20618991553783417,0.5865007042884827,0.029195118695497513,0.004608202259987593
0.9889147877693176,0.9683011770248413,0.9809586405754089,0.9262562394142151,0.6753289699554443,0.9300215244293213
0.014537952840328217,0.003974431194365025,0.024479331448674202,0.00666069146245718,0.0040815346874296665,0.0027915702667087317
0.9886322021484375,0.9030525088310242,0.6216142177581787,0.644332230091095,0.555663526058197,0.40746018290519714
0.8498176336288452,0.420428067445755,0.6290775537490845,0.6743664741516113,0.4842297434806824,0.41304945945739746
0.9807963967323303,0.7357153296470642,0.9365348219871521,0.8989965319633484,0.8768520355224609,0.7758623361587524
0.9594711065292358,0.7995223999023438,0.88433438539505,0.8585564494132996,0.259220689535141,0.997623085975647
0.8103119134902954,0.7084206938743591,0.34967073798179626,0.7108006477355957,0.21748287975788116,0.574282169342041
0.5246806740760803,0.07815207540988922,0.024594930931925774,0.08138848841190338,0.028141796588897705,0.07563463598489761
0.9177479147911072,0.9468508958816528,0.8525733351707458,0.7673370242118835,0.646990180015564,0.9862217903137207
0.9438886642456055,0.7022221088409424,0.6987333297729492,0.716728150844574,0.5516505837440491,0.623389720916748
0.9282848238945007,0.8041267395019531,0.6266281008720398,0.7382535338401794,0.3455115258693695,0.9183130860328674
0.9307673573493958,0.7256434559822083,0.7449609637260437,0.9327040910720825,0.6264667510986328,0.8171029686927795
0.9530144333839417,0.7968607544898987,0.8220346570014954,0.6937173008918762,0.68777996301651,0.8264246582984924
0.9396697878837585,0.6775410771369934,0.877693235874176,0.853695273399353,0.6375550031661987,0.8822603225708008
0.5956791043281555,0.3679857552051544,0.7915056943893433,0.5133055448532104,0.3119968771934509,0.4508395791053772
0.8286148905754089,0.6212002635002136,0.4862756133079529,0.7236404418945312,0.47403648495674133,0.3474572002887726
0.9619554281234741,0.9730443358421326,0.6191867589950562,0.5594196915626526,0.10830347239971161,0.6657208204269409
0.9812138080596924,0.7744649648666382,0.9395928978919983,0.9500147700309753,0.3579077124595642,0.8767577409744263
0.9745714068412781,0.6531148552894592,0.9391710162162781,0.9750880002975464,0.44787490367889404,0.39773499965667725
0.6055084466934204,0.5871094465255737,0.4922243356704712,0.5017634034156799,0.3842826187610626,0.480408251285553
0.9846835136413574,0.9704983830451965,0.957438588142395,0.9851227402687073,0.9452024698257446,0.9688469171524048
0.3045122027397156,0.34248751401901245,0.5405359268188477,0.4968959391117096,0.1212821900844574,0.19137145578861237
0.9630131125450134,0.907516598701477,0.7300477623939514,0.7226479053497314,0.7426566481590271,0.765626847743988
0.9236399531364441,0.5922821760177612,0.5136911869049072,0.681137204170227,0.5348369479179382,0.5925441384315491
0.9881848096847534,0.9179742336273193,0.6276242733001709,0.8491420745849609,0.6853756308555603,0.651140570640564
0.5714138746261597,0.29204753041267395,0.0764281377196312,0.15221509337425232,0.12621094286441803,0.07217007875442505
0.12425854057073593,0.32522574067115784,0.11046047508716583,0.03150700405240059,0.008610169403254986,0.00728518096730113
0.797754168510437,0.750222384929657,0.7385522723197937,0.7919597029685974,0.27457869052886963,0.9976652264595032
0.8023385405540466,0.5443206429481506,0.45790210366249084,0.6822765469551086,0.3610273003578186,0.651827871799469
0.9300847053527832,0.8693902492523193,0.7346754670143127,0.6512216329574585,0.31978192925453186,0.2299881875514984
0.8338328003883362,0.7253889441490173,0.6732228398323059,0.7190870046615601,0.5947312116622925,0.6825676560401917
0.931721568107605,0.6934734582901001,0.9153756499290466,0.8553459644317627,0.3771645724773407,0.9829378724098206
0.9282848238945007,0.8041267395019531,0.6266281008720398,0.7382535338401794,0.3455115258693695,0.9183130860328674
0.5152221918106079,0.7512807250022888,0.11796018481254578,0.11919013410806656,0.12066343426704407,0.05778657644987106
0.9704408049583435,0.48307809233665466,0.8815578818321228,0.8757903575897217,0.3632626533508301,0.4504455327987671
0.9389455318450928,0.5942065119743347,0.7895424962043762,0.9030607342720032,0.2983066141605377,0.8340662717819214
0.865422248840332,0.5450882315635681,0.5206902027130127,0.6705739498138428,0.6886762380599976,0.48335206508636475
0.9636654257774353,0.9507750272750854,0.7700695395469666,0.9131873250007629,0.5575099587440491,0.5961449146270752
0.983559787273407,0.7834880352020264,0.8761904835700989,0.8754999041557312,0.6609300971031189,0.8863652348518372
0.8846964240074158,0.7613998651504517,0.6258910298347473,0.8810886740684509,0.5474348664283752,0.8580755591392517
0.7115525007247925,0.30318373441696167,0.24746650457382202,0.27475473284721375,0.40116310119628906,0.03504130616784096
0.9088734984397888,0.7482920289039612,0.7207446098327637,0.8608109951019287,0.40826016664505005,0.8924682140350342
0.8023385405540466,0.5443206429481506,0.45790210366249084,0.6822765469551086,0.3610273003578186,0.651827871799469
0.98426753282547,0.9316076040267944,0.9954004287719727,0.9732934236526489,0.764735758304596,0.9470242857933044
0.996756374835968,0.8559938073158264,0.9645056128501892,0.9799282550811768,0.9143503308296204,0.9808010458946228
0.9342418909072876,0.8879984021186829,0.7349473237991333,0.887708842754364,0.6660661697387695,0.817210853099823
0.9924986362457275,0.7930809259414673,0.6298028230667114,0.5172443389892578,0.4635468125343323,0.5418428182601929
0.9722167253494263,0.7979816198348999,0.8253937363624573,0.8982574939727783,0.6221326589584351,0.8479928970336914
0.5675921440124512,0.21003687381744385,0.24840010702610016,0.10367292910814285,0.05708063021302223,0.05402566120028496
0.4117104113101959,0.3147332966327667,0.37374645471572876,0.28389763832092285,0.3069832921028137,0.31518983840942383
0.9282848238945007,0.8041267395019531,0.6266281008720398,0.7382535338401794,0.3455115258693695,0.9183130860328674
0.5612608194351196,0.5336373448371887,0.4556072950363159,0.2597293555736542,0.06742390245199203,0.033719319850206375
0.902413010597229,0.6370972990989685,0.5211045145988464,0.7212221026420593,0.45440295338630676,0.8923279047012329
0.9608838558197021,0.7633445858955383,0.8127053380012512,0.6757634878158569,0.6046116352081299,0.6638020873069763
0.9270347356796265,0.7036224603652954,0.7246744632720947,0.41308388113975525,0.13255766034126282,0.12322521209716797
0.8809455633163452,0.6360846757888794,0.6537983417510986,0.8221526741981506,0.3255540430545807,0.728442370891571
0.8968923091888428,0.4967702329158783,0.5357086658477783,0.7812566161155701,0.5848577618598938,0.34902599453926086
0.943983793258667,0.7844399213790894,0.7197583317756653,0.9561488032341003,0.5928298234939575,0.871566116809845
0.7671244740486145,0.6612628102302551,0.2613380253314972,0.19432805478572845,0.44250747561454773,0.2709110379219055
0.9179174304008484,0.7837419509887695,0.5754247903823853,0.7107711434364319,0.25921177864074707,0.012257209978997707
0.9302939176559448,0.7693654894828796,0.5944914221763611,0.7872130870819092,0.47960665822029114,0.8487014174461365
0.868321418762207,0.7398613691329956,0.5580676198005676,0.7170537710189819,0.3015778660774231,0.645714521408081
0.9282848238945007,0.8041267395019531,0.6266281008720398,0.7382535338401794,0.3455115258693695,0.9183130860328674
0.9835914969444275,0.8767503499984741,0.9722018241882324,0.9851499199867249,0.7843292951583862,0.9696765542030334
0.9732364416122437,0.8795247673988342,0.9923254251480103,0.8122366666793823,0.23841364681720734,0.6700752377510071
0.9876106381416321,0.9763648509979248,0.8827611804008484,0.8484942317008972,0.4062046706676483,0.6018459796905518
0.9655359387397766,0.9540191888809204,0.921280026435852,0.9595990777015686,0.5406484603881836,0.931894063949585
0.8777610659599304,0.813906729221344,0.7528712153434753,0.8421379327774048,0.8087987303733826,0.5021857023239136
0.9873706698417664,0.9924908876419067,0.9599308371543884,0.8768427968025208,0.31117427349090576,0.8345886468887329
0.9738599061965942,0.7703102827072144,0.8723111748695374,0.7452353239059448,0.6674536466598511,0.4021064341068268
0.9575060606002808,0.7445585131645203,0.7608066201210022,0.8946051001548767,0.6261898279190063,0.7890757918357849
0.9651289582252502,0.6498718857765198,0.3991725444793701,0.7457966804504395,0.2971922755241394,0.5309560298919678
0.9623957872390747,0.8201746940612793,0.9151114821434021,0.8593687415122986,0.5471453070640564,0.8032312989234924
0.9630464911460876,0.8198806643486023,0.634527862071991,0.6934878826141357,0.28041914105415344,0.385710209608078
0.012233983725309372,0.0020822666119784117,0.0007250581402331591,0.0028084770310670137,0.05482131987810135,0.0001449604460503906
0.9935324192047119,0.9935200214385986,0.9947413802146912,0.9937677979469299,0.9925292134284973,0.9956669211387634
0.9437853693962097,0.8723966479301453,0.7103967666625977,0.7354678511619568,0.4358810782432556,0.37945663928985596
0.7988172173500061,0.36149993538856506,0.6070079207420349,0.6847978234291077,0.5129725337028503,0.8346315622329712
0.9625354409217834,0.7874804139137268,0.7577353715896606,0.7501923441886902,0.2811993360519409,0.9855605363845825
0.9214238524436951,0.2568420469760895,0.3228706419467926,0.6919254660606384,0.30203962326049805,0.9509161710739136
0.895563542842865,0.6348475813865662,0.6519854068756104,0.7040032148361206,0.3270591199398041,0.6067569255828857
0.9720733761787415,0.5934531092643738,0.8010426163673401,0.921653687953949,0.6895439028739929,0.6499663591384888
0.6182060837745667,0.34581252932548523,0.5967650413513184,0.7091246843338013,0.24843260645866394,0.263583779335022
0.9873346090316772,0.9552589058876038,0.9446804523468018,0.8859958052635193,0.80389803647995,0.7196510434150696
0.6999143362045288,0.600115954875946,0.47682422399520874,0.5582982897758484,0.3426399827003479,0.389433890581131
0.9972589015960693,0.571861743927002,0.7335616946220398,0.8210052847862244,0.4766247272491455,0.7332443594932556
0.6494781970977783,0.34298887848854065,0.5766428112983704,0.6341891288757324,0.3517770767211914,0.16408680379390717
0.8704598546028137,0.5780141353607178,0.6098706722259521,0.7450193166732788,0.3193759322166443,0.7259219884872437
0.9696084856987,0.9448009133338928,0.9038468599319458,0.7567417025566101,0.3167228698730469,0.5233909487724304
0.7494916915893555,0.5802642703056335,0.5885201096534729,0.6987324953079224,0.6723484992980957,0.7972310185432434
0.7430901527404785,0.36247894167900085,0.2524837553501129,0.3141113519668579,0.16875216364860535,0.4054056704044342
0.920534074306488,0.6794030666351318,0.6989445090293884,0.7628013491630554,0.3744051456451416,0.7030304074287415
0.9302939176559448,0.7693654894828796,0.5944914221763611,0.7872130870819092,0.47960665822029114,0.8487014174461365
0.9507803320884705,0.908744215965271,0.7498584389686584,0.7989852428436279,0.20673151314258575,0.3264733850955963
0.9407496452331543,0.8226079344749451,0.7260364890098572,0.7115879654884338,0.6218871474266052,0.6609874963760376
0.8775740265846252,0.7763203382492065,0.7543742060661316,0.8352040648460388,0.16403160989284515,0.7915685176849365
0.983336865901947,0.9108736515045166,0.8302481770515442,0.9375998377799988,0.7757267951965332,0.8149887919425964
0.9951112270355225,0.9232489466667175,0.989894449710846,0.8683501482009888,0.4445023238658905,0.7820546627044678
0.7912793755531311,0.2464749664068222,0.342451274394989,0.43222570419311523,0.3684753477573395,0.6679482460021973
0.9843600988388062,0.9495822191238403,0.9762023091316223,0.9844385385513306,0.49942803382873535,0.7968933582305908
0.9809451103210449,0.8143815994262695,0.84991854429245,0.868938148021698,0.4997202455997467,0.849055826663971
0.6340217590332031,0.37106621265411377,0.3999110758304596,0.4531625807285309,0.2035316377878189,0.577414870262146
0.5771238207817078,0.3811153769493103,0.34244102239608765,0.3175585865974426,0.4551239311695099,0.3747789263725281
0.9791584610939026,0.7577052116394043,0.8661876320838928,0.919723629951477,0.731953501701355,0.8668177127838135
0.7307144403457642,0.25121912360191345,0.33709657192230225,0.4825841784477234,0.44427308440208435,0.8687891364097595
0.9771688580513,0.8001677393913269,0.9640178680419922,0.9636144638061523,0.661398708820343,0.9196138978004456
0.9614368677139282,0.8630965352058411,0.8470456004142761,0.8771034479141235,0.5287125110626221,0.9911739826202393
0.9841330051422119,0.691785991191864,0.8611365556716919,0.9057765603065491,0.5798442363739014,0.8344208598136902
0.9733240604400635,0.8050384521484375,0.8498049378395081,0.9340842962265015,0.6836557984352112,0.836841344833374
0.9877067804336548,0.9690670967102051,0.9124851822853088,0.8059653639793396,0.626687228679657,0.9459767937660217
0.9512044787406921,0.8615832924842834,0.9416766166687012,0.9328370094299316,0.7845179438591003,0.9380038380622864
0.9072872996330261,0.7999885082244873,0.7995381355285645,0.8285900354385376,0.6980474591255188,0.28647467494010925
0.9924933910369873,0.7793655395507812,0.8504943251609802,0.9044215679168701,0.39516109228134155,0.9376393556594849
0.8284926414489746,0.7895969748497009,0.7214606404304504,0.6720911860466003,0.25368359684944153,0.5473860502243042
0.8783515095710754,0.8697705864906311,0.6016225218772888,0.798250675201416,0.5904152393341064,0.6136627793312073
0.7021312713623047,0.5774998664855957,0.5100178122520447,0.7447032332420349,0.2636874318122864,0.15796329081058502
0.9433780312538147,0.718010425567627,0.44448912143707275,0.780481219291687,0.32392141222953796,0.6762340664863586
0.9738691449165344,0.9403992295265198,0.8996796607971191,0.9443361163139343,0.8430426120758057,0.9469960927963257
0.8752636909484863,0.726643443107605,0.6280890107154846,0.6017934083938599,0.45179855823516846,0.8192397952079773
0.991394579410553,0.9298669099807739,0.9648849964141846,0.964503288269043,0.8470314145088196,0.8636980056762695
0.9503957629203796,0.8718271851539612,0.901207447052002,0.8898205161094666,0.586002767086029,0.8473936915397644
0.19627630710601807,0.9001485705375671,0.052849482744932175,0.06802266091108322,0.04461565986275673,0.01373909879475832
0.8023385405540466,0.5443206429481506,0.45790210366249084,0.6822765469551086,0.3610273003578186,0.651827871799469
0.9924509525299072,0.885948896408081,0.9675218462944031,0.9875124096870422,0.7906621694564819,0.9740233421325684
0.7202566862106323,0.36860191822052,0.5207927823066711,0.2339993268251419,0.24444429576396942,0.038175880908966064
0.7834758758544922,0.5802022218704224,0.5648198127746582,0.6883045434951782,0.31532666087150574,0.5768730044364929
0.9732123613357544,0.7360973358154297,0.8500662446022034,0.9622374773025513,0.9444578886032104,0.9027397632598877
0.9834358096122742,0.8150492310523987,0.965636134147644,0.9718206524848938,0.7361084222793579,0.9840764999389648
0.7223990559577942,0.7727221846580505,0.34080633521080017,0.4826714098453522,0.14255882799625397,0.8568693399429321
0.9651212096214294,0.7435089349746704,0.8019861578941345,0.903303325176239,0.8795982599258423,0.9311510920524597
0.9612743854522705,0.5292964577674866,0.410606324672699,0.7376687526702881,0.32233303785324097,0.3798309564590454
0.9741577506065369,0.8624516725540161,0.8319687247276306,0.8322158455848694,0.5829861760139465,0.5427766442298889
0.9726178646087646,0.9157130718231201,0.9109132289886475,0.9548900127410889,0.7610137462615967,0.8681311011314392
0.7874183654785156,0.6699994802474976,0.504743218421936,0.7552483081817627,0.4740714132785797,0.44547921419143677
0.9302939176559448,0.7693654894828796,0.5944914221763611,0.7872130870819092,0.47960665822029114,0.8487014174461365
0.7974335551261902,0.5416150093078613,0.6358187794685364,0.7231054902076721,0.4484919607639313,0.7703511118888855
0.49504297971725464,0.006726973690092564,0.12177854031324387,0.14719688892364502,0.009736109524965286,0.0005365331307984889
0.9321448802947998,0.7149739265441895,0.7588231563568115,0.8254150748252869,0.478646844625473,0.73574298620224
0.9326861500740051,0.7540426850318909,0.6963265538215637,0.7601936459541321,0.4531867802143097,0.4596705138683319
0.9935223460197449,0.9865201115608215,0.8634402751922607,0.9537513852119446,0.6286619305610657,0.9569971561431885
0.6035597920417786,0.16952532529830933,0.07528791576623917,0.33024999499320984,0.4162643253803253,0.06552610546350479
0.5040943026542664,0.41194313764572144,0.3149276375770569,0.34289249777793884,0.2276272177696228,0.24781125783920288
0.9713746309280396,0.6874008774757385,0.7188485264778137,0.8103025555610657,0.8604917526245117,0.6929337382316589
0.9666520357131958,0.7806494832038879,0.7979597449302673,0.8118224143981934,0.5057164430618286,0.8045278787612915
0.8903979659080505,0.6274476647377014,0.5922428369522095,0.6769392490386963,0.3417273163795471,0.7109259963035583
0.8259109258651733,0.4809080958366394,0.5050129294395447,0.44117480516433716,0.24202841520309448,0.6397889852523804
0.773695170879364,0.05933983996510506,0.2875615954399109,0.1723015010356903,0.34957677125930786,0.0205755066126585
0.9404799938201904,0.9360593557357788,0.6295546889305115,0.43376055359840393,0.39232757687568665,0.033854756504297256
0.7903512716293335,0.7956182360649109,0.7224908471107483,0.7616283297538757,0.5366492867469788,0.4520725905895233
0.9717550873756409,0.8787640929222107,0.9417241215705872,0.9669818878173828,0.648926854133606,0.9709225296974182
0.6823501586914062,0.433292418718338,0.5916023254394531,0.20949779450893402,0.2621680498123169,0.1343093067407608
0.35419273376464844,0.5754052400588989,0.6030017137527466,0.6573401093482971,0.33947044610977173,0.5552927851676941
0.7148054242134094,0.4875885248184204,0.5816391706466675,0.7227717041969299,0.4517304003238678,0.6656455993652344
0.9764271974563599,0.8056045770645142,0.8568587303161621,0.9182683229446411,0.32420867681503296,0.9869763255119324
0.8807411789894104,0.6185396909713745,0.6201422810554504,0.8167495727539062,0.4167930483818054,0.5092762112617493
0.9963812828063965,0.8556508421897888,0.9106302857398987,0.9019100069999695,0.7292675375938416,0.9217579364776611
0.5609251260757446,0.546882152557373,0.1042027622461319,0.1481899470090866,0.04503165930509567,0.2637825310230255
0.8256094455718994,0.43799081444740295,0.5014994144439697,0.5041196346282959,0.25138184428215027,0.833989143371582
0.9646062254905701,0.8718411922454834,0.9756212830543518,0.9171379804611206,0.40777868032455444,0.33376485109329224
0.9177181720733643,0.7317801117897034,0.877621591091156,0.9177203178405762,0.6812450885772705,0.8345659971237183
0.9483854174613953,0.8346683382987976,0.9816451072692871,0.9477816224098206,0.018571369349956512,0.8825000524520874
0.917995035648346,0.5234599113464355,0.21569010615348816,0.6105026602745056,0.05563511326909065,0.30733469128608704
0.8897430896759033,0.6948583126068115,0.7582283020019531,0.7655841708183289,0.4418136775493622,0.9786228537559509
0.9757016897201538,0.8042652606964111,0.8286306858062744,0.8499807119369507,0.7557821869850159,0.8071812391281128
0.9941896796226501,0.9516953825950623,0.9338690638542175,0.9788154363632202,0.7496114373207092,0.972879946231842
0.9896488189697266,0.9893172383308411,0.9941563010215759,0.989784300327301,0.6983185410499573,0.9814339280128479
0.9949017763137817,0.9184908270835876,0.9392024874687195,0.940542995929718,0.5404168963432312,0.9654629230499268
0.9277576804161072,0.8408721089363098,0.7840564250946045,0.8165712356567383,0.569993257522583,0.6350429654121399
0.9709075689315796,0.5154737830162048,0.7109555006027222,0.7494228482246399,0.7109258770942688,0.397470086812973
0.7898479104042053,0.41053977608680725,0.4567616283893585,0.5081759095191956,0.5076553225517273,0.0388113297522068
0.9821975827217102,0.9235968589782715,0.8894838094711304,0.9562462568283081,0.8248712420463562,0.9377672672271729
0.9848775863647461,0.7434426546096802,0.7015056014060974,0.7063291668891907,0.3320951461791992,0.8419563174247742
0.742682695388794,0.523955762386322,0.3233783543109894,0.6065938472747803,0.8072437644004822,0.32925882935523987
0.9921080470085144,0.8918965458869934,0.9459471106529236,0.8679052591323853,0.5108867287635803,0.8391971588134766
0.895485520362854,0.9299724698066711,0.8494151830673218,0.7589939832687378,0.08162228018045425,0.3102826476097107
0.4855080842971802,0.5288431644439697,0.3074266314506531,0.2841469943523407,0.4796150028705597,0.2854999303817749
0.9839352965354919,0.948051929473877,0.9297416806221008,0.7717233896255493,0.18583275377750397,0.9672218561172485
0.9615526795387268,0.7259854674339294,0.6910399198532104,0.7907955050468445,0.443511962890625,0.572718620300293
0.9480578899383545,0.7454547882080078,0.8993192315101624,0.877480149269104,0.5666282176971436,0.749494194984436
0.960058867931366,0.8314144611358643,0.8008562922477722,0.8920097351074219,0.5169656872749329,0.8392708897590637
0.9918379783630371,0.9792838096618652,0.9389920234680176,0.8295140266418457,0.5265029668807983,0.3405941426753998
0.9508458971977234,0.7708889842033386,0.9731196761131287,0.8890060186386108,0.5901584029197693,0.9138407111167908
0.6643770337104797,0.6003633141517639,0.8615724444389343,0.622329592704773,0.4923539459705353,0.6993822455406189
0.8031893372535706,0.4384845197200775,0.7959044575691223,0.6919176578521729,0.4449964463710785,0.33707714080810547
0.3513435423374176,0.39073821902275085,0.32118892669677734,0.21999642252922058,0.24624505639076233,0.18609462678432465
0.9328079223632812,0.7604703307151794,0.8053528070449829,0.8986543416976929,0.6965175867080688,0.6273471117019653
0.9457940459251404,0.9311649203300476,0.8372166752815247,0.6389594674110413,0.5997202396392822,0.7232077717781067
0.9419825673103333,0.9506933689117432,0.9820505976676941,0.7674626708030701,0.07396280020475388,0.07408232986927032
0.9339883923530579,0.9902974367141724,0.8324819207191467,0.8227289915084839,0.28474161028862,0.965907096862793
0.9705075025558472,0.9739805459976196,0.9312233328819275,0.967112123966217,0.6815277934074402,0.9379143118858337
0.9770684242248535,0.7799459099769592,0.9539924263954163,0.9360038638114929,0.4838606119155884,0.7474381923675537
0.9263902902603149,0.6585013270378113,0.8506625890731812,0.6949335932731628,0.7305412292480469,0.7602829933166504
0.9923714399337769,0.7523517608642578,0.9368864297866821,0.9948452711105347,0.7140279412269592,0.9124329090118408
0.8589214086532593,0.5795975923538208,0.6366632580757141,0.637118399143219,0.5340945720672607,0.561334490776062
0.790871798992157,0.2863202691078186,0.15523068606853485,0.37478721141815186,0.0769621953368187,0.21018768846988678
0.40801987051963806,0.17101027071475983,0.20543064177036285,0.2778894305229187,0.1394033133983612,0.28923124074935913
0.8531075716018677,0.47761037945747375,0.6908771395683289,0.3947426676750183,0.3337569236755371,0.2646956145763397
0.9214562773704529,0.8835870623588562,0.8892285823822021,0.9416602849960327,0.7359814047813416,0.8838197588920593
0.9705811738967896,0.6841548085212708,0.2844507396221161,0.5353521108627319,0.1481538712978363,0.7600110173225403
0.8868736028671265,0.7372046709060669,0.7732821106910706,0.8841312527656555,0.8079544901847839,0.8212441205978394
0.8324447870254517,0.6543416380882263,0.5885566473007202,0.7488521933555603,0.2706676125526428,0.38627326488494873
0.9928264617919922,0.9279798269271851,0.9137383103370667,0.9439622163772583,0.6957132816314697,0.8449415564537048
0.9134065508842468,0.5854681134223938,0.6731307506561279,0.8346588015556335,0.40110093355178833,0.9005412459373474
0.7355043292045593,0.30775320529937744,0.343841016292572,0.5566607117652893,0.20416514575481415,0.5056968927383423
0.9503957629203796,0.8718271851539612,0.901207447052002,0.8898205161094666,0.586002767086029,0.8473936915397644
0.34720858931541443,0.2284035086631775,0.17648237943649292,0.1465383917093277,0.3289221227169037,0.22390803694725037
0.8116113543510437,0.7219110727310181,0.27458280324935913,0.5451844334602356,0.16282205283641815,0.7746726274490356
0.9847560524940491,0.9788065552711487,0.9443828463554382,0.8928492069244385,0.9484736919403076,0.8780829906463623
0.9282848238945007,0.8041267395019531,0.6266281008720398,0.7382535338401794,0.3455115258693695,0.9183130860328674
0.5497397184371948,0.4034031629562378,0.4253104031085968,0.49825751781463623,0.2562810480594635,0.5540202260017395
0.8774843811988831,0.7482265830039978,0.5492364764213562,0.49689409136772156,0.2646140158176422,0.19811199605464935
0.9825893044471741,0.8671825528144836,0.9505414962768555,0.9643669128417969,0.8764299750328064,0.9169458746910095
0.8425596356391907,0.5313024520874023,0.20755422115325928,0.3488294184207916,0.23187491297721863,0.35151809453964233
0.8921874761581421,0.8117795586585999,0.5226200222969055,0.624995231628418,0.18831168115139008,0.32194340229034424
0.6482974886894226,0.2943092882633209,0.13751885294914246,0.5145450234413147,0.2110840082168579,0.7303316593170166
0.7221125364303589,0.49576112627983093,0.4068596065044403,0.700537383556366,0.16863267123699188,0.6971747875213623
0.8827763795852661,0.804110586643219,0.9436980485916138,0.8969879150390625,0.6944652795791626,0.5787830948829651
0.587374746799469,0.33916786313056946,0.19049258530139923,0.30644574761390686,0.21108199656009674,0.1309441179037094
0.8750112652778625,0.4862842559814453,0.6129651069641113,0.8349229693412781,0.6607262492179871,0.31103309988975525
0.9939388036727905,0.7868672013282776,0.679397463798523,0.8870499134063721,0.15745459496974945,0.8279547691345215
0.9680136442184448,0.5378669500350952,0.7076185345649719,0.589797854423523,0.5929394364356995,0.1873549073934555
0.939224898815155,0.6994588375091553,0.6330514550209045,0.39840906858444214,0.2145407795906067,0.7896575331687927
0.9875590801239014,0.9699519872665405,0.9473029971122742,0.9817911982536316,0.8450058102607727,0.9195989370346069
0.9585816264152527,0.8145195841789246,0.8482963442802429,0.850114107131958,0.5909709930419922,0.7447133660316467
0.957970917224884,0.9365304112434387,0.9987106323242188,0.8607186675071716,0.10949744284152985,0.021480858325958252
0.9215409159660339,0.6156716346740723,0.6548082828521729,0.573273777961731,0.6528347134590149,0.43682363629341125
0.9880783557891846,0.8914567232131958,0.9772917628288269,0.9789115190505981,0.8997644186019897,0.9516661167144775
0.9863917827606201,0.4836493134498596,0.7003633379936218,0.6245794296264648,0.4516202509403229,0.6979017853736877
0.3711598217487335,0.08082825690507889,0.1281057447195053,0.44254013895988464,0.009713291190564632,0.10064255446195602
0.8835906386375427,0.5650134682655334,0.7900430560112,0.591222882270813,0.6111719608306885,0.6464210152626038
0.4687163531780243,0.22877700626850128,0.3520924746990204,0.45469316840171814,0.1997499167919159,0.31227895617485046
0.9920624494552612,0.9942445158958435,0.9813427329063416,0.9573259949684143,0.9249426126480103,0.9703319072723389
0.6374979019165039,0.20888473093509674,0.2639608681201935,0.4706311821937561,0.5868462920188904,0.9088557362556458
0.7667057514190674,0.6970266699790955,0.2700226306915283,0.5394637584686279,0.3211955428123474,0.8267998099327087
0.986142635345459,0.949164092540741,0.9548555016517639,0.9153722524642944,0.7528412342071533,0.6758729815483093
0.9282848238945007,0.8041267395019531,0.6266281008720398,0.7382535338401794,0.3455115258693695,0.9183130860328674
0.9897607564926147,0.9498900771141052,0.8624256253242493,0.9225041270256042,0.1720493733882904,0.4156551659107208
0.9281536340713501,0.8247364163398743,0.8114572167396545,0.9031873345375061,0.6390740275382996,0.7051348090171814
0.9871644377708435,0.9228746294975281,0.9697601795196533,0.9805028438568115,0.7278230786323547,0.9472470283508301
0.9282848238945007,0.8041267395019531,0.6266281008720398,0.7382535338401794,0.3455115258693695,0.9183130860328674
0.864459216594696,0.5140889286994934,0.42157819867134094,0.41058874130249023,0.4767179489135742,0.1973893940448761
0.3608575761318207,0.23252789676189423,0.28523412346839905,0.30231112241744995,0.18313170969486237,0.08732311427593231
0.850960910320282,0.755442202091217,0.2081383764743805,0.061204761266708374,0.033128414303064346,0.015381825156509876
0.540814995765686,0.37739381194114685,0.26400965452194214,0.3701263666152954,0.27899160981178284,0.905259907245636
0.94179767370224,0.7933891415596008,0.80951327085495,0.9058167934417725,0.3257279396057129,0.23237690329551697
0.8023385405540466,0.5443206429481506,0.45790210366249084,0.6822765469551086,0.3610273003578186,0.651827871799469
0.7839288711547852,0.58095782995224,0.8183291554450989,0.8219549059867859,0.5038711428642273,0.2747980058193207
0.2634924650192261,0.11073356866836548,0.06199609860777855,0.07937261462211609,0.0013247444294393063,0.016187308356165886
0.8364743590354919,0.34989118576049805,0.28125154972076416,0.6178317666053772,0.24224263429641724,0.23400981724262238
0.929485559463501,0.9068718552589417,0.6127527356147766,0.648878276348114,0.1756552755832672,0.2713334858417511
0.47024035453796387,0.18360888957977295,0.1028151884675026,0.16915340721607208,0.4264766573905945,0.5249395966529846
0.44597044587135315,0.11657510697841644,0.4060894548892975,0.6567807793617249,0.3991262912750244,0.0945504903793335
0.9602677226066589,0.9130913615226746,0.9466829895973206,0.811044454574585,0.4169365465641022,0.029531283304095268
0.9957938194274902,0.6556441783905029,0.836860179901123,0.9637811183929443,0.6242474317550659,0.9333044290542603
0.9302939176559448,0.7693654894828796,0.5944914221763611,0.7872130870819092,0.47960665822029114,0.8487014174461365
0.9965552687644958,0.951566755771637,0.9682686924934387,0.7890402674674988,0.21815311908721924,0.871081531047821
0.06105097755789757,0.33778834342956543,0.8002713918685913,0.876011073589325,0.9888399839401245,0.5118789076805115
0.9564250707626343,0.8445592522621155,0.8646566271781921,0.9532444477081299,0.5038085579872131,0.9210309386253357
0.3062577545642853,0.5403222441673279,0.5981172919273376,0.7114018201828003,0.38094186782836914,0.8535223007202148
0.6199507117271423,0.6889449954032898,0.9970748424530029,0.7641628384590149,0.1844436675310135,0.368367075920105
0.7756916284561157,0.7703208923339844,0.7603527903556824,0.8339023590087891,0.4794698655605316,0.7955504655838013
0.9132392406463623,0.7909778952598572,0.7931063175201416,0.7400358319282532,0.8575085401535034,0.612494945526123
0.937038004398346,0.43179285526275635,0.821825385093689,0.8459460139274597,0.32196515798568726,0.4266555905342102
0.9855912923812866,0.9168018698692322,0.9679083228111267,0.9257199764251709,0.7744878530502319,0.9364078044891357
0.9302939176559448,0.7693654894828796,0.5944914221763611,0.7872130870819092,0.47960665822029114,0.8487014174461365
0.6019724607467651,0.500255286693573,0.6391772031784058,0.5284281969070435,0.554933488368988,0.2924864590167999
0.6842173337936401,0.42880070209503174,0.1570446789264679,0.13897192478179932,0.0479278601706028,0.23601557314395905
0.883303701877594,0.8088087439537048,0.7167670726776123,0.4257451593875885,0.22504837810993195,0.44296014308929443
0.9019195437431335,0.7540903091430664,0.45699137449264526,0.42704081535339355,0.050213344395160675,0.4348757863044739
0.17798426747322083,0.3351943790912628,0.6386023759841919,0.9187621474266052,0.8987073302268982,0.5169909000396729
0.9354198575019836,0.6870793104171753,0.7708768844604492,0.821238100528717,0.6392428278923035,0.8398450613021851
0.8725218772888184,0.2456466555595398,0.5553034543991089,0.942727267742157,0.04975440725684166,0.09357846528291702
0.9663175940513611,0.8119531869888306,0.9390208721160889,0.9261970520019531,0.764765202999115,0.9388619661331177
0.9656354784965515,0.9580663442611694,0.9756801128387451,0.9551249146461487,0.7796059250831604,0.8989832401275635
0.8005781769752502,0.4230843186378479,0.23672990500926971,0.4418017864227295,0.3530479967594147,0.16892193257808685
0.3787137269973755,0.46289166808128357,0.4811435341835022,0.1580381840467453,0.020316066220402718,0.03186096251010895
0.8539736270904541,0.5467014908790588,0.2075745314359665,0.19188043475151062,0.4667198061943054,0.33111777901649475
0.9126502871513367,0.9414795637130737,0.9157785773277283,0.7300512790679932,0.386279821395874,0.7289851903915405
0.7107058763504028,0.6372194290161133,0.8191479444503784,0.6502559185028076,0.028122803196310997,0.5519112944602966
0.8458136916160583,0.3871150314807892,0.5472882986068726,0.6615580320358276,0.24748827517032623,0.6009199023246765
0.0032235460821539164,0.010172247886657715,0.046674009412527084,0.06227559968829155,0.06921679526567459,0.12299155443906784
0.9607023596763611,0.8000428676605225,0.8428158760070801,0.85643470287323,0.32705944776535034,0.7656069993972778
0.765129566192627,0.6031171083450317,0.6532389521598816,0.7156279683113098,0.28854331374168396,0.5309045910835266
0.5542302131652832,0.8324754238128662,0.1856139749288559,0.22161634266376495,0.05427039414644241,0.14800626039505005
0.9871749877929688,0.7967531085014343,0.7903992533683777,0.9063417315483093,0.7044652104377747,0.8235804438591003
0.5164783000946045,0.5389639139175415,0.5144633650779724,0.6117965579032898,0.3229847848415375,0.29783767461776733
0.9348152875900269,0.8520111441612244,0.6570082902908325,0.8215301632881165,0.7791986465454102,0.8362290859222412
0.7942768335342407,0.9132469296455383,0.7546736598014832,0.42470285296440125,0.28893157839775085,0.29272234439849854
0.940201461315155,0.40344908833503723,0.9398713707923889,0.9608454704284668,0.40142422914505005,0.847058117389679
0.9374657869338989,0.6695637702941895,0.6510871052742004,0.5542318820953369,0.49824580550193787,0.6394757628440857
0.7185339331626892,0.5518669486045837,0.35157647728919983,0.44665467739105225,0.15464632213115692,0.1940215528011322
0.6519522666931152,0.49508389830589294,0.3197252154350281,0.3179188668727875,0.09995091706514359,0.08773226290941238
0.38496458530426025,0.21185897290706635,0.14880259335041046,0.3193134069442749,0.17672549188137054,0.14743159711360931
0.9873639345169067,0.9672499895095825,0.9877948760986328,0.95124751329422,0.9406256675720215,0.9534444808959961
0.7919999957084656,0.744573712348938,0.622534453868866,0.7485561966896057,0.5777049660682678,0.8566808104515076
0.9922438263893127,0.9699018001556396,0.9823452234268188,0.93218994140625,0.6051075458526611,0.707101583480835
0.8944194316864014,0.6092404127120972,0.757251501083374,0.6767475605010986,0.24828685820102692,0.5132421851158142
0.8595502376556396,0.8331266641616821,0.2120775729417801,0.6110128164291382,0.15862178802490234,0.914436399936676
0.92584228515625,0.7076718807220459,0.699216902256012,0.7888038754463196,0.1280488818883896,0.9762881398200989
0.9483658075332642,0.6481072902679443,0.7690914869308472,0.5117547512054443,0.6204569339752197,0.4188776910305023
0.9977725744247437,0.9718785881996155,0.9887587428092957,0.9898464679718018,0.9562146067619324,0.982746958732605
0.8741282820701599,0.349173903465271,0.4302853047847748,0.45150378346443176,0.36495456099510193,0.5492584109306335
0.9846462607383728,0.9339612126350403,0.5863329768180847,0.7709044218063354,0.33558350801467896,0.42916247248649597
0.957553505897522,0.6905588507652283,0.6497268676757812,0.9012792110443115,0.7167617082595825,0.7517967820167542
0.6616833209991455,0.5747936964035034,0.39849215745925903,0.20772485435009003,0.32809582352638245,0.0828230008482933
0.8953889608383179,0.8103852272033691,0.1935943365097046,0.6984534859657288,0.16407155990600586,0.9417954683303833
0.9361363649368286,0.6370933055877686,0.6606264710426331,0.35161349177360535,0.3277773857116699,0.15604792535305023
0.9496446251869202,0.6698713898658752,0.7514820694923401,0.9024779200553894,0.4563294053077698,0.8212417364120483
0.9839757084846497,0.9538973569869995,0.7265114188194275,0.6599392294883728,0.5634015798568726,0.9549448490142822
0.814841628074646,0.7505634427070618,0.3699783682823181,0.7233327627182007,0.20902343094348907,0.9504612684249878
0.9504058957099915,0.6495108008384705,0.617701530456543,0.6978356242179871,0.6497273445129395,0.44528064131736755
0.9282848238945007,0.8041267395019531,0.6266281008720398,0.7382535338401794,0.3455115258693695,0.9183130860328674
0.9699790477752686,0.9280931353569031,0.8185363411903381,0.7894653081893921,0.5817210078239441,0.8431566953659058
0.9968860745429993,0.9016801118850708,0.9573038816452026,0.9846934080123901,0.7933533787727356,0.9468702077865601
0.9465906023979187,0.8868408799171448,0.9401388168334961,0.8701996803283691,0.6568458676338196,0.8465642333030701
0.8848058581352234,0.8520584106445312,0.8633151054382324,0.9373196363449097,0.49949783086776733,0.7166727781295776
0.9503648281097412,0.6975444555282593,0.37480705976486206,0.41979700326919556,0.26004382967948914,0.18919624388217926
0.9440187811851501,0.7872282862663269,0.9415825009346008,0.9752424955368042,0.7677937746047974,0.4948778450489044
0.8729923963546753,0.6965723037719727,0.5210721492767334,0.7980970144271851,0.5841498970985413,0.5802870988845825
0.5696443915367126,0.391096293926239,0.25219476222991943,0.39488714933395386,0.2575370967388153,0.2240021526813507
0.9152766466140747,0.5943331122398376,0.637758731842041,0.6988348364830017,0.38256165385246277,0.8109288215637207
0.970354437828064,0.8918801546096802,0.9174210429191589,0.5288423895835876,0.3648778796195984,0.3719591498374939
0.9894786477088928,0.7819966673851013,0.7048506736755371,0.8343047499656677,0.7662240266799927,0.9530008435249329
0.7508613467216492,0.7259178757667542,0.3951624631881714,0.29631268978118896,0.748879075050354,0.011398914270102978
0.9749611020088196,0.9099945425987244,0.9686105251312256,0.6950416564941406,0.14979566633701324,0.9928776025772095
0.9778254628181458,0.7201566696166992,0.8193167448043823,0.9445931315422058,0.5578063130378723,0.9578903913497925
0.7617906332015991,0.5784197449684143,0.6291560530662537,0.7916741967201233,0.6379013061523438,0.6276724338531494
0.7633129954338074,0.6564378142356873,0.43518975377082825,0.8432863354682922,0.48028701543807983,0.5565590262413025
0.9861101508140564,0.7378711104393005,0.9477737545967102,0.970416247844696,0.6342670321464539,0.9990133047103882
0.9751012325286865,0.9963262677192688,0.8868741393089294,0.9648033380508423,0.8317746520042419,0.860132098197937
0.9652724266052246,0.7587639689445496,0.6453309059143066,0.9006252884864807,0.7962287664413452,0.7624425292015076
0.8951348662376404,0.7082266211509705,0.7162470817565918,0.7447146773338318,0.33117833733558655,0.7187515497207642
0.9672607183456421,0.8897780776023865,0.7286156415939331,0.7916809916496277,0.6694396138191223,0.8474958539009094
0.9499159455299377,0.9116352796554565,0.9010887145996094,0.6753025054931641,0.8161141276359558,0.4427421987056732
0.9936342239379883,0.7058867812156677,0.748734176158905,0.7629788517951965,0.2860528528690338,0.733103334903717
0.7886396050453186,0.529583215713501,0.5556210875511169,0.6798945069313049,0.5107800960540771,0.6727078557014465
0.6004457473754883,0.60271155834198,0.7011736035346985,0.6788783669471741,0.5908421874046326,0.48692750930786133
0.9812644124031067,0.887872576713562,0.5400658249855042,0.3912260830402374,0.5246227979660034,0.035662904381752014
0.9378228187561035,0.7973535656929016,0.7145662903785706,0.6224714517593384,0.24964900314807892,0.3175778090953827
0.8233522176742554,0.5936167240142822,0.9635792374610901,0.6899515390396118,0.7517810463905334,0.511420726776123
0.9795623421669006,0.8425869345664978,0.7155418395996094,0.8335524201393127,0.6470118165016174,0.7563595771789551
0.8176814317703247,0.7197433710098267,0.4300519824028015,0.5605238080024719,0.24572114646434784,0.9005250334739685
0.985385537147522,0.717602550983429,0.9495078325271606,0.9403238892555237,0.6153523921966553,0.9006946682929993
0.996181845664978,0.8943820595741272,0.9145218133926392,0.9629566073417664,0.7805085182189941,0.9534790515899658
0.8739354610443115,0.7627500891685486,0.7406711578369141,0.7681363821029663,0.8064512014389038,0.598588228225708
0.6215936541557312,0.41054075956344604,0.2364722341299057,0.20863576233386993,0.19004292786121368,0.16048839688301086
0.9870911836624146,0.9135956764221191,0.8885970115661621,0.976177453994751,0.7337080240249634,0.8926392793655396
0.97838294506073,0.9046065807342529,0.8695810437202454,0.9660036563873291,0.15533772110939026,0.988441526889801
0.9958041310310364,0.8490519523620605,0.7755207419395447,0.9236161708831787,0.4460429549217224,0.7400029301643372
0.7930194735527039,0.4801406264305115,0.44943052530288696,0.4375772178173065,0.2438109666109085,0.1592007428407669
0.9474722146987915,0.7135874032974243,0.6623290777206421,0.8787351846694946,0.39089035987854004,0.7353934049606323
0.9729395508766174,0.8633301258087158,0.760989248752594,0.7872276306152344,0.5428839325904846,0.713108241558075
0.8023385405540466,0.5443206429481506,0.45790210366249084,0.6822765469551086,0.3610273003578186,0.651827871799469
0.9854210019111633,0.8432343602180481,0.8263340592384338,0.8417170643806458,0.8406910300254822,0.6990388631820679
0.9768942594528198,0.8927742838859558,0.99547278881073,0.7874477505683899,0.7089380621910095,0.5106437802314758
0.9008898138999939,0.714572548866272,0.8475521206855774,0.9313300251960754,0.19042488932609558,0.8148322701454163
0.9452687501907349,0.8459039330482483,0.6421815156936646,0.5898654460906982,0.16824042797088623,0.43045058846473694
0.26824766397476196,0.30802103877067566,0.21202607452869415,0.28444257378578186,0.2379467934370041,0.3576393723487854
0.939935028553009,0.6878345608711243,0.692123293876648,0.7616834044456482,0.42262667417526245,0.6559599041938782
0.9600263237953186,0.7491227984428406,0.6823245286941528,0.7497754096984863,0.761958658695221,0.7830380797386169
0.8646512627601624,0.5200982689857483,0.503408670425415,0.6887000799179077,0.3782673478126526,0.5568846464157104
0.5635298490524292,0.4160464107990265,0.35724058747291565,0.6562596559524536,0.9668571352958679,0.0409436859190464
0.9775745868682861,0.896679162979126,0.9226109385490417,0.9153795838356018,0.39347192645072937,0.7690374255180359
0.9620819091796875,0.7877310514450073,0.8883365988731384,0.911723256111145,0.6337704062461853,0.9349733591079712
0.9793070554733276,0.8542869687080383,0.720181941986084,0.7784034609794617,0.523910641670227,0.8665764927864075
0.7862566709518433,0.5262141823768616,0.2761398255825043,0.5587087869644165,0.8002989292144775,0.43641409277915955
0.6199408173561096,0.4888942241668701,0.2866681218147278,0.5463481545448303,0.3823176324367523,0.14303089678287506
0.9282848238945007,0.8041267395019531,0.6266281008720398,0.7382535338401794,0.3455115258693695,0.9183130860328674
0.9679505228996277,0.7894091606140137,0.8748868703842163,0.9374924302101135,0.5756022930145264,0.9349049925804138
0.9588013291358948,0.4119584858417511,0.8271564245223999,0.9483468532562256,0.21232306957244873,0.1574198603630066
0.9892023801803589,0.9280555248260498,0.9654779434204102,0.9700405597686768,0.9338471293449402,0.9519572854042053
0.9419135451316833,0.5851159691810608,0.7490614652633667,0.7309401035308838,0.5716875791549683,0.7285678386688232
0.789825975894928,0.9351621866226196,0.7072181105613708,0.5858637094497681,0.6923729777336121,0.6663458943367004
0.8313370943069458,0.5465223789215088,0.9580318927764893,0.9538955092430115,0.5959750413894653,0.9292670488357544
0.8228298425674438,0.818060040473938,0.996477484703064,0.799071192741394,0.3295339345932007,0.4072408378124237
0.9797532558441162,0.9221888780593872,0.9394895434379578,0.9229749441146851,0.845444917678833,0.8354835510253906
0.9909993410110474,0.9475381374359131,0.9299734234809875,0.9461822509765625,0.6820096373558044,0.8408909440040588
0.9406771063804626,0.9417272806167603,0.9508861899375916,0.7890382409095764,0.5576120018959045,0.4999499022960663
0.9876288175582886,0.7459821701049805,0.9456354975700378,0.982076108455658,0.6682930588722229,0.9062360525131226
0.983559787273407,0.7834880352020264,0.8761904835700989,0.8754999041557312,0.6609300971031189,0.8863652348518372
0.8535988330841064,0.7143001556396484,0.29997411370277405,0.49630051851272583,0.3785301148891449,0.7796367406845093
0.9714904427528381,0.9833182692527771,0.9422930479049683,0.6151044368743896,0.22198402881622314,0.5364643335342407
0.6518518328666687,0.40566155314445496,0.2778279185295105,0.26200103759765625,0.1361815631389618,0.3139681816101074
0.956882655620575,0.7981829643249512,0.7905421853065491,0.9171084761619568,0.6518296599388123,0.7035539746284485
0.9673241376876831,0.7917860150337219,0.6890488266944885,0.9066371321678162,0.6477265357971191,0.8698217868804932
0.9657008051872253,0.9596457481384277,0.8013889193534851,0.8117532730102539,0.23775029182434082,0.5872949361801147
0.9488608837127686,0.934558093547821,0.8805144429206848,0.7982352375984192,0.8057795166969299,0.6918259263038635
0.4132480025291443,0.41998064517974854,0.4467361271381378,0.5577503442764282,0.754814863204956,0.6882104873657227
0.9932401776313782,0.910855770111084,0.9952704310417175,0.9729278683662415,0.584561824798584,0.9617593288421631
0.6573856472969055,0.6215200424194336,0.5577293634414673,0.6071780920028687,0.30344274640083313,0.09546584635972977
0.10721291601657867,0.020617203786969185,0.0068959929049015045,0.020930634811520576,0.09683327376842499,0.0007722490699961782
0.9603163599967957,0.9334298372268677,0.8127976059913635,0.6517022848129272,0.2323232889175415,0.8971603512763977
0.8997637629508972,0.7465173006057739,0.6615731716156006,0.8688927292823792,0.30725568532943726,0.509411096572876
0.9784888625144958,0.8633678555488586,0.9688572287559509,0.8540511727333069,0.5641024112701416,0.9805899858474731
0.9609395265579224,0.5209848880767822,0.7071895003318787,0.9580792188644409,0.4350798428058624,0.8842809200286865
0.7404107451438904,0.9306278824806213,0.5409212708473206,0.4544958472251892,0.05010049790143967,0.07594166696071625
0.9980323314666748,0.6258575916290283,0.902928352355957,0.8524321913719177,0.35772594809532166,0.8618744611740112
0.6980651617050171,0.6995952725410461,0.2761189937591553,0.5389083027839661,0.22038181126117706,0.719508945941925
0.9947317838668823,0.9715163707733154,0.9098935127258301,0.9678347110748291,0.5851187109947205,0.9778633713722229
0.8753675818443298,0.6951987147331238,0.5148351788520813,0.5379086136817932,0.5189868807792664,0.9778006672859192
0.8512930274009705,0.6242139339447021,0.8071544170379639,0.7962601780891418,0.4843876361846924,0.6603215336799622
0.9238835573196411,0.48557573556900024,0.2753145098686218,0.5227670669555664,0.10218082368373871,0.9655663967132568
0.8648136258125305,0.9129887819290161,0.8460525274276733,0.7842431664466858,0.26674017310142517,0.2918313145637512
0.9406567215919495,0.8181318044662476,0.9905217289924622,0.7035866975784302,0.15824367105960846,0.5536170601844788
0.9282848238945007,0.8041267395019531,0.6266281008720398,0.7382535338401794,0.3455115258693695,0.9183130860328674
0.6637332439422607,0.5613563060760498,0.664261519908905,0.6277588605880737,0.3778669536113739,0.4570073187351227
0.9885189533233643,0.8351216912269592,0.8175796866416931,0.8566832542419434,0.29559892416000366,0.8672567009925842
0.514622688293457,0.5244642496109009,0.21165116131305695,0.2546537518501282,0.5122825503349304,0.047284968197345734
0.9983135461807251,0.9876351356506348,0.9719423055648804,0.9947147965431213,0.9168587923049927,0.9954596161842346
0.9902846813201904,0.4429270029067993,0.4928797483444214,0.6922207474708557,0.2593485414981842,0.6416628360748291
0.8028891086578369,0.3473653495311737,0.3396480083465576,0.46044597029685974,0.52730792760849,0.20292451977729797
0.7755621671676636,0.8617612719535828,0.6760337352752686,0.9518721103668213,0.15843334794044495,0.8036397099494934
0.9954713582992554,0.8255075216293335,0.8889374732971191,0.5386951565742493,0.09901174157857895,0.6261543035507202
0.9971893429756165,0.8874977827072144,0.9617578387260437,0.969649076461792,0.6301975250244141,0.9293397665023804
0.9657414555549622,0.8046650290489197,0.7174244523048401,0.7489540576934814,0.3664334714412689,0.5539531707763672
0.9894453287124634,0.855873167514801,0.9306705594062805,0.9443075060844421,0.5652467012405396,0.8895576000213623
0.988352358341217,0.8295049667358398,0.7865855693817139,0.9448814988136292,0.765124499797821,0.7953967452049255
0.975543200969696,0.7975476384162903,0.859434962272644,0.8794107437133789,0.5626499056816101,0.864241898059845
0.8566365242004395,0.3970443904399872,0.6575894355773926,0.6751899123191833,0.4614235758781433,0.42583101987838745
0.9610303640365601,0.795853316783905,0.9148151874542236,0.95924973487854,0.7073787450790405,0.8934898376464844
0.9072965383529663,0.8113207221031189,0.7821574211120605,0.8294249176979065,0.5558353066444397,0.9936755895614624
0.8633421063423157,0.8467456698417664,0.7232882380485535,0.8372142910957336,0.7161274552345276,0.1383369266986847
0.8906020522117615,0.7060573101043701,0.7530790567398071,0.5299850702285767,0.2323474884033203,0.6058984994888306
0.8350673317909241,0.8711472153663635,0.49051907658576965,0.46620815992355347,0.29219701886177063,0.02695002406835556
0.9720499515533447,0.710253119468689,0.5819679498672485,0.6217315196990967,0.1447673738002777,0.3700439929962158
0.9902829527854919,0.8601133227348328,0.9531349539756775,0.7529613971710205,0.47628098726272583,0.5442942380905151
0.8023385405540466,0.5443206429481506,0.45790210366249084,0.6822765469551086,0.3610273003578186,0.651827871799469
0.8988379240036011,0.7745157480239868,0.3222849369049072,0.6523972749710083,0.1933317482471466,0.9154219031333923
0.9079996943473816,0.8209104537963867,0.7889447808265686,0.8922613263130188,0.4958968460559845,0.5939475297927856
0.9975844621658325,0.7404599189758301,0.8198955059051514,0.9177253246307373,0.3678692877292633,0.9702160358428955
0.8023385405540466,0.5443206429481506,0.45790210366249084,0.6822765469551086,0.3610273003578186,0.651827871799469
0.9624017477035522,0.8863449692726135,0.9974528551101685,0.9615943431854248,0.08589725196361542,0.7371939420700073
0.9513500928878784,0.819137692451477,0.9031960368156433,0.9163538217544556,0.7629197239875793,0.6047967672348022
0.8340588212013245,0.8135096430778503,0.4452926218509674,0.31341972947120667,0.505320131778717,0.15540103614330292
0.9594113230705261,0.7357860207557678,0.7773822546005249,0.8080670237541199,0.4938984513282776,0.8242488503456116
0.9770488739013672,0.7761789560317993,0.8677395582199097,0.927912712097168,0.5968548655509949,0.8815775513648987
0.8814389705657959,0.662849485874176,0.6243643164634705,0.5726281404495239,0.26326730847358704,0.665046215057373
0.555794894695282,0.36508408188819885,0.3774598240852356,0.5540710687637329,0.2526397705078125,0.6503876447677612
0.9528093338012695,0.7648907899856567,0.46881595253944397,0.25273147225379944,0.2975025773048401,0.2929588854312897
0.9393318891525269,0.5860564708709717,0.8305650353431702,0.9188579320907593,0.5052622556686401,0.905695378780365
0.9827404618263245,0.7956868410110474,0.9672709107398987,0.9942017197608948,0.5472591519355774,0.9947044253349304
0.8997989296913147,0.7357665300369263,0.5771857500076294,0.7230129241943359,0.7863360643386841,0.973341166973114
0.971766471862793,0.5510762333869934,0.9372656941413879,0.7170620560646057,0.26877865195274353,0.8310832381248474
0.9587016701698303,0.8797739744186401,0.677936851978302,0.6659013628959656,0.8678877353668213,0.23420405387878418
0.8164768218994141,0.744536280632019,0.5136592388153076,0.5319539904594421,0.25465160608291626,0.35715073347091675
0.6310681104660034,0.5971338152885437,0.4983917772769928,0.09369758516550064,0.04851077124476433,0.01367905829101801
0.9573448896408081,0.8608087301254272,0.8310955166816711,0.9095097184181213,0.7439652681350708,0.8402020335197449
0.9410454034805298,0.8805277347564697,0.8583046197891235,0.8179731965065002,0.6023613810539246,0.7337732315063477
0.9456706643104553,0.32254818081855774,0.287975937128067,0.3711395263671875,0.18700945377349854,0.23481321334838867
0.9428475499153137,0.6894750595092773,0.7421900629997253,0.7795775532722473,0.47708508372306824,0.7591222524642944
0.9223700761795044,0.8590902090072632,0.7219223380088806,0.8812915086746216,0.7130151391029358,0.7836627960205078
0.7877457141876221,0.7588046789169312,0.7056865096092224,0.6361243724822998,0.6239976286888123,0.694815993309021
0.9794377088546753,0.9848511219024658,0.8222344517707825,0.9036940336227417,0.5721431970596313,0.8390424847602844
0.9282848238945007,0.8041267395019531,0.6266281008720398,0.7382535338401794,0.3455115258693695,0.9183130860328674
0.9323453903198242,0.8195090889930725,0.8719155192375183,0.9076047539710999,0.42007729411125183,0.9929812550544739
0.966172993183136,0.7862575054168701,0.7969747185707092,0.8188673257827759,0.7714827656745911,0.8534687161445618
0.9925377368927002,0.9251493811607361,0.9934419393539429,0.9454624056816101,0.865136981010437,0.9361582398414612
0.7910442352294922,0.779441773891449,0.2746495008468628,0.6651591658592224,0.176858052611351,0.8995053172111511
0.9527773261070251,0.7891234755516052,0.7826246619224548,0.8982350826263428,0.7598980069160461,0.8253586888313293
0.8646146655082703,0.4033317565917969,0.4914417564868927,0.45649924874305725,0.2324366420507431,0.3879702091217041
0.9780546426773071,0.92608243227005,0.9528605341911316,0.9083307981491089,0.7735267877578735,0.9114128351211548
0.9302939176559448,0.7693654894828796,0.5944914221763611,0.7872130870819092,0.47960665822029114,0.8487014174461365
0.9509726166725159,0.8209420442581177,0.6449564099311829,0.6634643077850342,0.7209221124649048,0.62339848279953
0.6642834544181824,0.39039427042007446,0.3229876756668091,0.6278566718101501,0.26469793915748596,0.4228556752204895
0.9788735508918762,0.8415303230285645,0.8698318600654602,0.9632999897003174,0.45766597986221313,0.6906518936157227
0.8115946650505066,0.5466703176498413,0.5777832865715027,0.4366047978401184,0.24826857447624207,0.6994309425354004
0.8926535248756409,0.7629857659339905,0.23870094120502472,0.6791706085205078,0.16580653190612793,0.9468485116958618
0.9529712200164795,0.701891303062439,0.7695710062980652,0.8566181063652039,0.5404133200645447,0.7567899823188782
0.7907992601394653,0.5446507930755615,0.5626428723335266,0.6985885500907898,0.7242339253425598,0.3997237980365753
0.16061432659626007,0.22430011630058289,0.3302130699157715,0.22833311557769775,0.4287179112434387,0.005433882586658001
0.6230828762054443,0.14365938305854797,0.24233552813529968,0.3898155689239502,0.06640713661909103,0.1363678127527237
0.848189651966095,0.7136655449867249,0.7689772248268127,0.8574264645576477,0.45953699946403503,0.8050251007080078
0.9439375996589661,0.7736177444458008,0.8216334581375122,0.5656995177268982,0.3528059720993042,0.4838867485523224
0.9968417882919312,0.7407429814338684,0.9427130818367004,0.8664214611053467,0.6478991508483887,0.7375332117080688
0.620420515537262,0.5024778246879578,0.6257667541503906,0.7737137675285339,0.7083621621131897,0.19511453807353973
0.939311146736145,0.9411973357200623,0.7251629829406738,0.8120808601379395,0.636125385761261,0.618995726108551
0.40107712149620056,0.2845669686794281,0.7821506857872009,0.38580870628356934,0.7162328362464905,0.5060413479804993
0.9754534363746643,0.5839450359344482,0.6139068603515625,0.5493761897087097,0.255626380443573,0.7225778102874756
0.5364773869514465,0.6020606756210327,0.23008576035499573,0.19509190320968628,0.07648414373397827,0.011743873357772827
0.8023385405540466,0.5443206429481506,0.45790210366249084,0.6822765469551086,0.3610273003578186,0.651827871799469
0.9921323657035828,0.8259415030479431,0.9812919497489929,0.9763509035110474,0.8563504815101624,0.9370970129966736
0.9873368740081787,0.7700594663619995,0.8996163010597229,0.9637641310691833,0.22063258290290833,0.45617562532424927
0.8059167265892029,0.5349843502044678,0.4704323410987854,0.5859485864639282,0.34048333764076233,0.6950799822807312
0.44575411081314087,0.4424152672290802,0.1908177137374878,0.029761070385575294,0.21670426428318024,0.00030040243291296065
0.8023385405540466,0.5443206429481506,0.45790210366249084,0.6822765469551086,0.3610273003578186,0.651827871799469
0.9302939176559448,0.7693654894828796,0.5944914221763611,0.7872130870819092,0.47960665822029114,0.8487014174461365
0.5923355221748352,0.5273484587669373,0.6672644019126892,0.6742767095565796,0.5146751999855042,0.5282220840454102
0.9712259769439697,0.7466520071029663,0.9041210412979126,0.9140477776527405,0.6217662692070007,0.9469250440597534
0.9542193412780762,0.48164036870002747,0.49176567792892456,0.45550379157066345,0.24507373571395874,0.302674800157547
0.9943201541900635,0.9913750886917114,0.9700806140899658,0.9713284373283386,0.8562619090080261,0.9740472435951233
0.5542302131652832,0.8324754238128662,0.1856139749288559,0.22161634266376495,0.05427039414644241,0.14800626039505005
0.9201983213424683,0.7883208394050598,0.8056721687316895,0.901419460773468,0.5789393186569214,0.8593382239341736
0.9849290251731873,0.6413382887840271,0.5747286081314087,0.77627032995224,0.3863867223262787,0.8338707089424133
0.9327118396759033,0.7491445541381836,0.9634586572647095,0.5941002368927002,0.20450441539287567,0.44687220454216003
0.7778967618942261,0.637665867805481,0.6221604943275452,0.5473462343215942,0.6206713914871216,0.22550976276397705
0.7114347219467163,0.7574352025985718,0.979282557964325,0.4075600206851959,0.1167014017701149,0.9209598898887634
0.9282848238945007,0.8041267395019531,0.6266281008720398,0.7382535338401794,0.3455115258693695,0.9183130860328674
0.8077501058578491,0.8454079031944275,0.5698159337043762,0.6625781059265137,0.21742843091487885,0.811774730682373
0.9141913652420044,0.5862531065940857,0.679722785949707,0.713365912437439,0.3418722152709961,0.6481907963752747
0.9503957629203796,0.8718271851539612,0.901207447052002,0.8898205161094666,0.586002767086029,0.8473936915397644
0.11510622501373291,0.09312595427036285,0.05698101222515106,0.12220042198896408,0.08535514771938324,0.031340911984443665
0.9628380537033081,0.5446000695228577,0.537358283996582,0.5035228133201599,0.4050605297088623,0.6901983618736267
0.9274723529815674,0.8844432234764099,0.8551484942436218,0.8135221004486084,0.11782455444335938,0.09977958351373672
0.5572341680526733,0.5638898611068726,0.5082123875617981,0.5306293368339539,0.42160823941230774,0.4132204055786133
0.8729468584060669,0.8553870916366577,0.5239637494087219,0.7481958270072937,0.014825154095888138,0.10388218611478806
0.9723041653633118,0.8894621133804321,0.8168028593063354,0.8523939847946167,0.8647080063819885,0.8110504746437073
0.34426701068878174,0.19189386069774628,0.2827131450176239,0.1727651059627533,0.23118363320827484,0.0713333860039711
0.8023385405540466,0.5443206429481506,0.45790210366249084,0.6822765469551086,0.3610273003578186,0.651827871799469
0.8023385405540466,0.5443206429481506,0.45790210366249084,0.6822765469551086,0.3610273003578186,0.651827871799469
0.858637809753418,0.9953922033309937,0.8559578061103821,0.8875244855880737,0.48117712140083313,0.9651593565940857
0.9282848238945007,0.8041267395019531,0.6266281008720398,0.7382535338401794,0.3455115258693695,0.9183130860328674
0.7617769837379456,0.25025615096092224,0.14866039156913757,0.18393327295780182,0.19885708391666412,0.3855809271335602
0.996254026889801,0.8573094606399536,0.9790599942207336,0.9883883595466614,0.7823951244354248,0.996652364730835
0.9282848238945007,0.8041267395019531,0.6266281008720398,0.7382535338401794,0.3455115258693695,0.9183130860328674
0.39705389738082886,0.40524405241012573,0.5916088223457336,0.4756675958633423,0.3556685447692871,0.507877767086029
0.529329776763916,0.428362101316452,0.4785666763782501,0.821700394153595,0.3544645309448242,0.11613207310438156
0.9906275868415833,0.47615644335746765,0.7143290638923645,0.7994502782821655,0.5885140895843506,0.6748002171516418
0.8947373628616333,0.7279731631278992,0.7916674017906189,0.772587239742279,0.1485716849565506,0.27139899134635925
0.8728461265563965,0.572552502155304,0.3101437985897064,0.5782173871994019,0.328517884016037,0.7605898976325989
0.8535650968551636,0.8938270211219788,0.447680801153183,0.20622149109840393,0.8015111684799194,0.08826033771038055
0.9895021319389343,0.9390164613723755,0.9925905466079712,0.9495601058006287,0.5589302778244019,0.9946406483650208
0.919427752494812,0.6032848954200745,0.552581787109375,0.711053729057312,0.7621110081672668,0.6710905432701111
0.30107370018959045,0.1777707040309906,0.15320022404193878,0.18856623768806458,0.13102439045906067,0.07507304847240448
0.8147957921028137,0.7274762392044067,0.3481455147266388,0.3961232006549835,0.031191030517220497,0.40107262134552
0.966729462146759,0.8694312572479248,0.9129196405410767,0.9653626680374146,0.6513500213623047,0.9626505970954895
0.313289612531662,0.14484040439128876,0.26413294672966003,0.6528684496879578,0.44220006465911865,0.7425913214683533
0.8795667886734009,0.7894667983055115,0.490737646818161,0.40140941739082336,0.2902209758758545,0.2893393933773041
0.942115068435669,0.8776868581771851,0.9114062190055847,0.9692218899726868,0.7453444004058838,0.9132941961288452
0.9365290999412537,0.6749249696731567,0.7539109587669373,0.815204381942749,0.4800398647785187,0.6957768797874451
0.9370690584182739,0.9519180655479431,0.9339572191238403,0.9374210834503174,0.8879894614219666,0.8393681645393372
0.276673823595047,0.3250979483127594,0.6047447919845581,0.6039616465568542,0.5324240326881409,0.3388465344905853
0.9270896315574646,0.249181866645813,0.10161924362182617,0.08358590304851532,0.03175083175301552,0.00025871850084513426
0.8252806067466736,0.5359471440315247,0.7032874822616577,0.5585724711418152,0.45374009013175964,0.44037145376205444
0.8657914400100708,0.654987096786499,0.7390084862709045,0.8039054870605469,0.32702702283859253,0.5493031144142151
0.8030290603637695,0.9308444261550903,0.8642629981040955,0.03480114787817001,0.019857145845890045,0.004192231688648462
0.889762818813324,0.7736585140228271,0.8019423484802246,0.8246539235115051,0.46951743960380554,0.775520384311676
0.9282848238945007,0.8041267395019531,0.6266281008720398,0.7382535338401794,0.3455115258693695,0.9183130860328674
0.8415266871452332,0.835649847984314,0.6533429622650146,0.7808242440223694,0.3806299567222595,0.7045348882675171
0.642196536064148,0.38350343704223633,0.2401539832353592,0.39752957224845886,0.6119589805603027,0.2104424685239792
0.991690993309021,0.9367154240608215,0.976425051689148,0.9602789878845215,0.7965599894523621,0.9170102477073669
0.8076561689376831,0.47648152709007263,0.4397158920764923,0.5079731345176697,0.3052060008049011,0.5995924472808838
0.6951541304588318,0.18548442423343658,0.6016920208930969,0.6781423687934875,0.39372518658638,0.4822239875793457
0.8023385405540466,0.5443206429481506,0.45790210366249084,0.6822765469551086,0.3610273003578186,0.651827871799469
0.9619549512863159,0.4329271912574768,0.9392361640930176,0.9787326455116272,0.2879071831703186,0.4238421320915222
0.13672763109207153,0.07457925379276276,0.10074284672737122,0.07174327224493027,0.03773238882422447,0.030384080484509468
0.9282848238945007,0.8041267395019531,0.6266281008720398,0.7382535338401794,0.3455115258693695,0.9183130860328674
0.9946800470352173,0.9056228399276733,0.977935254573822,0.9493101835250854,0.8144329786300659,0.994343101978302
0.9236204028129578,0.9127728343009949,0.8081299066543579,0.8234877586364746,0.7963054776191711,0.7084798216819763
0.8962647318840027,0.7763985991477966,0.7657715082168579,0.8377780318260193,0.566027045249939,0.7938061356544495
0.9739137291908264,0.46862444281578064,0.8694120645523071,0.8801901340484619,0.323525071144104,0.9437656402587891
0.531079888343811,0.5123785138130188,0.7365291714668274,0.43493884801864624,0.38901957869529724,0.05413293465971947
0.4816426634788513,0.8957375884056091,0.3904414474964142,0.19888009130954742,0.19732439517974854,0.20378459990024567
0.7345902919769287,0.4885796010494232,0.4320825934410095,0.3161616623401642,0.304183691740036,0.23973502218723297
0.9905105233192444,0.6842158436775208,0.543548047542572,0.8192278146743774,0.35607579350471497,0.7568193674087524
0.6585755348205566,0.49593889713287354,0.5080360770225525,0.4866058826446533,0.3554561138153076,0.405133992433548
0.883303701877594,0.8088087439537048,0.7167670726776123,0.4257451593875885,0.22504837810993195,0.44296014308929443
0.9320866465568542,0.9124523401260376,0.9273508191108704,0.9459576606750488,0.6992770433425903,0.9595991969108582
0.8649870753288269,0.960789144039154,0.70343416929245,0.5299094915390015,0.6856129169464111,0.39627188444137573
0.14084802567958832,0.1577736735343933,0.04714519530534744,0.1587333083152771,0.3717222213745117,0.033229000866413116
0.9684674739837646,0.8652439117431641,0.8325061798095703,0.9351760745048523,0.575746476650238,0.15970474481582642
0.9002876281738281,0.8286491632461548,0.7914122343063354,0.8214359283447266,0.9009149074554443,0.45192545652389526
0.9302939176559448,0.7693654894828796,0.5944914221763611,0.7872130870819092,0.47960665822029114,0.8487014174461365
0.9341362714767456,0.4973572790622711,0.6906739473342896,0.3712652921676636,0.21477212011814117,0.14812064170837402
0.6199483871459961,0.3818594515323639,0.762427806854248,0.7845960855484009,0.2905600965023041,0.6786061525344849
0.9282848238945007,0.8041267395019531,0.6266281008720398,0.7382535338401794,0.3455115258693695,0.9183130860328674
0.8584717512130737,0.6067087650299072,0.5127424001693726,0.705087423324585,0.1751379519701004,0.5277034640312195
0.9992308616638184,0.9671201705932617,0.9789575934410095,0.9912391304969788,0.8917175531387329,0.9560151100158691
0.9801654815673828,0.9152358770370483,0.9262214303016663,0.9334085583686829,0.8314661979675293,0.9535635709762573
0.7854097485542297,0.7432633638381958,0.8594040274620056,0.6970376968383789,0.2166985124349594,0.1869792640209198
0.9282055497169495,0.8154285550117493,0.9027221202850342,0.9371791481971741,0.5833171606063843,0.8524686694145203
0.9282848238945007,0.8041267395019531,0.6266281008720398,0.7382535338401794,0.3455115258693695,0.9183130860328674
0.8515638113021851,0.8920008540153503,0.6562106013298035,0.7489328384399414,0.4764567017555237,0.9494871497154236
0.99600750207901,0.994001567363739,0.9959954619407654,0.9932968020439148,0.9948074817657471,0.9944348931312561
0.22235816717147827,0.19647333025932312,0.28139087557792664,0.13381938636302948,0.1287386268377304,0.01148451492190361
0.4222859740257263,0.4257660210132599,0.33676448464393616,0.23029279708862305,0.14869830012321472,0.1117921844124794
0.8154906630516052,0.45256996154785156,0.7497043609619141,0.7342180013656616,0.6541133522987366,0.5702325105667114
0.9200507998466492,0.8232395052909851,0.9398831725120544,0.5987087488174438,0.6227332353591919,0.24264675378799438
0.9130517840385437,0.7960134148597717,0.648798406124115,0.6942970752716064,0.3894377052783966,0.6312558650970459
0.2671258747577667,0.21984484791755676,0.24557273089885712,0.6409018635749817,0.12645836174488068,0.4301009476184845
0.8987207412719727,0.5602480173110962,0.2487296462059021,0.5524114370346069,0.3018191456794739,0.2791990637779236
0.7305565476417542,0.6735171675682068,0.45152032375335693,0.5816468596458435,0.420177698135376,0.4905456602573395
0.8596752285957336,0.5608265995979309,0.43878403306007385,0.5800657868385315,0.6452706456184387,0.20663195848464966
0.9668262600898743,0.9246602058410645,0.7574514746665955,0.830062985420227,0.9165658354759216,0.8242717385292053
0.9892338514328003,0.834542989730835,0.8851243853569031,0.8990917801856995,0.7478538155555725,0.9351168870925903
0.7314803004264832,0.6962514519691467,0.47342026233673096,0.48868003487586975,0.38538995385169983,0.4256552755832672
0.9798383712768555,0.9801107048988342,0.6534898281097412,0.7055985927581787,0.08223582804203033,0.10842939466238022
0.6789921522140503,0.6938626766204834,0.3780891001224518,0.6542565822601318,0.9972767233848572,0.3835618495941162
0.9282848238945007,0.8041267395019531,0.6266281008720398,0.7382535338401794,0.3455115258693695,0.9183130860328674
0.9737915396690369,0.799631655216217,0.9670257568359375,0.9527939558029175,0.6955184936523438,0.9329027533531189
0.9945109486579895,0.9754305481910706,0.9890392422676086,0.9832662343978882,0.8897554874420166,0.9562981128692627
0.930060863494873,0.9450743198394775,0.9967532753944397,0.7192395925521851,0.20536045730113983,0.401490181684494
0.9828451871871948,0.8242288827896118,0.962306797504425,0.9665035009384155,0.7268502116203308,0.9470248818397522
0.986907422542572,0.8499639630317688,0.9605411291122437,0.9652648568153381,0.6400554180145264,0.9913923740386963
0.9616328477859497,0.9111363887786865,0.9949647188186646,0.8363925218582153,0.298999160528183,0.3083067834377289
0.9319557547569275,0.7629950046539307,0.7212446928024292,0.738767683506012,0.325314462184906,0.5937572121620178
0.9891904592514038,0.9517186284065247,0.8681313395500183,0.950731098651886,0.5676071047782898,0.9384907484054565
0.9752302169799805,0.895287275314331,0.9044596552848816,0.910113513469696,0.5104665160179138,0.7821304202079773
0.9302939176559448,0.7693654894828796,0.5944914221763611,0.7872130870819092,0.47960665822029114,0.8487014174461365
0.8957296013832092,0.4437074363231659,0.2757812738418579,0.14433816075325012,0.37816569209098816,0.6153843402862549
0.7652144432067871,0.7205096483230591,0.6599029898643494,0.5609409809112549,0.8908306360244751,0.07487324625253677
0.9765352010726929,0.7903993129730225,0.8366518616676331,0.8625451922416687,0.49517568945884705,0.8257650136947632
0.9317997694015503,0.7091252207756042,0.781381368637085,0.46828821301460266,0.03059433028101921,0.011291677132248878
0.7124749422073364,0.2626363933086395,0.41309377551078796,0.3704887926578522,0.22172199189662933,0.1650368869304657
0.5035058259963989,0.5236498713493347,0.1388290673494339,0.20703178644180298,0.37189796566963196,0.07210046797990799
0.9833558201789856,0.9351406097412109,0.906975269317627,0.8604316115379333,0.5727477669715881,0.6045058369636536
0.9951770901679993,0.38683030009269714,0.41766268014907837,0.7373194098472595,0.3512756824493408,0.553543210029602
0.4378558397293091,0.2851630449295044,0.2419075220823288,0.448112428188324,0.2946329712867737,0.04316995292901993
0.9597584009170532,0.8719483017921448,0.9417018294334412,0.8441582322120667,0.42876532673835754,0.5065904855728149
0.8562438488006592,0.46740201115608215,0.42155325412750244,0.6951724290847778,0.3371450901031494,0.4691092073917389
0.9302939176559448,0.7693654894828796,0.5944914221763611,0.7872130870819092,0.47960665822029114,0.8487014174461365
0.8641489148139954,0.8191269040107727,0.3797260820865631,0.6841976642608643,0.17991387844085693,0.8191714882850647
0.9555357694625854,0.914932370185852,0.7946450114250183,0.7555069923400879,0.3406427204608917,0.6819304823875427
0.9495342969894409,0.8515244126319885,0.865594208240509,0.8214986324310303,0.5797396898269653,0.738170862197876
0.9419825673103333,0.9506933689117432,0.9820505976676941,0.7674626708030701,0.07396280020475388,0.07408232986927032
0.9857555031776428,0.9062675833702087,0.9167750477790833,0.8901425004005432,0.7867341041564941,0.7978751063346863
0.9663830399513245,0.7583625316619873,0.8998842835426331,0.9818512201309204,0.781718909740448,0.9163100123405457
0.7614142894744873,0.5329161882400513,0.27141955494880676,0.7517246007919312,0.3403230607509613,0.9659085869789124
0.7167708277702332,0.6780884861946106,0.6333487629890442,0.7754814624786377,0.3249419629573822,0.6309503316879272
0.7390118837356567,0.6123402118682861,0.9340299963951111,0.8273066282272339,0.40555062890052795,0.14841686189174652
0.9838210344314575,0.8173235058784485,0.9758223295211792,0.9632108211517334,0.9088391661643982,0.9435491561889648
0.392893522977829,0.29199841618537903,0.1265801042318344,0.19959206879138947,0.07889378815889359,0.02321392297744751
0.9302939176559448,0.7693654894828796,0.5944914221763611,0.7872130870819092,0.47960665822029114,0.8487014174461365
0.3812620937824249,0.2035149484872818,0.23230119049549103,0.2978907525539398,0.26761946082115173,0.22939154505729675
0.987361490726471,0.7836562991142273,0.9177201986312866,0.8840522170066833,0.8985002636909485,0.9011403918266296
0.974583625793457,0.7737578749656677,0.8373779654502869,0.9733824133872986,0.6481161713600159,0.8162345886230469
0.9937868118286133,0.9767189025878906,0.8698691129684448,0.964711606502533,0.7400199770927429,0.9439375400543213
0.9856997132301331,0.812437891960144,0.956210732460022,0.9512954354286194,0.9890480637550354,0.9850960969924927
0.9926168918609619,0.9443221092224121,0.8836053609848022,0.9803889989852905,0.5205172300338745,0.3107084035873413
0.6503607630729675,0.04322625324130058,0.16631661355495453,0.32050269842147827,0.30648723244667053,0.436367928981781
0.9961984753608704,0.6344043612480164,0.7762986421585083,0.6783557534217834,0.9529570937156677,0.46059277653694153
0.9765931963920593,0.7374773025512695,0.9173952341079712,0.9618846774101257,0.6846370697021484,0.9883202314376831
0.8213693499565125,0.4228269159793854,0.5523821115493774,0.7724685072898865,0.48396703600883484,0.7222334146499634
0.9305124878883362,0.7283366918563843,0.8181341290473938,0.9096510410308838,0.7873452305793762,0.7934414148330688
0.9746710062026978,0.8423313498497009,0.9756065607070923,0.9214859008789062,0.7457152605056763,0.8293399810791016
0.9858683943748474,0.9416286945343018,0.9953020215034485,0.9028487801551819,0.1654355227947235,0.8903619050979614
0.7989698648452759,0.521094560623169,0.6718896627426147,0.6853700876235962,0.3005549907684326,0.27757710218429565
0.9983254671096802,0.9549980759620667,0.9633172750473022,0.9904690384864807,0.9501658082008362,0.99341881275177
0.9745868444442749,0.6506776809692383,0.9157511591911316,0.8412984013557434,0.539829432964325,0.702042818069458
0.9586805105209351,0.6820650696754456,0.7789774537086487,0.8368857502937317,0.5529497265815735,0.8392122983932495
0.9575234055519104,0.9529811143875122,0.9029308557510376,0.8893557786941528,0.6662452816963196,0.9688358306884766
0.9397462010383606,0.7768224477767944,0.28510162234306335,0.15010493993759155,0.26620569825172424,0.15356336534023285
0.7875523567199707,0.7758960127830505,0.26001158356666565,0.4998728632926941,0.1526990830898285,0.7215410470962524
0.6374317407608032,0.5743355751037598,0.6218134760856628,0.5927445888519287,0.5686414241790771,0.06273477524518967
0.9959880709648132,0.9258774518966675,0.9697279334068298,0.7104606032371521,0.6168926954269409,0.8697702288627625
0.9302939176559448,0.7693654894828796,0.5944914221763611,0.7872130870819092,0.47960665822029114,0.8487014174461365
0.9894030094146729,0.8293634653091431,0.9513664245605469,0.9430693984031677,0.9850416779518127,0.9676542282104492
0.9806584119796753,0.9145197868347168,0.8954041004180908,0.8966563940048218,0.49429675936698914,0.9639008641242981
0.8189018964767456,0.3220936357975006,0.22908735275268555,0.444110631942749,0.1393178403377533,0.2654529809951782
0.8780122995376587,0.5919768214225769,0.6823438405990601,0.7376443147659302,0.5333683490753174,0.8088766932487488
0.9784504175186157,0.840061604976654,0.5756717324256897,0.6306700706481934,0.006167215295135975,0.65704345703125
0.9086015820503235,0.6869794726371765,0.6364800333976746,0.9398605823516846,0.4888448715209961,0.7276426553726196
0.9451804161071777,0.9756185412406921,0.8124868273735046,0.8031156063079834,0.8844980597496033,0.6933034658432007
0.9759378433227539,0.8319534659385681,0.9456163048744202,0.9756339192390442,0.5420765280723572,0.8968105912208557
0.9557304382324219,0.8954288959503174,0.9241208434104919,0.9772582054138184,0.3847503066062927,0.7546789646148682
0.9319782853126526,0.6890341639518738,0.8879560828208923,0.8616943359375,0.7144511938095093,0.7361196875572205
0.9899428486824036,0.9133684635162354,0.9411559700965881,0.9436625838279724,0.5943796038627625,0.930219292640686
0.716319739818573,0.16702674329280853,0.18205122649669647,0.35743361711502075,0.15956571698188782,0.08708085864782333
0.9569143652915955,0.7105124592781067,0.9828543066978455,0.9463456273078918,0.6432890295982361,0.8151305317878723
0.6976491808891296,0.4106934368610382,0.3904450833797455,0.6260725855827332,0.5059763193130493,0.5230089426040649
0.8136328458786011,0.724902868270874,0.6585678458213806,0.6597443222999573,0.6120355725288391,0.26354458928108215
0.9517936706542969,0.792697012424469,0.8102544546127319,0.9121581315994263,0.743953287601471,0.8011448383331299
0.8023385405540466,0.5443206429481506,0.45790210366249084,0.6822765469551086,0.3610273003578186,0.651827871799469
0.5463367700576782,0.6388546824455261,0.44953110814094543,0.44067397713661194,0.2471122294664383,0.6716665625572205
0.4500175714492798,0.34465670585632324,0.6796390414237976,0.9791232943534851,0.1647888720035553,0.5928223729133606
0.8297337293624878,0.7025680541992188,0.6502046585083008,0.7985314726829529,0.27011269330978394,0.3716646730899811
0.9601377248764038,0.9238521456718445,0.987090528011322,0.9703240394592285,0.8003287315368652,0.8689711093902588
0.7688359022140503,0.6993843913078308,0.9628691077232361,0.4917522072792053,0.5015402436256409,0.12780047953128815
0.9536525011062622,0.7094525694847107,0.9064411520957947,0.9584479331970215,0.6896098256111145,0.9135602116584778
0.7430338859558105,0.45493218302726746,0.8688589334487915,0.8779963254928589,0.3877668082714081,0.6865075826644897
0.9881904721260071,0.7385714650154114,0.27503669261932373,0.4957047700881958,0.697370707988739,0.6335244178771973
0.6310681104660034,0.5971338152885437,0.4983917772769928,0.09369758516550064,0.04851077124476433,0.01367905829101801
0.8219733238220215,0.802186906337738,0.696586012840271,0.7318398952484131,0.2365567982196808,0.3558465838432312
0.9526989459991455,0.8376421928405762,0.8924375772476196,0.9368746280670166,0.7817812561988831,0.8916235566139221
0.4692956209182739,0.28082460165023804,0.37672221660614014,0.32323184609413147,0.23649322986602783,0.11043062061071396
0.8350189924240112,0.7920914888381958,0.7211295366287231,0.8120529055595398,0.3947977125644684,0.7288923859596252
0.9282848238945007,0.8041267395019531,0.6266281008720398,0.7382535338401794,0.3455115258693695,0.9183130860328674
0.9445845484733582,0.8115613460540771,0.914450466632843,0.8974496722221375,0.7586492896080017,0.779202938079834
0.8023385405540466,0.5443206429481506,0.45790210366249084,0.6822765469551086,0.3610273003578186,0.651827871799469
0.9843939542770386,0.7224045991897583,0.8733993172645569,0.9685952663421631,0.5633248686790466,0.9560951590538025
0.986142635345459,0.949164092540741,0.9548555016517639,0.9153722524642944,0.7528412342071533,0.6758729815483093
0.9507547616958618,0.8983379602432251,0.8949823379516602,0.8491025567054749,0.5738449692726135,0.5970895886421204
0.8082002401351929,0.4642736315727234,0.23875464498996735,0.580096960067749,0.37389442324638367,0.29766786098480225
0.9266257882118225,0.8478406071662903,0.924204409122467,0.8606765270233154,0.7405440807342529,0.3588085472583771
0.9857625961303711,0.783012866973877,0.7535566687583923,0.9079828262329102,0.45397496223449707,0.7826126217842102
0.7820748686790466,0.5614740252494812,0.3824540376663208,0.6051141619682312,0.20408037304878235,0.5012417435646057
0.8596323132514954,0.8127280473709106,0.3033738434314728,0.6590920686721802,0.21052314341068268,0.9298163652420044
0.9806583523750305,0.7806618809700012,0.8607890009880066,0.8853949308395386,0.4822312891483307,0.7965655326843262
0.983090341091156,0.9776015877723694,0.9713932871818542,0.9768726825714111,0.7101155519485474,0.8708500266075134
0.9869712591171265,0.6380715370178223,0.880748987197876,0.8306491374969482,0.9602559208869934,0.8306372165679932
0.7243839502334595,0.5211853384971619,0.5988869667053223,0.49588942527770996,0.453084796667099,0.34558817744255066
0.9503957629203796,0.8718271851539612,0.901207447052002,0.8898205161094666,0.586002767086029,0.8473936915397644
0.9431132674217224,0.8188971877098083,0.8434844017028809,0.8967179656028748,0.4854397773742676,0.30456218123435974
0.9850407838821411,0.9114400744438171,0.8296756744384766,0.8512491583824158,0.46540504693984985,0.6646333932876587
0.8036964535713196,0.8266633152961731,0.3956190049648285,0.43769362568855286,0.2629583179950714,0.5612075328826904
0.8794928193092346,0.5828588008880615,0.4756186306476593,0.6770260334014893,0.3870347738265991,0.6611084342002869
0.9450151324272156,0.8741350173950195,0.9169838428497314,0.9419125914573669,0.6360981464385986,0.7715198397636414
0.8505271673202515,0.4239935874938965,0.6356585025787354,0.7581304907798767,0.5093675255775452,0.43244728446006775
0.5411490201950073,0.20111693441867828,0.3831421136856079,0.4693295955657959,0.2863459289073944,0.15556477010250092
0.8452441096305847,0.7203425765037537,0.745653510093689,0.7911278009414673,0.4479483962059021,0.3641422986984253
0.841586709022522,0.8750597238540649,0.7869390845298767,0.5309434533119202,0.8698668479919434,0.4568769335746765
0.9621468186378479,0.669593334197998,0.688360869884491,0.6697577834129333,0.7998595237731934,0.7468344569206238
0.3949863314628601,0.23152723908424377,0.27265122532844543,0.1411365568637848,0.030299227684736252,0.001188059221021831
0.8054326772689819,0.7644011974334717,0.5071033835411072,0.8051655292510986,0.5201515555381775,0.47888606786727905
0.7424709796905518,0.8208619952201843,0.7044371366500854,0.748559296131134,0.2671065330505371,0.3290497362613678
0.6068421006202698,0.41950172185897827,0.1918621063232422,0.25750547647476196,0.1114649847149849,0.13252361118793488
0.9744921326637268,0.6848254799842834,0.5999679565429688,0.615555465221405,0.6099210977554321,0.38801658153533936
0.6705611944198608,0.9627192616462708,0.28635725378990173,0.4642506539821625,0.31001827120780945,0.5087353587150574
0.9891485571861267,0.7826240062713623,0.9276654720306396,0.9699526429176331,0.4786471426486969,0.9112448692321777
0.9094497561454773,0.9464921355247498,0.7292516231536865,0.7666222453117371,0.3726141154766083,0.7968773245811462
0.9597870707511902,0.9612210988998413,0.9107440710067749,0.8261796236038208,0.40473297238349915,0.8554534316062927
0.9280746579170227,0.7241823673248291,0.6337789297103882,0.7657806277275085,0.6710920333862305,0.8202743530273438
0.9300847053527832,0.8693902492523193,0.7346754670143127,0.6512216329574585,0.31978192925453186,0.2299881875514984
0.9610902070999146,0.9509299397468567,0.9525249600410461,0.9154307842254639,0.9113161563873291,0.939416766166687
0.9400081038475037,0.654761552810669,0.6775152683258057,0.7532910108566284,0.46632814407348633,0.615242063999176
0.939625084400177,0.7430133819580078,0.5456949472427368,0.5078900456428528,0.453985333442688,0.1861921101808548
0.9905336499214172,0.8366719484329224,0.9553694128990173,0.9701285362243652,0.4601486623287201,0.9317111372947693
0.8322736024856567,0.7079624533653259,0.6121211051940918,0.7284336090087891,0.23803876340389252,0.9178929924964905
0.8930373787879944,0.6713153719902039,0.6173759698867798,0.7310249209403992,0.7426249980926514,0.6930145025253296
0.9075803756713867,0.8587183952331543,0.7569136619567871,0.8192798495292664,0.642713725566864,0.49528294801712036
0.9944919347763062,0.3724963068962097,0.4173967242240906,0.7017972469329834,0.41310620307922363,0.4876721501350403
0.9311501979827881,0.8898516893386841,0.842184841632843,0.6851767897605896,0.5854476094245911,0.9841155409812927
0.9732374548912048,0.9472990036010742,0.9896594285964966,0.8330944776535034,0.04742998257279396,0.09662958979606628
0.8577737212181091,0.9804008603096008,0.4000135660171509,0.6033562421798706,0.2028331458568573,0.23041018843650818
0.7629740238189697,0.6876671314239502,0.586344301700592,0.7287384271621704,0.6024699211120605,0.42345085740089417
0.9946460723876953,0.7328798770904541,0.9029029011726379,0.8365647792816162,0.8603353500366211,0.4891422688961029
0.7537611126899719,0.6624969244003296,0.7403424382209778,0.8524378538131714,0.6242468357086182,0.6651419401168823
0.7769328951835632,0.5985860228538513,0.5204350352287292,0.49525904655456543,0.34026622772216797,0.37977078557014465
0.9399204254150391,0.626232922077179,0.46290692687034607,0.5884957909584045,0.26834195852279663,0.12745143473148346
0.9303334951400757,0.9576881527900696,0.7656208872795105,0.24422231316566467,0.5057096481323242,0.05981070548295975
0.9893383979797363,0.8108193874359131,0.8639505505561829,0.9176661968231201,0.9582217931747437,0.975214421749115
0.9070863127708435,0.3779175877571106,0.29350247979164124,0.2619316577911377,0.1662454456090927,0.0399470180273056
0.8611381649971008,0.5086609125137329,0.8014386296272278,0.7039697170257568,0.17040079832077026,0.1807219535112381
0.9731947183609009,0.7248499393463135,0.7636193633079529,0.827671468257904,0.5091792345046997,0.7994415163993835
0.5783126354217529,0.43250495195388794,0.4746936857700348,0.5605083107948303,0.30344974994659424,0.5897095203399658
0.8434621691703796,0.3972170054912567,0.43772339820861816,0.5264749526977539,0.21361297369003296,0.6823756098747253
0.9928013682365417,0.6761520504951477,0.8272371888160706,0.8970932364463806,0.4481719136238098,0.9342920184135437
0.9082685708999634,0.8520166277885437,0.881031334400177,0.8511058688163757,0.6976218819618225,0.8995988965034485
0.9660578966140747,0.892097532749176,0.9692940711975098,0.8343740105628967,0.13055668771266937,0.9346548914909363
0.811348021030426,0.8189202547073364,0.3910368084907532,0.4360791742801666,0.26775336265563965,0.47284525632858276
0.897883951663971,0.5851889252662659,0.8950557708740234,0.8154547214508057,0.5639521479606628,0.7994222640991211
0.9597325325012207,0.7417884469032288,0.789633572101593,0.8438916802406311,0.5485925078392029,0.7850821018218994
0.7325949668884277,0.7189023494720459,0.813910722732544,0.49871256947517395,0.45501983165740967,0.4093584418296814
0.9482641816139221,0.6635053753852844,0.9639557003974915,0.9296178221702576,0.36259692907333374,0.9159599542617798
0.9860939979553223,0.9212751984596252,0.9347410798072815,0.9404146075248718,0.12295745313167572,0.48551952838897705
0.28722742199897766,0.1761038601398468,0.05880257487297058,0.1474585235118866,0.13678230345249176,0.007507499307394028
0.9652162194252014,0.9666609764099121,0.8680950403213501,0.8532298803329468,0.7688499689102173,0.7316605448722839
0.6602147221565247,0.4120054244995117,0.4542192816734314,0.4680759012699127,0.2646310329437256,0.6394428610801697
0.808156430721283,0.37417513132095337,0.19457809627056122,0.3625982403755188,0.13228145241737366,0.27355024218559265
0.9880372881889343,0.6323953866958618,0.6943248510360718,0.8420871496200562,0.44853031635284424,0.5723594427108765
0.8998132348060608,0.6648424863815308,0.6301999092102051,0.6685591340065002,0.5240176320075989,0.14791101217269897
0.7009082436561584,0.4972250461578369,0.6395375728607178,0.6355602741241455,0.9147716760635376,0.6917334198951721
0.8921843767166138,0.6640735268592834,0.7910117506980896,0.8708479404449463,0.47954297065734863,0.797056257724762
0.8824182152748108,0.762008011341095,0.49532365798950195,0.9612086415290833,0.012647685594856739,0.6916323304176331
0.9302939176559448,0.7693654894828796,0.5944914221763611,0.7872130870819092,0.47960665822029114,0.8487014174461365
0.9683563113212585,0.9929822087287903,0.9633563756942749,0.9925941228866577,0.9940693378448486,0.9827169179916382
0.674426257610321,0.3709091544151306,0.6524226665496826,0.7884421348571777,0.3602909445762634,0.7444669008255005
0.9677525162696838,0.9744510054588318,0.7953990697860718,0.773829460144043,0.7832803130149841,0.6595438122749329
0.9924929738044739,0.9601016044616699,0.9861974120140076,0.9742438197135925,0.690004289150238,0.9899128079414368
0.9282848238945007,0.8041267395019531,0.6266281008720398,0.7382535338401794,0.3455115258693695,0.9183130860328674
0.9962280988693237,0.9358586668968201,0.9786555171012878,0.9877018332481384,0.8297768235206604,0.970790684223175
0.9586923122406006,0.7344666719436646,0.7201610803604126,0.7842890024185181,0.20296889543533325,0.9901530146598816
0.9366970062255859,0.5655766129493713,0.6989952921867371,0.466253399848938,0.16790027916431427,0.044848404824733734
0.2602410614490509,0.6238577365875244,0.4930838346481323,0.5566565990447998,0.5144355893135071,0.132298544049263
0.714878261089325,0.6633716821670532,0.21068385243415833,0.37334826588630676,0.3459926247596741,0.2566428780555725
0.9628207683563232,0.7638078927993774,0.931977391242981,0.9479470252990723,0.6129235625267029,0.8275305032730103
0.9112323522567749,0.8281958103179932,0.9925194978713989,0.8530360460281372,0.5171675086021423,0.6287694573402405
0.98388671875,0.9730462431907654,0.8597050905227661,0.877667248249054,0.6559274196624756,0.9248644709587097
0.9526281952857971,0.9282044172286987,0.9166012406349182,0.9428166747093201,0.782505452632904,0.8505258560180664
0.9740913510322571,0.9769384264945984,0.5778700113296509,0.6600876450538635,0.9502699971199036,0.18582400679588318
0.8640087842941284,0.8089645504951477,0.6700655817985535,0.699583113193512,0.7807289361953735,0.5465354323387146
0.9501794576644897,0.5942162871360779,0.8714653849601746,0.7660160660743713,0.29288339614868164,0.5079132318496704
0.7067552208900452,0.4896654188632965,0.16041690111160278,0.43447503447532654,0.15625515580177307,0.2562192380428314
0.8313695192337036,0.34916457533836365,0.26737138628959656,0.5401573181152344,0.2766418159008026,0.39727863669395447
0.9918525815010071,0.9703143239021301,0.9736614227294922,0.8515018224716187,0.09709832072257996,0.0499233677983284
0.9745686054229736,0.7110399603843689,0.8504478931427002,0.8437070846557617,0.6364302039146423,0.9044082760810852
0.9686083197593689,0.925122082233429,0.839340090751648,0.7725845575332642,0.4753001630306244,0.7948915958404541
0.8955579400062561,0.5764820575714111,0.3956252932548523,0.7708724141120911,0.65879887342453,0.7924519181251526
0.977725088596344,0.9974889159202576,0.8993075489997864,0.8846842050552368,0.6924352049827576,0.6191601157188416
0.9357641935348511,0.6433137655258179,0.552166759967804,0.3759349286556244,0.5947431921958923,0.7618703246116638
0.7012069821357727,0.15961669385433197,0.5281126499176025,0.8748948574066162,0.14647279679775238,0.1350448578596115
0.957368791103363,0.825168788433075,0.8546671271324158,0.8741883635520935,0.5991510152816772,0.8568040132522583
0.896747887134552,0.5873990058898926,0.5577804446220398,0.7182489633560181,0.31427302956581116,0.7217261791229248
0.7050879001617432,0.5000059008598328,0.1450282782316208,0.30528539419174194,0.1819244772195816,0.12541891634464264
0.7202566862106323,0.36860191822052,0.5207927823066711,0.2339993268251419,0.24444429576396942,0.038175880908966064
0.949300229549408,0.6865414381027222,0.8695862889289856,0.8123510479927063,0.33475449681282043,0.41642430424690247
0.7155198454856873,0.6607171297073364,0.7062243223190308,0.6489419937133789,0.44916829466819763,0.39263632893562317
0.9364926815032959,0.8777932524681091,0.8420294523239136,0.919208824634552,0.5395901203155518,0.6768113374710083
0.9902474284172058,0.8286710977554321,0.9495021104812622,0.8323635458946228,0.538693904876709,0.8316682577133179
0.8023385405540466,0.5443206429481506,0.45790210366249084,0.6822765469551086,0.3610273003578186,0.651827871799469
0.9506017565727234,0.840827465057373,0.7585208415985107,0.7997118234634399,0.47606900334358215,0.8167899250984192
0.977642834186554,0.913389265537262,0.9643757939338684,0.9649031758308411,0.773808479309082,0.8834764361381531
0.9963461756706238,0.9101421236991882,0.9802718758583069,0.9805424809455872,0.8189749717712402,0.94256192445755
0.6501455903053284,0.5338743925094604,0.5084371566772461,0.5343390107154846,0.3919821083545685,0.7010394334793091
0.9721354246139526,0.2672067880630493,0.268576443195343,0.18001823127269745,0.016705170273780823,0.04293549060821533
0.9633491635322571,0.7289565205574036,0.7987872958183289,0.8144242763519287,0.7939892411231995,0.8186981081962585
0.8428471684455872,0.6844694018363953,0.5353232622146606,0.6915678381919861,0.27970120310783386,0.639089822769165
0.9139800071716309,0.7393926978111267,0.6436858773231506,0.8052471280097961,0.34942179918289185,0.6120989322662354
0.9923996925354004,0.6757673621177673,0.8286747336387634,0.9842976927757263,0.9672671556472778,0.9237914085388184
0.9417555332183838,0.7961350679397583,0.8079182505607605,0.8733860850334167,0.6000166535377502,0.604337215423584
0.978879451751709,0.7635177373886108,0.7304569482803345,0.668702244758606,0.13992324471473694,0.0267693679779768
0.13672763109207153,0.07457925379276276,0.10074284672737122,0.07174327224493027,0.03773238882422447,0.030384080484509468
0.9468182921409607,0.9301106333732605,0.981900691986084,0.6939876079559326,0.2033802568912506,0.1104244515299797
0.8259925842285156,0.9744700193405151,0.4707801043987274,0.5116363763809204,0.24486014246940613,0.5495742559432983
0.6917337775230408,0.8594312071800232,0.7312468886375427,0.9816604256629944,0.5435763001441956,0.6585580110549927
0.19756507873535156,0.11144635826349258,0.07569390535354614,0.21929943561553955,0.1122673973441124,0.2983551621437073
0.9561856389045715,0.8027645945549011,0.9816088080406189,0.94609534740448,0.5217980146408081,0.9595089554786682
0.9219071865081787,0.9544381499290466,0.8914830684661865,0.8430497646331787,0.5170466303825378,0.6358283162117004
0.6810072064399719,0.4185533821582794,0.6653082966804504,0.6453624367713928,0.2799142599105835,0.6436603665351868
0.9195464253425598,0.7533006072044373,0.7524144053459167,0.8249351382255554,0.34549805521965027,0.8501370549201965
0.35706427693367004,0.6730145215988159,0.2719646990299225,0.19711607694625854,0.25225892663002014,0.029075289145112038
0.8754849433898926,0.58740234375,0.8606718182563782,0.6745781898498535,0.331304669380188,0.6949486136436462
0.8314408659934998,0.6060547828674316,0.5403317809104919,0.8138328790664673,0.7657260894775391,0.7109994292259216
0.8772662281990051,0.6114625930786133,0.7540175318717957,0.307843953371048,0.228287011384964,0.25564393401145935
0.8232605457305908,0.6943028569221497,0.3327418565750122,0.5036333799362183,0.3907313048839569,0.48746880888938904
0.9206116795539856,0.6356632709503174,0.7342423796653748,0.6825509071350098,0.33934059739112854,0.8565555810928345
0.9302939176559448,0.7693654894828796,0.5944914221763611,0.7872130870819092,0.47960665822029114,0.8487014174461365
0.9302939176559448,0.7693654894828796,0.5944914221763611,0.7872130870819092,0.47960665822029114,0.8487014174461365
0.9333902597427368,0.7930376529693604,0.8298637270927429,0.7739244103431702,0.7654178142547607,0.32571661472320557
0.9719584584236145,0.5509049296379089,0.6549151539802551,0.7388631105422974,0.3993915617465973,0.9854132533073425
0.9164714813232422,0.48977452516555786,0.5832064747810364,0.5403094291687012,0.39662376046180725,0.5337714552879333
0.9806909561157227,0.7536312341690063,0.9081194400787354,0.9580211043357849,0.732745885848999,0.9567026495933533
0.9939234256744385,0.9523159265518188,0.1491507589817047,0.1429392397403717,0.1728108823299408,0.2380332499742508
0.9407066106796265,0.4088977575302124,0.8033578395843506,0.7657126188278198,0.14087508618831635,0.9751037359237671
0.7453475594520569,0.9350227117538452,0.43995919823646545,0.13728800415992737,0.24354684352874756,0.16528379917144775
0.5458049774169922,0.39607352018356323,0.5986070036888123,0.833785355091095,0.8357433080673218,0.6298295259475708
0.9822304248809814,0.968011200428009,0.9822337627410889,0.992247462272644,0.8478032946586609,0.8986266851425171
0.9588372111320496,0.7292560935020447,0.7922654747962952,0.8454639315605164,0.464929461479187,0.8247743248939514
0.9262906312942505,0.5851523876190186,0.7358433604240417,0.765070915222168,0.4606865644454956,0.7722075581550598
0.8943960070610046,0.6306208372116089,0.6633548140525818,0.7149531245231628,0.26682180166244507,0.6273675560951233
0.9494478702545166,0.8454566597938538,0.8467119336128235,0.7372539043426514,0.32885444164276123,0.581146240234375
0.9347438812255859,0.8039317727088928,0.8445992469787598,0.9356814622879028,0.7174054384231567,0.8488612771034241
0.8420636057853699,0.7825336456298828,0.7378683686256409,0.7925330996513367,0.46039214730262756,0.8420748114585876
0.9246538877487183,0.3042982518672943,0.39310547709465027,0.17584751546382904,0.2784826159477234,0.17047373950481415
0.19501253962516785,0.0666653960943222,0.05841093882918358,0.14158624410629272,0.0634848102927208,0.09190863370895386
0.09856636077165604,0.5305763483047485,0.02213180996477604,0.020006699487566948,0.6433109641075134,0.0196510162204504
0.9653422832489014,0.8853641152381897,0.9451087117195129,0.9677916765213013,0.7457873225212097,0.9890525937080383
0.9443874955177307,0.8140415549278259,0.6710700392723083,0.8367094993591309,0.4798443019390106,0.6794213056564331
0.9920931458473206,0.9889716506004333,0.9279627799987793,0.9055353999137878,0.7844337821006775,0.682356059551239
0.9891021251678467,0.5972776412963867,0.6108235716819763,0.7369059324264526,0.5580299496650696,0.9153799414634705
0.890616238117218,0.7843040823936462,0.6654394268989563,0.7946422100067139,0.9092521071434021,0.6553463935852051
0.7137065529823303,0.4345124363899231,0.696402907371521,0.6140956878662109,0.27822402119636536,0.32392770051956177
0.9639759063720703,0.905531108379364,0.6896772980690002,0.8148084282875061,0.8869794011116028,0.7485678791999817
0.9206456542015076,0.8245845437049866,0.8508943915367126,0.7560391426086426,0.5948050618171692,0.8141907453536987
0.9948933124542236,0.8231173157691956,0.9314097166061401,0.8232547640800476,0.15537044405937195,0.09272176772356033
0.7756986618041992,0.45251789689064026,0.46945425868034363,0.43752631545066833,0.1341148316860199,0.8136971592903137
0.8560022711753845,0.5916190147399902,0.6426596641540527,0.6143704652786255,0.2570798993110657,0.7475195527076721
0.9941080212593079,0.9813364744186401,0.8897638916969299,0.981951117515564,0.8019531965255737,0.9561604857444763
0.9841970205307007,0.8849681615829468,0.9612380862236023,0.9546992778778076,0.8059379458427429,0.9414740204811096
0.9707301259040833,0.7108148336410522,0.873907208442688,0.8674025535583496,0.3913174271583557,0.6802047491073608
0.975197434425354,0.765821099281311,0.7897685170173645,0.8367835283279419,0.4393627643585205,0.7069209218025208
0.9905979037284851,0.9186758995056152,0.9289518594741821,0.9849374890327454,0.7087862491607666,0.9592999815940857
0.8969866633415222,0.9168562293052673,0.8904381394386292,0.9139884114265442,0.6097952723503113,0.42023321986198425
0.7811660766601562,0.4969327449798584,0.4808937609195709,0.7851405143737793,0.11926449090242386,0.17516371607780457
0.4280581772327423,0.22651290893554688,0.18638554215431213,0.38106390833854675,0.3940576910972595,0.2141427993774414
0.9282848238945007,0.8041267395019531,0.6266281008720398,0.7382535338401794,0.3455115258693695,0.9183130860328674
0.9827812314033508,0.9663292765617371,0.9801651239395142,0.8837806582450867,0.6098907589912415,0.024224549531936646
0.9838473200798035,0.8242155909538269,0.8695862889289856,0.8763824701309204,0.4661635160446167,0.7948367595672607
0.8023385405540466,0.5443206429481506,0.45790210366249084,0.6822765469551086,0.3610273003578186,0.651827871799469
0.8336212038993835,0.7802261114120483,0.5787031054496765,0.5633456707000732,0.3880586326122284,0.14174816012382507
0.9568079710006714,0.8208151459693909,0.8259899020195007,0.6601553559303284,0.3847155272960663,0.29493042826652527
0.9947319626808167,0.9681418538093567,0.9919096827507019,0.989734947681427,0.874416708946228,0.9691305756568909
0.946817934513092,0.8272342681884766,0.7192880511283875,0.7875708937644958,0.48495355248451233,0.9372314214706421
0.909092128276825,0.6368473768234253,0.7683995962142944,0.8242024779319763,0.5148065686225891,0.7607432007789612
0.9670725464820862,0.545930027961731,0.34370237588882446,0.6016681790351868,0.35196301341056824,0.26012715697288513
0.8869543075561523,0.9726457595825195,0.4909672737121582,0.37744736671447754,0.3306678235530853,0.0221434123814106
0.8463158011436462,0.8605568408966064,0.37336134910583496,0.6005948781967163,0.10712353140115738,0.10452434420585632
0.9134291410446167,0.8962626457214355,0.7273992896080017,0.7135276198387146,0.39818260073661804,0.47955575585365295
0.9302939176559448,0.7693654894828796,0.5944914221763611,0.7872130870819092,0.47960665822029114,0.8487014174461365
0.7441376447677612,0.4849463999271393,0.7485963702201843,0.5673150420188904,0.2104448527097702,0.18028512597084045
0.9351624846458435,0.7343171834945679,0.5930363535881042,0.7391279339790344,0.6342096328735352,0.8033249974250793
0.8254709839820862,0.4968271553516388,0.587659478187561,0.7146356105804443,0.3976249098777771,0.47218719124794006
0.9156487584114075,0.589674711227417,0.8063392043113708,0.9474152326583862,0.6860563158988953,0.7280892133712769
0.9108185768127441,0.6726465225219727,0.7612661123275757,0.8515216708183289,0.6085799336433411,0.8179289698600769
0.33666443824768066,0.5649387240409851,0.28436973690986633,0.17865902185440063,0.22447259724140167,0.09916725009679794
0.7237479090690613,0.5588816404342651,0.41190868616104126,0.5809333920478821,0.43738847970962524,0.8430845141410828
0.9002288579940796,0.8292431831359863,0.3202015161514282,0.7439061403274536,0.14747822284698486,0.9061279892921448
0.9344930648803711,0.9146050214767456,0.546546995639801,0.35699883103370667,0.2840522229671478,0.3929268419742584
0.9842097163200378,0.6651883125305176,0.5964177250862122,0.7943701148033142,0.4785272181034088,0.9516187906265259
0.995151162147522,0.7276198863983154,0.78201824426651,0.9566159248352051,0.36491668224334717,0.8925038576126099
0.732896625995636,0.4888518452644348,0.43538758158683777,0.4710325300693512,0.2727356553077698,0.2540668845176697
0.9300220608711243,0.9039811491966248,0.8014144897460938,0.8603317141532898,0.7062904238700867,0.5137881636619568
0.6322029829025269,0.29720187187194824,0.14565911889076233,0.1721867322921753,0.0871787890791893,0.060960620641708374
0.9699726104736328,0.717644453048706,0.8469638228416443,0.8769718408584595,0.5331295728683472,0.7936148643493652
0.9677516222000122,0.8102202415466309,0.7649437189102173,0.9014952182769775,0.3900125324726105,0.621833324432373
0.3195247948169708,0.27134808897972107,0.14608927071094513,0.26595157384872437,0.46474847197532654,0.04852691665291786
0.9774617552757263,0.6981664299964905,0.40049517154693604,0.7784270644187927,0.48085689544677734,0.46166789531707764
0.8595055341720581,0.6238213181495667,0.5750392079353333,0.6060553193092346,0.3777146339416504,0.5359926819801331
0.9870056509971619,0.6329129934310913,0.9940698742866516,0.6813784241676331,0.3938586115837097,0.6495940089225769
0.8760383129119873,0.7170001268386841,0.7595216035842896,0.7735412120819092,0.47140973806381226,0.684747576713562
0.9863465428352356,0.9096171259880066,0.9284166097640991,0.9364449977874756,0.7068882584571838,0.9812340140342712
0.9852898120880127,0.8498275876045227,0.9530877470970154,0.9577403664588928,0.8709818720817566,0.9673085808753967
0.9778011441230774,0.7005873918533325,0.5617731213569641,0.6106740236282349,0.37444573640823364,0.4100376069545746
0.9275845885276794,0.6894392967224121,0.7442565560340881,0.6756688356399536,0.6488381028175354,0.7758814096450806
0.7845509648323059,0.6082911491394043,0.5750075578689575,0.6527802348136902,0.36317920684814453,0.5506892204284668
0.9823218584060669,0.9608125686645508,0.9883641600608826,0.9706841111183167,0.7197601795196533,0.9142637848854065
0.9838041663169861,0.9057061672210693,0.9736519455909729,0.9726352095603943,0.769314706325531,0.9784546494483948
0.9918666481971741,0.8722729682922363,0.9670938849449158,0.9794175028800964,0.6987881064414978,0.9433552026748657
0.9702724814414978,0.9849084615707397,0.9475075006484985,0.954942524433136,0.4984481930732727,0.9824128150939941
0.9601436257362366,0.620674192905426,0.7049409747123718,0.8430529832839966,0.500380277633667,0.7633049488067627
0.9302939176559448,0.7693654894828796,0.5944914221763611,0.7872130870819092,0.47960665822029114,0.8487014174461365
0.9829628467559814,0.8580016493797302,0.7588880658149719,0.9074710011482239,0.4313947856426239,0.8601251244544983
0.9706661105155945,0.928261399269104,0.9706324338912964,0.9635803699493408,0.7566531896591187,0.9136388301849365
0.9576771855354309,0.6137468814849854,0.788756787776947,0.7893263101577759,0.35040029883384705,0.7821974754333496
0.9005504846572876,0.8151288032531738,0.7619752287864685,0.7452008724212646,0.5296140909194946,0.9251859784126282
0.8023385405540466,0.5443206429481506,0.45790210366249084,0.6822765469551086,0.3610273003578186,0.651827871799469
0.9821093678474426,0.9000791311264038,0.8754332065582275,0.9070013165473938,0.862503707408905,0.8397812247276306
0.9529270529747009,0.9538640379905701,0.5246719121932983,0.8143108487129211,0.3178589642047882,0.9567412734031677
0.7530336976051331,0.5976682901382446,0.596217155456543,0.7724858522415161,0.6271081566810608,0.4764249622821808
0.8744537234306335,0.5770450830459595,0.5857830047607422,0.6209461092948914,0.35556599497795105,0.6492314338684082
0.9679892063140869,0.7879883050918579,0.9394087791442871,0.9604637026786804,0.7895678877830505,0.9421167373657227
0.9754936695098877,0.8701474666595459,0.9202252626419067,0.7984923720359802,0.7675747275352478,0.8738699555397034
0.7785558700561523,0.6987369656562805,0.6395085453987122,0.7139759659767151,0.6017773747444153,0.7320510745048523
0.9003708362579346,0.7913615703582764,0.8193550705909729,0.8392228484153748,0.5582867860794067,0.714323103427887
0.967039167881012,0.8190136551856995,0.9307418465614319,0.9004318118095398,0.3045320212841034,0.9528145790100098
0.6309695243835449,0.4322940707206726,0.20633797347545624,0.2592878043651581,0.1336892694234848,0.39475154876708984
0.6505078673362732,0.12193235009908676,0.10902325063943863,0.10694991797208786,0.020184330642223358,0.003404143964871764
0.9302939176559448,0.7693654894828796,0.5944914221763611,0.7872130870819092,0.47960665822029114,0.8487014174461365
0.77494877576828,0.5056629776954651,0.45951342582702637,0.6044687628746033,0.4467662572860718,0.21603862941265106
0.7238152623176575,0.8853411078453064,0.29276448488235474,0.5169224739074707,0.26345786452293396,0.2892768979072571
0.9133269190788269,0.6525588631629944,0.7121813297271729,0.7287079691886902,0.3081303834915161,0.6419845819473267
0.9495224356651306,0.9145311117172241,0.9817168712615967,0.8945266008377075,0.08970795571804047,0.11870068311691284
0.9835531711578369,0.8508360385894775,0.8536810278892517,0.6758377552032471,0.1672995686531067,0.30752357840538025
0.9573894143104553,0.7650386095046997,0.7026485204696655,0.7634921669960022,0.23977886140346527,0.6584032773971558
0.9154368042945862,0.7110943794250488,0.3207683563232422,0.4510475993156433,0.28533315658569336,0.015139964409172535
0.9612540602684021,0.7243176698684692,0.8784609436988831,0.7981860041618347,0.5899261832237244,0.7429674863815308
0.9930537343025208,0.8614606261253357,0.9863318800926208,0.9926378130912781,0.7411500215530396,0.9993993043899536
0.7382046580314636,0.7209316492080688,0.6253425478935242,0.5717902183532715,0.3384315073490143,0.6368677020072937
0.9521692991256714,0.8933954834938049,0.9344592690467834,0.9086963534355164,0.286812961101532,0.8659425377845764
0.9937644600868225,0.7007980942726135,0.7932320833206177,0.8337334990501404,0.7085384726524353,0.6482641100883484
0.9909235239028931,0.8858250379562378,0.96152663230896,0.9353585839271545,0.9222802519798279,0.8238747715950012
0.5320027470588684,0.2265174835920334,0.6424891352653503,0.8374521732330322,0.6083232164382935,0.5076674818992615
0.8768849968910217,0.6187107563018799,0.755449652671814,0.7926974296569824,0.694142758846283,0.6297388076782227
0.6907091736793518,0.7379992604255676,0.19044490158557892,0.22717636823654175,0.7662860155105591,0.009222660213708878
0.9191985130310059,0.580423891544342,0.6647201776504517,0.747147262096405,0.4580860435962677,0.6914717555046082
0.7734615802764893,0.5586379766464233,0.4969334900379181,0.5302631258964539,0.6449821591377258,0.7157284021377563
0.742734968662262,0.6326891779899597,0.722832977771759,0.7984143495559692,0.4238787293434143,0.681786298751831
0.9858669638633728,0.7690336108207703,0.8827323317527771,0.9149016737937927,0.7052091360092163,0.8204997181892395
0.9302939176559448,0.7693654894828796,0.5944914221763611,0.7872130870819092,0.47960665822029114,0.8487014174461365
0.2507244944572449,0.14759132266044617,0.1698579490184784,0.23421652615070343,0.10038027167320251,0.026503851637244225
0.9577109813690186,0.24151013791561127,0.22140908241271973,0.09738346934318542,0.09944706410169601,0.04080743342638016
0.9737840890884399,0.9070521593093872,0.7913010716438293,0.7660921812057495,0.6452086567878723,0.8678935766220093
0.9015651941299438,0.594544529914856,0.8695369958877563,0.9260640144348145,0.6716837286949158,0.5585910677909851
0.854775071144104,0.8015919923782349,0.30180540680885315,0.6686023473739624,0.20517832040786743,0.8288785219192505
0.9637457728385925,0.8357818126678467,0.2673031985759735,0.4220905303955078,0.16286827623844147,0.34019431471824646
0.6876945495605469,0.7069125771522522,0.6857966184616089,0.4148786962032318,0.29052305221557617,0.1289636492729187
0.6338280439376831,0.591921865940094,0.5360763072967529,0.6920953989028931,0.3962307572364807,0.2125299870967865
0.9220924973487854,0.9659969806671143,0.9426584839820862,0.13190911710262299,0.034787461161613464,0.025356506928801537
0.9034949541091919,0.4559095501899719,0.2891805171966553,0.3993302583694458,0.1849132627248764,0.5346546769142151
0.5503348708152771,0.3655782639980316,0.2573956847190857,0.2963467538356781,0.1905258446931839,0.5005547404289246
0.3497583866119385,0.27896931767463684,0.24798066914081573,0.3906506896018982,0.18356917798519135,0.3818379342556
0.9453825354576111,0.6847856044769287,0.7631451487541199,0.787558913230896,0.38169628381729126,0.6817189455032349
0.9809960126876831,0.4915837049484253,0.9477084279060364,0.988673746585846,0.2912955582141876,0.47720715403556824
0.9758257865905762,0.6331847906112671,0.839598536491394,0.9243559837341309,0.3793177008628845,0.23650261759757996
0.19317525625228882,0.047986965626478195,0.04290641471743584,0.41613060235977173,0.028396151959896088,0.035171858966350555
0.9889147877693176,0.9683011770248413,0.9809586405754089,0.9262562394142151,0.6753289699554443,0.9300215244293213
0.9730721712112427,0.5489814281463623,0.808509886264801,0.9539552927017212,0.6366603970527649,0.8608142733573914
0.9550104141235352,0.6759892702102661,0.7236964106559753,0.8749650120735168,0.4261375069618225,0.7452033758163452
0.9623005986213684,0.8807041049003601,0.8697399497032166,0.7764286994934082,0.5673288106918335,0.603516697883606
0.7124749422073364,0.2626363933086395,0.41309377551078796,0.3704887926578522,0.22172199189662933,0.1650368869304657
0.9257034063339233,0.9005707502365112,0.9393439292907715,0.9524559378623962,0.3907187581062317,0.9398725628852844
0.4423600137233734,0.36553463339805603,0.44158777594566345,0.6713584065437317,0.4428112506866455,0.42767423391342163
0.24445539712905884,0.08060572296380997,0.6689605116844177,0.9156708717346191,0.9531373977661133,0.9633963108062744
0.9474665522575378,0.8886463642120361,0.9134106040000916,0.8895993828773499,0.5607784390449524,0.8786234855651855
0.9243680238723755,0.6594138145446777,0.6964942812919617,0.8119850754737854,0.4597615599632263,0.7401924729347229
0.8901736736297607,0.7448524236679077,0.882450520992279,0.692270815372467,0.5628374814987183,0.4180290400981903
0.9546788930892944,0.873707115650177,0.9109964966773987,0.9212786555290222,0.7518733739852905,0.7995312809944153
0.9933466911315918,0.7285077571868896,0.7116872072219849,0.7448638081550598,0.3307029604911804,0.7855397462844849
0.9265462160110474,0.788828432559967,0.8980507254600525,0.9556511044502258,0.5405966639518738,0.8887306451797485
0.905366063117981,0.7562909126281738,0.7431679368019104,0.8851855397224426,0.39471378922462463,0.7898909449577332
0.9177854061126709,0.6333550214767456,0.5734145641326904,0.5971685647964478,0.4208594858646393,0.8005822896957397
0.5335311889648438,0.4430018663406372,0.2859862744808197,0.5378770232200623,0.1429671198129654,0.3394676148891449
0.9865947365760803,0.2707749009132385,0.6337363123893738,0.7526558041572571,0.22666087746620178,0.23642879724502563
0.3560301661491394,0.29021936655044556,0.10206487774848938,0.19864696264266968,0.11667802184820175,0.12919484078884125
0.8551706075668335,0.7847416400909424,0.6201601028442383,0.7993413209915161,0.5716665983200073,0.614499032497406
0.05565369129180908,0.07574113458395004,0.0054633538238704205,0.002024407032877207,0.019375409930944443,0.00014071849000174552
0.9088339805603027,0.7459622621536255,0.5874051451683044,0.6077436804771423,0.38653260469436646,0.614457368850708
0.9696836471557617,0.9884770512580872,0.8965994119644165,0.9418488144874573,0.7239099740982056,0.8167839050292969
0.8899018168449402,0.8908575177192688,0.7124727964401245,0.7850035429000854,0.36062905192375183,0.4627652168273926
0.9610766768455505,0.837108850479126,0.6848457455635071,0.4972570836544037,0.7125580310821533,0.3753843307495117
0.9412704706192017,0.6515721678733826,0.6866375803947449,0.7977467179298401,0.29439082741737366,0.747713565826416
0.9510712623596191,0.7022416591644287,0.7694742679595947,0.794845700263977,0.4163591265678406,0.7336211800575256
0.8023385405540466,0.5443206429481506,0.45790210366249084,0.6822765469551086,0.3610273003578186,0.651827871799469
0.997301459312439,0.7416722774505615,0.8984619975090027,0.5582793951034546,0.04283791035413742,0.36136093735694885
0.8398013114929199,0.6074393391609192,0.7516344785690308,0.7905729413032532,0.3824189007282257,0.40749096870422363
0.9137614369392395,0.3723848760128021,0.8782230615615845,0.9563781023025513,0.854063093662262,0.9256228804588318
0.8448445796966553,0.7033967971801758,0.6348791718482971,0.7152614593505859,0.5176719427108765,0.687732458114624
0.9793998599052429,0.972402811050415,0.9000056982040405,0.8805357217788696,0.46921220421791077,0.4823617935180664
0.9987678527832031,0.9869579076766968,0.9295158386230469,0.9915894269943237,0.8571497201919556,0.9931705594062805
0.9465906023979187,0.8868408799171448,0.9401388168334961,0.8701996803283691,0.6568458676338196,0.8465642333030701
0.3337530791759491,0.40062659978866577,0.18032878637313843,0.13356588780879974,0.17509914934635162,0.023917481303215027
0.1522204428911209,0.34630030393600464,0.030537981539964676,0.029226697981357574,0.03337879106402397,0.0020271504763513803
0.5183207392692566,0.7238776683807373,0.7121292948722839,0.7933898568153381,0.7790219783782959,0.23527804017066956
0.7716203331947327,0.7675825357437134,0.7009609341621399,0.8404222130775452,0.0171488169580698,0.0017514522187411785
0.9515251517295837,0.9590734243392944,0.8155234456062317,0.8136735558509827,0.03625147044658661,0.012354888953268528
0.9956092834472656,0.7578850984573364,0.8765266537666321,0.9298455715179443,0.32625389099121094,0.6904630064964294
0.6234307289123535,0.48055458068847656,0.6764947772026062,0.7725228071212769,0.40145057439804077,0.43292534351348877
0.983559787273407,0.7834880352020264,0.8761904835700989,0.8754999041557312,0.6609300971031189,0.8863652348518372
0.8244954943656921,0.6869215369224548,0.7510843873023987,0.765990674495697,0.5293108224868774,0.6352384686470032
0.9788748621940613,0.9619255661964417,0.9785148501396179,0.24644535779953003,0.06549704074859619,0.32280442118644714
0.9957709908485413,0.9181696772575378,0.9752482175827026,0.9548514485359192,0.6288095116615295,0.9532663226127625
0.6646693348884583,0.6239089965820312,0.2883896231651306,0.6822865009307861,0.16328395903110504,0.7802602648735046
0.3050955832004547,0.27353575825691223,0.09010917693376541,0.15653455257415771,0.09720595926046371,0.11703849583864212
0.992948055267334,0.8166848421096802,0.9765641093254089,0.9886060357093811,0.6951813697814941,0.9887617826461792
0.9903170466423035,0.9349557757377625,0.9744077324867249,0.967229425907135,0.5248526930809021,0.9261611104011536
0.9675865769386292,0.6521008610725403,0.8110286593437195,0.9169057607650757,0.523559033870697,0.9932467341423035
0.9311387538909912,0.9017716646194458,0.8109478950500488,0.7935045957565308,0.5578028559684753,0.8583590388298035
0.9382804036140442,0.7377005219459534,0.7392745614051819,0.7885950207710266,0.5320737957954407,0.6829384565353394
0.9934631586074829,0.8669815063476562,0.8614848256111145,0.9259458780288696,0.49360334873199463,0.9203136563301086
0.8515728116035461,0.9581893682479858,0.6807276010513306,0.38689514994621277,0.18807391822338104,0.031002400442957878
0.8805467486381531,0.6936866044998169,0.9017547965049744,0.7361312508583069,0.7474759817123413,0.5220036506652832
0.6169828772544861,0.5669716000556946,0.6217780113220215,0.6168517470359802,0.5975174307823181,0.060402486473321915
0.801154613494873,0.5102712512016296,0.5153612494468689,0.5245518088340759,0.2760550081729889,0.647676944732666
0.9932931661605835,0.904863715171814,0.8875055313110352,0.9060226082801819,0.7706762552261353,0.3630875051021576
0.8023385405540466,0.5443206429481506,0.45790210366249084,0.6822765469551086,0.3610273003578186,0.651827871799469
0.7790826559066772,0.5618312358856201,0.6194514632225037,0.4715902507305145,0.19979125261306763,0.4063730239868164
0.8380576372146606,0.4867568910121918,0.3265467584133148,0.5914665460586548,0.7842288017272949,0.06757179647684097
0.9933207631111145,0.9066801071166992,0.9485192894935608,0.9025916457176208,0.9101882576942444,0.20838338136672974
0.8751604557037354,0.5768657326698303,0.8325324654579163,0.8273429870605469,0.4655211865901947,0.7230084538459778
0.8785642385482788,0.4992380142211914,0.6321586966514587,0.8794417977333069,0.15824159979820251,0.6699021458625793
0.9808165431022644,0.7954367995262146,0.8822156190872192,0.8668519258499146,0.6482598185539246,0.9309105277061462
0.8099647760391235,0.5755682587623596,0.5608614683151245,0.810861349105835,0.23236705362796783,0.6521613001823425
0.7108575701713562,0.6753762364387512,0.5075408816337585,0.8210382461547852,0.22143709659576416,0.84832364320755
0.9759353995323181,0.8513249754905701,0.8325380086898804,0.9587027430534363,0.5019461512565613,0.9546101093292236
0.9924947023391724,0.9356608390808105,0.9812425374984741,0.962917149066925,0.8267499208450317,0.964542031288147
0.8816434741020203,0.5858549475669861,0.5562779307365417,0.6697720885276794,0.5037770867347717,0.8002797365188599
0.8867327570915222,0.8389366865158081,0.7438244819641113,0.7525743842124939,0.385865718126297,0.548285961151123
0.7888293266296387,0.27473902702331543,0.20803572237491608,0.3256918489933014,0.24342788755893707,0.5219365954399109
0.13815432786941528,0.3192654848098755,0.20279845595359802,0.3915053904056549,0.7177439332008362,0.23733216524124146
0.6217300295829773,0.3412160277366638,0.4093799293041229,0.5732266902923584,0.2993364930152893,0.6403418779373169
0.9934679269790649,0.9332265257835388,0.7584857940673828,0.6871504783630371,0.9285808205604553,0.006634203717112541
0.9767643213272095,0.7400604486465454,0.9638259410858154,0.9403178095817566,0.47906988859176636,0.7361616492271423
0.9297181963920593,0.26656246185302734,0.14225631952285767,0.7646780014038086,0.8262083530426025,0.6233289837837219
0.914688766002655,0.9325754642486572,0.8346084952354431,0.8772274255752563,0.6440525650978088,0.767931342124939
0.5609251260757446,0.546882152557373,0.1042027622461319,0.1481899470090866,0.04503165930509567,0.2637825310230255
0.941928505897522,0.6657014489173889,0.5373644828796387,0.608859658241272,0.3228946924209595,0.26617878675460815
0.9231929779052734,0.6861575245857239,0.7223687767982483,0.7929913997650146,0.5978825688362122,0.7407481074333191
0.7176443338394165,0.7799273729324341,0.9724174737930298,0.5469540357589722,0.0511837936937809,0.14321674406528473
0.819209635257721,0.4210456311702728,0.4940459430217743,0.8014472126960754,0.37242117524147034,0.5741327404975891
0.710688591003418,0.611690878868103,0.4514899253845215,0.4650454819202423,0.21069887280464172,0.19607770442962646
0.9901106953620911,0.8961222171783447,0.9813898205757141,0.9662291407585144,0.6463038921356201,0.977489173412323
0.7635846138000488,0.30386966466903687,0.5560718178749084,0.6076372861862183,0.2376977950334549,0.3694971799850464
0.5739467740058899,0.705213725566864,0.5017848014831543,0.4184352159500122,0.24456264078617096,0.29432350397109985
0.9302939176559448,0.7693654894828796,0.5944914221763611,0.7872130870819092,0.47960665822029114,0.8487014174461365
0.926813006401062,0.8172997832298279,0.9454309940338135,0.9917569756507874,0.8597648739814758,0.6684098839759827
0.6522387266159058,0.44817739725112915,0.4890880584716797,0.466869592666626,0.43339914083480835,0.6071226000785828
0.8121698498725891,0.45251983404159546,0.510966956615448,0.4268932342529297,0.2547032833099365,0.5162476301193237
0.9894487857818604,0.8870587348937988,0.701566755771637,0.8573347330093384,0.6250476241111755,0.946030855178833
0.7538301944732666,0.4820367991924286,0.7595217823982239,0.8641483187675476,0.5411931276321411,0.82413250207901
0.9204224348068237,0.756037712097168,0.8386220335960388,0.9301955103874207,0.6420583128929138,0.9724952578544617
0.8724573254585266,0.8072087168693542,0.7268524169921875,0.3969417214393616,0.18609027564525604,0.5546085238456726
0.9265103936195374,0.8737543821334839,0.45639926195144653,0.3571842312812805,0.3084261119365692,0.2880537211894989
0.984757125377655,0.8580682873725891,0.7257567644119263,0.6124924421310425,0.46490272879600525,0.9634696245193481
0.9584132432937622,0.9575660824775696,0.9299551248550415,0.920401930809021,0.874430775642395,0.9808827638626099
0.9338411092758179,0.8245496153831482,0.8503347635269165,0.9531634449958801,0.7354410290718079,0.7670485377311707
0.916671872138977,0.4838848412036896,0.5667417049407959,0.6397987604141235,0.2526582181453705,0.4119817912578583
0.9379046559333801,0.918303906917572,0.9488776326179504,0.9681156873703003,0.7128930687904358,0.7346720099449158
0.935607373714447,0.8658262491226196,0.9199281334877014,0.6850191354751587,0.435810923576355,0.8638039231300354
0.948494017124176,0.5113010406494141,0.2895749509334564,0.640130877494812,0.2710752785205841,0.21903018653392792
0.8023385405540466,0.5443206429481506,0.45790210366249084,0.6822765469551086,0.3610273003578186,0.651827871799469
0.9601392149925232,0.8430863618850708,0.7738500833511353,0.9148737788200378,0.36433711647987366,0.6063299179077148
0.8664819002151489,0.7513254284858704,0.28268560767173767,0.6681149005889893,0.16446414589881897,0.9166377186775208
0.9876888990402222,0.6636180281639099,0.919594943523407,0.9465048909187317,0.6565172076225281,0.8907512426376343
0.9293032884597778,0.8477219343185425,0.8293910622596741,0.8767351508140564,0.6774183511734009,0.8599951267242432
0.9302939176559448,0.7693654894828796,0.5944914221763611,0.7872130870819092,0.47960665822029114,0.8487014174461365
0.6231615543365479,0.2665301263332367,0.4208160638809204,0.42748120427131653,0.23653285205364227,0.05147578939795494
0.17887558043003082,0.34228670597076416,0.3108341693878174,0.4259287714958191,0.05412231385707855,0.07260726392269135
0.6306108236312866,0.5516051054000854,0.3999559283256531,0.5289254784584045,0.2549993693828583,0.6028872132301331
0.87579745054245,0.7919718623161316,0.6364479660987854,0.8170245885848999,0.4109565317630768,0.8850038647651672
0.7841379046440125,0.5367131233215332,0.36462441086769104,0.5045925378799438,0.4661632776260376,0.48919957876205444
0.9547545313835144,0.501773476600647,0.7446280717849731,0.5668599009513855,0.14343634247779846,0.22354602813720703
0.9739501476287842,0.5690633058547974,0.9357902407646179,0.9863241910934448,0.41919615864753723,0.6319887042045593
0.818748414516449,0.7615368366241455,0.662101686000824,0.7146485447883606,0.5670533776283264,0.5714195370674133
0.38266441226005554,0.15541113913059235,0.3732624053955078,0.34739813208580017,0.16243596374988556,0.020800570026040077
0.7833002209663391,0.5795380473136902,0.6391502618789673,0.9101094603538513,0.6325722932815552,0.7043353915214539
0.8615187406539917,0.8433637022972107,0.5959879159927368,0.5192969441413879,0.8880508542060852,0.23075585067272186
0.8366690278053284,0.4557245671749115,0.4987018406391144,0.789758563041687,0.352549284696579,0.3545403480529785
0.9813085794448853,0.7480450868606567,0.9120177030563354,0.9039851427078247,0.7523548007011414,0.8832489848136902
0.9793218970298767,0.46516650915145874,0.47959664463996887,0.19215893745422363,0.3351331055164337,0.012292646802961826
0.7250778675079346,0.6009128093719482,0.4917677044868469,0.6951822638511658,0.3407440185546875,0.5709189772605896
0.995851993560791,0.5225593447685242,0.4336124360561371,0.1531664878129959,0.0672222226858139,0.08224386721849442
0.9939141273498535,0.8190235495567322,0.9643657803535461,0.9125723838806152,0.5609540939331055,0.8864564895629883
0.8716820478439331,0.8967943787574768,0.7857075333595276,0.8156130313873291,0.754551887512207,0.6280661821365356
0.9676280617713928,0.8856139779090881,0.92403244972229,0.9453741312026978,0.5959053635597229,0.845062255859375
0.9452687501907349,0.8459039330482483,0.6421815156936646,0.5898654460906982,0.16824042797088623,0.43045058846473694
0.9200865626335144,0.7174991965293884,0.6682445406913757,0.7901797294616699,0.4317764341831207,0.6704795360565186
0.9654984474182129,0.8210399746894836,0.8227163553237915,0.9061052203178406,0.6592550873756409,0.9934203028678894
0.8023385405540466,0.5443206429481506,0.45790210366249084,0.6822765469551086,0.3610273003578186,0.651827871799469
0.9186450839042664,0.5046567320823669,0.4089227020740509,0.5703120827674866,0.4045882523059845,0.048604562878608704
0.9235954880714417,0.6748179197311401,0.8780080676078796,0.6868544220924377,0.4709416925907135,0.8024814128875732
0.8023385405540466,0.5443206429481506,0.45790210366249084,0.6822765469551086,0.3610273003578186,0.651827871799469
0.9407817721366882,0.8005884289741516,0.8642979860305786,0.9068202376365662,0.6153532862663269,0.75657057762146
0.9643415212631226,0.21281035244464874,0.4615575671195984,0.7942453622817993,0.27610811591148376,0.9230912327766418
0.5267694592475891,0.5736185312271118,0.18658296763896942,0.4363384544849396,0.16399525105953217,0.18965405225753784
0.8462074398994446,0.7930154204368591,0.7006120681762695,0.8050673007965088,0.5033673644065857,0.3827022314071655
0.702811598777771,0.655279278755188,0.05444059893488884,0.5053331851959229,0.08636945486068726,0.6431013345718384
0.9217796325683594,0.9663959741592407,0.8756395578384399,0.8524212837219238,0.5347986817359924,0.8877092599868774
0.9302939176559448,0.7693654894828796,0.5944914221763611,0.7872130870819092,0.47960665822029114,0.8487014174461365
0.9989694952964783,0.995650589466095,0.9854136109352112,0.9970415234565735,0.9495146870613098,0.9969669580459595
0.867989182472229,0.8335189819335938,0.5668165683746338,0.7650886178016663,0.7639833688735962,0.1365790069103241
0.49206775426864624,0.36767441034317017,0.35013899207115173,0.582353413105011,0.24038130044937134,0.4678659737110138
0.8814095854759216,0.6431295275688171,0.6120502352714539,0.8004515767097473,0.9344778656959534,0.4240971803665161
0.9047554135322571,0.8505934476852417,0.375483900308609,0.7295227646827698,0.3220142126083374,0.9361379146575928
0.9093021750450134,0.682641327381134,0.7974492311477661,0.8472338914871216,0.9731775522232056,0.5540127158164978
0.8235707879066467,0.7356182932853699,0.601535975933075,0.6868659257888794,0.5123454332351685,0.5580006241798401
0.8856033086776733,0.6442784070968628,0.639378547668457,0.293000727891922,0.22335200011730194,0.07368394732475281
0.9283408522605896,0.8228007555007935,0.7921482920646667,0.7509474754333496,0.850147008895874,0.7120220065116882
0.9249371290206909,0.46027347445487976,0.6243124604225159,0.7848734259605408,0.30264145135879517,0.4982939660549164
0.9626829028129578,0.6762621402740479,0.8159505724906921,0.9483720064163208,0.6518945097923279,0.9121580719947815
0.9799079298973083,0.9319331645965576,0.9700899720191956,0.8857496380805969,0.7245795130729675,0.5121099352836609
0.9663698077201843,0.8644123673439026,0.8824169039726257,0.8726072907447815,0.8947082161903381,0.829945981502533
0.9733068943023682,0.8455126881599426,0.8257598280906677,0.8375193476676941,0.6550482511520386,0.8104742169380188
0.9716764688491821,0.8239706754684448,0.8716329336166382,0.6112779974937439,0.5568200945854187,0.6226759552955627
0.9935652017593384,0.828486979007721,0.9341482520103455,0.9440438747406006,0.8366184830665588,0.9607484936714172
0.910606324672699,0.697094738483429,0.5926252603530884,0.31943458318710327,0.3845663368701935,0.4795363247394562
0.8023385405540466,0.5443206429481506,0.45790210366249084,0.6822765469551086,0.3610273003578186,0.651827871799469
0.9302939176559448,0.7693654894828796,0.5944914221763611,0.7872130870819092,0.47960665822029114,0.8487014174461365
0.981977105140686,0.8177164793014526,0.9553132653236389,0.9844768047332764,0.6710081696510315,0.9510138034820557
0.9604538083076477,0.8564614653587341,0.8316036462783813,0.6541305184364319,0.6054413318634033,0.9699588418006897
0.9919399619102478,0.9726622700691223,0.986703634262085,0.9865137338638306,0.876616895198822,0.9957466721534729
0.9234195947647095,0.8160256743431091,0.8708526492118835,0.9064852595329285,0.6301800012588501,0.7464835047721863
0.9937717914581299,0.951576828956604,0.913830578327179,0.8609028458595276,0.5814464092254639,0.7514007687568665
0.9684634804725647,0.7728579044342041,0.8571445345878601,0.8491789698600769,0.3531096279621124,0.9879290461540222
0.9769584536552429,0.5575016736984253,0.87669837474823,0.9494723081588745,0.6955071091651917,0.9843423962593079
0.8023385405540466,0.5443206429481506,0.45790210366249084,0.6822765469551086,0.3610273003578186,0.651827871799469
0.8877851366996765,0.8824918270111084,0.8770315647125244,0.5029264688491821,0.4484962224960327,0.5255894660949707
0.9937096238136292,0.9730633497238159,0.9887335300445557,0.9684550166130066,0.45522159337997437,0.971237063407898
0.9955067038536072,0.9911291599273682,0.9646412134170532,0.9535466432571411,0.5091102719306946,0.9431551694869995
0.7576835751533508,0.5486533641815186,0.6460095047950745,0.6881423592567444,0.37763309478759766,0.7373840808868408
0.9404019117355347,0.7672674655914307,0.8247790932655334,0.7644342184066772,0.43130937218666077,0.5897672772407532
0.9652334451675415,0.5984782576560974,0.8261505365371704,0.7606551647186279,0.31663912534713745,0.7216557860374451
0.9479740858078003,0.9024012684822083,0.8039231300354004,0.8771138191223145,0.6997637152671814,0.8539925813674927
0.7986472249031067,0.6554566621780396,0.5384469032287598,0.5804502964019775,0.24162261188030243,0.6008101105690002
0.9937993884086609,0.7916722893714905,0.9772417545318604,0.9068030118942261,0.3847307860851288,0.6232779622077942
0.7498687505722046,0.5621384382247925,0.669799268245697,0.7014687657356262,0.37737974524497986,0.5167468786239624
0.8866990208625793,0.6744272708892822,0.7114162445068359,0.7613428831100464,0.5798507332801819,0.3170885145664215
0.922228991985321,0.6591833233833313,0.8521374464035034,0.8344664573669434,0.5598694682121277,0.8929212689399719
0.8967114686965942,0.8036506772041321,0.47494152188301086,0.6098300218582153,0.40405115485191345,0.5093801021575928
0.9754300713539124,0.9824824929237366,0.9460379481315613,0.9670676589012146,0.4392344653606415,0.9962713718414307
0.7994820475578308,0.3886980712413788,0.5971884727478027,0.5044952630996704,0.3548211455345154,0.16990329325199127
0.9673771262168884,0.9437751173973083,0.9253328442573547,0.9527610540390015,0.5060685276985168,0.7580545544624329
0.928257167339325,0.7372324466705322,0.6540226340293884,0.7348995208740234,0.4926452934741974,0.6318109631538391
0.7385277152061462,0.4429008364677429,0.5166625380516052,0.6954002976417542,0.1640000194311142,0.14864581823349
0.7839406132698059,0.8059839606285095,0.6387583017349243,0.6809273958206177,0.4420856833457947,0.45964717864990234
0.8841239213943481,0.7660516500473022,0.581683337688446,0.7424721121788025,0.5624377727508545,0.43740448355674744
0.9798247218132019,0.7426448464393616,0.9241001605987549,0.9898180961608887,0.74644935131073,0.9457464814186096
0.6840605735778809,0.45794546604156494,0.3759515583515167,0.6997004151344299,0.46267709136009216,0.29444998502731323
