term,mean_tfidf
url,0.06576290503879714
email,0.025045390295626302
replica,0.0171234932007461
10,0.015893730382049335
cnn,0.015583242480117285
2008,0.01421283252511351
watches,0.013116913475442811
com,0.01303327549862931
list,0.012369162600766018
wrote,0.01223432249165285
new,0.011357317550575757
just,0.01084470691900657
click,0.010784813227095258
mail,0.010466646585889335
time,0.010430780836490731
account,0.010268073254284705
use,0.010252158494594366
like,0.010246954293185178
news,0.010215072456543723
python,0.010174568182333171
money,0.009625088967614652
don,0.009400437901436366
message,0.00928232192280037
cnn com,0.008434089539178275
alert,0.008313341682631002
love,0.008270996411160584
want,0.008231599995700271
watch,0.008099580863252128
network,0.007994248793955166
free,0.007964346928495764
unsubscribe,0.007953532650521183
mailing,0.007908120620857492
replica watches,0.007785643326884848
help,0.007687166463486591
work,0.007679024620883308
mailing list,0.007607321661100236
make,0.007570687509973885
need,0.0074601690421776815
life,0.007449275154815555
best,0.007388589394389133
know,0.007366596567701731
information,0.007215531480858521
bank,0.007149630710651108
email url,0.007146105793451372
settings,0.0069183083380986695
cable,0.0068290240562933055
company,0.006797169361494017
news network,0.006651490182858946
cable news network,0.006638546723051875
cable news,0.006638546723051875
think,0.006600633339015968
using,0.006582523277992431
url url,0.00658142531441039
good,0.006549765839726136
file,0.006543827530245274
does,0.006432240705567302
check,0.006387200293076635
custom,0.006354561871296591
list email,0.006190394212810086
send,0.006174384494893231
people,0.006153397093266262
mailing list email,0.006080349195666794
health,0.006050270592070272
list email url,0.006047762685329947
site,0.0060028376462450605
business,0.0059449170552200795
receive,0.005925909678082273
url 10,0.005821420964811588
way,0.0058017310434350395
going,0.005791768938857892
thanks,0.005770451988716232
rolex,0.005727439836080923
online,0.005715457436706091
line,0.005711762675997839
men,0.0056232278347471375
read,0.005595782787723994
ve,0.005526133213913193
dear,0.0055220448321868735
replica classics,0.005504130789499763
classics,0.005501507784250453
aug,0.005498966190702684
offer,0.005488211417292505
url unsubscribe,0.00548361762982519
women,0.005461465415483613
20,0.0054594226443245705
today,0.00545548902601275
address,0.005436192814083404
2007,0.005279299478822052
pm,0.005275040180967458
right,0.005197492073074886
contact,0.00519313131547995
visit,0.0051713892659566735
security,0.0051575408189669415
problem,0.005153099959786577
code,0.00512265342735487
products,0.005003724276519039
version,0.0049947808432246645
aug 2008,0.004987432194014864
world,0.004976897126447713
linux,0.004973797344976191
country,0.004960625112321912
server,0.004940423086926892
00,0.0049086590154671155
000,0.004893476646290072
order,0.004892909719832499
man,0.004869522650061229
data,0.004856053435391308
2002,0.004830679373296832
change,0.004826711332419304
perl,0.004808880699086495
software,0.004796429530900729
try,0.0047909489460498614
look,0.004721239683940789
mr,0.004714186369679657
service,0.004710702477353486
spam,0.004656626432674179
web,0.004628522170272381
hi,0.004622262250457336
years,0.004604077690739925
email email,0.004599826916805727
users,0.004586631752067589
details,0.0045749357996809886
daily,0.004544887416624047
unsubscribe url,0.004534355769407155
got,0.004499084373367103
11,0.004495632536589756
really,0.004495484134067848
regards,0.004464194153100175
15,0.004417050263555914
view,0.004410243984444192
great,0.004402771804957337
home,0.0044015980088798305
test,0.004399879022590445
rights,0.004397010452129094
12,0.004396680570660874
content,0.0043829551779023005
url unsubscribe url,0.004376333933399608
date,0.0043678380587785694
fund,0.004365243750301124
email url unsubscribe,0.004358696169922047
size,0.004354598866219613
ll,0.004354333805901172
buy,0.004333362936880802
transaction,0.004329395312650948
transfer,0.004327332866058827
sent,0.004303194188658367
privacy,0.0042730585896668455
reserved,0.004272449747605362
group,0.004269733346019107
link,0.0042600461554145415
result,0.004255900416927336
available,0.004251488523855379
alerts,0.0042378334105699815
better,0.0042347073248489835
dev,0.004223691806188804
quality,0.0042112981822726905
used,0.004179445580268249
day,0.004148504023000239
rights reserved,0.004147128355208146
university,0.004138375196484957
custom alert,0.004127312574382869
30,0.004120948120899831
reply,0.00410959325749557
type,0.004104369431991464
videos,0.004098238664636881
said,0.0040908298445785805
center,0.004086492909836208
come,0.0040723230798172605
personal,0.004046795558560034
postfix,0.004031870611783915
stories,0.004027522619328392
high,0.004023932341593784
real,0.0040196540514380935
lp,0.004006977636665327
support,0.003970161983850074
prices,0.003958488381887415
set,0.003952636233495536
daily 10,0.003936233270465795
looking,0.003924227309791976
error,0.003916900546841615
let,0.0039151661351981846
subject,0.003892395074693836
network lp,0.0038884442684151534
news network lp,0.0038884442684151534
lllp,0.0038884442684151534
network lp lllp,0.0038884442684151534
lp lllp,0.0038884442684151534
going url,0.003887986018701296
did,0.0038877958955594646
able,0.003879828472963206
user,0.003879786647467665
thing,0.003874506100824618
number,0.0038405290771933863
ge,0.0038401055727028057
safe,0.003837500461085623
agreed,0.0037704037019808062
update,0.0037293602984529227
02,0.003726029914896755
receiving,0.0037252854551859563
manage,0.003717218661706421
funds,0.0037135707238621497
client,0.003645656208922481
million,0.0036426003441373447
save,0.0036397067845657916
price,0.003636103381041501
pgp,0.0036231993389183566
case,0.003568406933834644
run,0.0035630484481846466
sure,0.0035609310066057435
john,0.003550047695693026
100,0.0035160378015097545
files,0.003514234118407119
possible,0.003492838574270371
patch,0.0034769740455738683
receive email,0.0034722417846757454
windows,0.0034688530060962564
preference,0.0034518584246756813
return,0.00344653473765343
add,0.003445082985586429
family,0.0034446987896900602
dev mailing list,0.0034222781332185538
dev mailing,0.0034222781332185538
self,0.0034054054726951827
python dev,0.0034053766797645466
policy,0.003387624662049627
watches replica,0.0033637306845241085
suspect,0.0033604139660208883
sex,0.003356820165609972
long,0.0033530644752640987
georgia,0.003352082880147598
company rights reserved,0.003347413617640919
company rights,0.003347413617640919
old,0.003337856842100613
atlanta,0.0033356065111925185
warner,0.003327961908583624
issue,0.0033252390185585195
atlanta georgia,0.0033213063768703322
atlanta georgia 30303,0.0033192733615259374
preference settings,0.0033192733615259374
center atlanta,0.0033192733615259374
georgia 30303,0.0033192733615259374
30303 2008 cable,0.0033192733615259374
settings manage,0.0033192733615259374
30303 2008,0.0033192733615259374
30303,0.0033192733615259374
manage settings,0.0033192733615259374
time warner,0.0033192733615259374
time warner company,0.0033192733615259374
warner company rights,0.0033192733615259374
warner company,0.0033192733615259374
email cnn com,0.0033192733615259374
email cnn,0.0033192733615259374
2008 cable news,0.0033192733615259374
2008 cable,0.0033192733615259374
settings manage settings,0.0033192733615259374
cnn com result,0.0033192733615259374
georgia 30303 2008,0.0033192733615259374
com result cnn,0.0033192733615259374
center atlanta georgia,0.0033192733615259374
cnn com preference,0.0033192733615259374
cnn center atlanta,0.0033192733615259374
cnn center,0.0033192733615259374
result cnn,0.0033192733615259374
result cnn com,0.0033192733615259374
com preference,0.0033192733615259374
com preference settings,0.0033192733615259374
receive email cnn,0.0033192733615259374
agreed receive email,0.0033192733615259374
preference settings manage,0.0033192733615259374
agreed receive,0.0033192733615259374
com result,0.0033192733615259374
research,0.003282701097381998
download,0.0032671811032953762
store,0.0032660017425046547
say,0.0032467848403442755
year,0.003244127256097438
python dev mailing,0.0032417654101470116
09,0.0032281982478332334
systems,0.0032272493374311253
power,0.0032231261235751998
24,0.0032139150176670713
po,0.00321081115806599
page,0.0032076934874647432
comments,0.0031922983446274755
kin,0.0031863200800121352
internet,0.0031808845911841135
16,0.003174902852698885
payment,0.0031646604317150215
25,0.0031576990095650054
local,0.003156270063466806
en,0.003153830888710593
reason,0.003153542468840366
original,0.0031465623590952725
08,0.003145838647681272
click url,0.0031214987444846552
following,0.003115228327554576
dollars,0.0031128815061008605
dr,0.0031104831748948697
customer,0.003107764206912109
method,0.0030987996946725757
special,0.003088588867378537
access,0.0030868652707337855
different,0.0030811137011294517
late,0.0030777368838025383
text,0.0030652284496410828
start,0.0030625569766550126
guaranteed,0.0030576160304142605
computer,0.0030519652762582552
build,0.0030484443380195034
assistance,0.0030423635907778713
foreign,0.003039117667880303
government,0.003039051902713551
fast,0.003035250225445188
fri,0.003031880188218092
release,0.0030317220396658857
end,0.003027761951895555
messages,0.0030257958032196964
things,0.003018583003157785
video,0.0030177814081624728
package,0.0030177122864413018
provide,0.0030115802565818146
07,0.003006025649303138
feb,0.003005499738733314
proposal,0.003002876917565115
father,0.0029990282138195566
lar,0.0029916671766680955
bug,0.002991321293394903
running,0.0029851594217811367
doesn,0.002970455484584504
american,0.002965492015929562
01,0.0029593496762771554
process,0.002956483355654075
post,0.0029532680317691006
phone,0.002940127974505654
delivery,0.0029382072548860627
increase,0.002933799833342676
install,0.002930962488012498
works,0.002927192516481063
source,0.0029267229633640366
sum,0.0029187155734267593
gain,0.0029176289772061743
lot,0.0029135482968970774
dvd,0.0028941510559224895
assignee,0.0028882643107525433
united,0.0028867752524963796
org,0.002886450619714595
problems,0.0028842331175640066
request,0.002873102423303923
purchase,0.0028717516338247905
spamassassin,0.0028716325767833813
open,0.0028713327742791294
obama,0.0028661960720221943
watches replica classics,0.0028564742510258593
thank,0.002855472201591727
results,0.002843277529875025
soon,0.00283624214839463
passengers,0.0028351731740296035
18,0.002831977786794626
usa,0.002823795561554039
received,0.0028125885881819575
large,0.002810034508898475
14,0.0028045136731442355
person,0.002801437611088726
based,0.002789352133556409
working,0.00278539859037558
terms,0.002779227052632765
days,0.0027791637141006097
till,0.0027747203247601945
pills,0.002771899108426054
note,0.002769950632886832
glad,0.0027688330907298577
week,0.002765437673930446
13,0.0027618269007391783
net,0.002761416721839192
card,0.0027611912314462568
yes,0.002737483421910578
id,0.0027357332912127854
question,0.0027302809675178123
deal,0.0027242184320581584
17,0.0027204226281420316
py,0.0027138237925608535
future,0.002704699988433361
states,0.0027020068422940334
23,0.002700604863960508
story,0.0026975119201900675
product,0.0026875789788857376
box,0.002680122780540646
yahoo,0.0026680676554433807
says,0.0026643445782282486
fax,0.0026583537961078056
getting,0.0026560753106117862
having,0.0026542323360539666
place,0.0026436442191293823
simply,0.002640501589681425
immediately,0.002635631944538486
making,0.0026333261700009925
main,0.0026299483259435066
19,0.0026140105071483627
ok,0.0026097515227829146
com aug,0.0026034941104416836
signature,0.002602885367541645
private,0.002601691834039215
ren,0.0025985530735881364
huge,0.002593068434245089
cy,0.0025815400504003013
sa,0.00257632107429511
matter,0.002574694798644697
begin,0.0025649609419479934
58,0.0025627391115139045
com aug 2008,0.002552427160480814
cost,0.0025496667277903253
shipping,0.002537604869384773
inches,0.0025369145841638305
head,0.00253342013444196
write,0.0025285507096846514
point,0.0025276903225250045
called,0.00252608520437097
actually,0.0025250912928338094
privacy policy,0.0025209345126964255
easy,0.0025192422931736864
experience,0.002517042091696504
summer,0.002515906351637254
important,0.002513532566831991
url date,0.00251074425056193
forward,0.0025083942239316694
africa,0.0025036864696641697
state,0.0025007014591361216
22,0.00249583339544051
trust,0.0024950580223048625
investment,0.002486388015865151
personal life,0.0024812019080848705
url url date,0.002480776551251944
website,0.0024794508773425318
believe,0.0024750747324032013
arrested,0.0024689903002854275
url url url,0.002462776494192207
papers,0.0024603765890235446
oil,0.0024602521233444657
conference,0.0024565088380650714
plane,0.0024499003640777403
program,0.0024450849173695247
rpm,0.002431962080174584
solution,0.0024259561169473164
tell,0.0024215141989388967
learn,0.0024207139119169657
21,0.0024167866589510294
mccain,0.002398941023011775
tool,0.002394248863544511
work think,0.002393342227879829
os,0.002392998708399465
wish,0.0023873913211188667
40,0.002380909170635121
assist,0.0023807408688707064
life glad,0.002380640192166342
personal life glad,0.002380640192166342
site details,0.0023801325660159065
kind,0.0023759487682844306
non,0.002375935545924645
including,0.0023726916458863723
bit,0.0023721029428080253
current,0.002367282124785777
hello,0.0023588839179490197
feel,0.0023585371997434253
services,0.002357172517069591
info,0.002356282097696827
hard,0.002353152531503819
ma,0.002352060362989564
form,0.002347013857149638
trying,0.0023436621357657544
mark,0.0023399705063873685
break,0.002328879565454984
application,0.002324632756442314
machine,0.0023233825150823363
medications,0.0023216571154378697
99,0.0023216176950781745
response,0.0023167554426831035
claim,0.0023128330016783365
short,0.0023123739117968402
natural,0.0023080148105088486
reports,0.0023027620801513854
confidential,0.002301625234074014
months,0.0022986862118943127
google,0.0022920645264799286
secure,0.002289100097852545
second,0.0022856770097529067
50,0.0022763959810750247
total,0.002272330897340195
pgp signature,0.0022667236333268133
trusted,0.002260805027412543
gets,0.0022572748550149678
times,0.0022548390083145927
low,0.0022547068384311955
email address,0.0022538825792553442
shall,0.002250128271988592
04,0.0022476290074060165
instead,0.002242184784888487
suggestions,0.0022397649871977498
begin pgp,0.0022383711902458888
easily,0.0022383462866406114
lib,0.0022376525481066505
care,0.0022346029529851765
bad,0.002231136806283204
include,0.0022261869532741356
guidelines,0.0022260821079659737
probably,0.0022257945048518844
october,0.002225542106031367
interested,0.0022234958241160946
guido,0.002223434844538666
directory,0.002220216499478033
doing,0.0022144942426302948
offers,0.002212283804251879
follow,0.0022067996702913287
god,0.0022047387619694406
changes,0.0022011623928574627
share,0.0021991775661879113
shop,0.0021979519474859734
big,0.0021977731636090895
url read,0.0021938171348494765
foo,0.002191287316691368
night,0.0021870050596191786
simple,0.0021853900452604258
hope,0.0021777282975304233
mom,0.0021763362406334173
south,0.002171264369022547
february,0.0021680957369324175
soros,0.0021648351076756526
happy,0.0021591481288611484
project,0.0021588271475977117
06,0.002158270193476381
29,0.002157258764711773
report,0.0021569684438917515
brands,0.0021567357619853007
canadian,0.002154428060912109
heart,0.0021542543845303663
think health personal,0.0021534343272302417
think health,0.0021534343272302417
health personal life,0.0021534343272302417
health personal,0.0021534343272302417
work think health,0.0021534343272302417
death,0.0021486708946257048
learning,0.0021455917970595725
2005,0.0021445497779687683
remove,0.0021432082674024155
manager,0.0021384100415159923
attack,0.0021361064574665183
won,0.002134806061508739
longer,0.0021327417419046532
view privacy,0.0021317057065084076
murder,0.0021299295283725363
example,0.0021278205915863544
05,0.0021253980713014163
applications,0.0021240808867721275
domain,0.0021228154133678123
har,0.0021226859755566676
weeks,0.0021225606607295716
frequency,0.00212191241077482
member,0.002118509340536756
view privacy policy,0.0021173067591926447
alter,0.00211721379602436
cheers,0.0021145052699025526
decided,0.002108734422172321
science,0.0021073764758548605
woman,0.002104258418557728
criteria,0.0021029245715094773
course,0.002101810253012073
value,0.0020988986233366914
fri aug,0.002093692224908812
class,0.0020926000550208325
friend,0.0020895825419151516
idea,0.0020890647340063248
policy terms,0.0020886825783957156
privacy policy terms,0.0020886825783957156
manage settings click,0.00208819436477304
story agreed receive,0.00208819436477304
network time,0.00208819436477304
network cnn,0.00208819436477304
network cnn center,0.00208819436477304
rights reserved view,0.00208819436477304
criteria frequency,0.00208819436477304
story agreed,0.00208819436477304
news network cnn,0.00208819436477304
news network time,0.00208819436477304
custom email,0.00208819436477304
receiving custom,0.00208819436477304
alter alert criteria,0.00208819436477304
alter alert,0.00208819436477304
email alerts click,0.00208819436477304
criteria frequency unsubscribe,0.00208819436477304
network time warner,0.00208819436477304
receiving custom email,0.00208819436477304
email alerts,0.00208819436477304
unsubscribe receiving custom,0.00208819436477304
click alter alert,0.00208819436477304
reserved view privacy,0.00208819436477304
reserved view,0.00208819436477304
click alter,0.00208819436477304
frequency unsubscribe,0.00208819436477304
custom email alerts,0.00208819436477304
settings click,0.00208819436477304
alerts click,0.00208819436477304
frequency unsubscribe receiving,0.00208819436477304
cnn alerts,0.00208819436477304
settings click alter,0.00208819436477304
alert criteria frequency,0.00208819436477304
unsubscribe receiving,0.0020873537120484355
alert criteria,0.0020867550955836166
additional,0.0020860463835249035
understand,0.0020860177618518003
edt,0.0020827998847106426
perfect,0.002078471819393931
usr,0.002077060884598451
click cable,0.002076453181035588
click cable news,0.002076453181035588
alerts click cable,0.002076453181035588
ago,0.0020761121136107373
department,0.0020744417785164677
password,0.0020724042698865284
specific,0.002071816782132102
management,0.0020679060170851883
custom alert alert,0.0020636562871914343
alerts custom alert,0.0020636562871914343
alerts custom,0.0020636562871914343
alert custom,0.0020636562871914343
alert alert custom,0.0020636562871914343
cnn alerts custom,0.0020636562871914343
alert alert,0.0020636562871914343
alert custom alert,0.0020636562871914343
content type,0.002056410330169191
ready,0.0020542081114537335
pay,0.002050563433294011
watches url,0.002049459651991723
stop,0.0020437797696529684
wrong,0.002041846203321732
credit,0.0020390258321505896
president,0.002038256266220719
september,0.002037381238957175
03,0.0020370997820219586
26,0.0020337405198215873
win32,0.0020328428245343336
paper,0.002027645347130391
answer,0.002024300167906328
28,0.0020186746503520676
fri aug 2008,0.002012616924481847
unsubscribe daily,0.0020031747486322425
talk,0.002002986534333771
died,0.002000914146551354
module,0.0020000914997643417
manhood,0.0019982674999548884
pleasure,0.00199747004458738
quick,0.001994009363751744
status,0.001994004633517033
log,0.0019917925114479014
58 pm,0.001991385042267248
es,0.0019900458022925403
thought,0.0019858441693773494
standard,0.001984060867641964
required,0.001983618644054405
maybe,0.001982470201004637
print,0.001976637869394586
pm edt,0.0019766194694220483
range,0.0019755732628271854
small,0.00197542123266745
fixed,0.0019750444151447524
deposit,0.0019747327722762628
search,0.001974362348004644
anthrax,0.0019738694448849475
paris,0.0019712771331696576
team,0.001971260365243697
2008 58,0.0019705033259851713
united states,0.001967257702102564
attached,0.0019660529533526115
removed,0.0019632963329339844
url agreed,0.0019622254065673563
true,0.001961997991451719
exactly,0.001960542707016989
read privacy,0.0019592681181343366
issues,0.0019588427844558914
send comments,0.0019565459648841895
2008 58 pm,0.0019563642800389486
comments suggestions,0.0019558793623122212
64,0.001954770447812707
anthrax suspect,0.0019522256629863476
junior,0.0019508241079843262
10 url,0.0019493088133807315
script,0.001946379010483947
pharmacy,0.0019459439296709894
currently,0.0019453591117507014
going url agreed,0.0019442221342075767
settings url unsubscribe,0.0019442221342075767
comments suggestions going,0.0019442221342075767
going url read,0.0019442221342075767
aug 2008 58,0.0019442221342075767
news cable,0.0019442221342075767
10 stories,0.0019442221342075767
news cable news,0.0019442221342075767
read privacy guidelines,0.0019442221342075767
pm edt 10,0.0019442221342075767
reserved send,0.0019442221342075767
send comments suggestions,0.0019442221342075767
daily 10 url,0.0019442221342075767
cnn com videos,0.0019442221342075767
cnn trusted,0.0019442221342075767
daily 10 cnn,0.0019442221342075767
cnn trusted news,0.0019442221342075767
unsubscribe daily 10,0.0019442221342075767
trusted news cable,0.0019442221342075767
trusted news,0.0019442221342075767
reserved send comments,0.0019442221342075767
videos stories aug,0.0019442221342075767
com videos stories,0.0019442221342075767
url cnn trusted,0.0019442221342075767
rights reserved send,0.0019442221342075767
privacy guidelines going,0.0019442221342075767
url unsubscribe daily,0.0019442221342075767
lp lllp cnn,0.0019442221342075767
guidelines going,0.0019442221342075767
videos stories,0.0019442221342075767
lp lllp time,0.0019442221342075767
guidelines going url,0.0019442221342075767
stories aug 2008,0.0019442221342075767
stories aug,0.0019442221342075767
edt 10,0.0019442221342075767
edt 10 videos,0.0019442221342075767
url cnn,0.0019442221342075767
10 videos,0.0019442221342075767
suggestions going,0.0019442221342075767
lllp time warner,0.0019442221342075767
url 10 stories,0.0019442221342075767
com videos,0.0019442221342075767
lllp cnn,0.0019442221342075767
lllp cnn center,0.0019442221342075767
lllp time,0.0019442221342075767
suggestions going url,0.0019442221342075767
url read privacy,0.0019442221342075767
privacy guidelines,0.0019442221342075767
58 pm edt,0.0019442221342075767
url agreed receive,0.0019442221342075767
10 cnn,0.0019442221342075767
10 cnn com,0.0019442221342075767
manage settings url,0.0019442221342075767
url anthrax suspect,0.0019438093575600186
url anthrax,0.0019438093575600186
settings url,0.0019426395887818314
length,0.0019399700877872875
supplement,0.0019349005299680799
effective,0.0019315074852791108
martin,0.0019268565796666452
mar,0.0019262839546368006
quite,0.001923667066571808
little,0.001923256747000942
wed,0.001922590463411436
html,0.0019216349913829124
reliable,0.0019192545137727583
hopes,0.0019172679379613907
emergency,0.0019162730577241814
hilton,0.0019157956817892833
paris hilton,0.0019157956817892833
high quality,0.0019140859854926803
girl,0.0019129319359406382
added,0.0019121429636120466
approved,0.0019108433198338018
fact,0.0019082516534579693
enhancement,0.0019042496829158725
fix,0.0019017248054709452
methods,0.0019001169194653245
3000,0.0018890863479867407
opensuse,0.001888753700921624
hours,0.0018836871251281906
paul,0.0018809622251647628
official,0.0018799206543936558
copy,0.0018769734126497998
wide,0.0018758633129456357
particular,0.0018741189744039515
far,0.0018734809389791872
python 3000,0.0018723404476152414
makes,0.0018709785129679217
gold,0.0018676601146037893
1st,0.0018671580928898285
submission,0.0018665227743957613
landing,0.0018652972816692965
lowest,0.0018635103993767694
tue,0.0018633151456187973
office,0.0018613715649474568
needed,0.0018611731042632526
men url,0.001861013020380373
names,0.001860086041053156
david,0.0018573925615711924
apply,0.001855505787831706
di,0.0018551219602398667
security company,0.001851374294816432
arrested url,0.0018498639199405428
27,0.0018489932847487107
create,0.0018481067785916364
url john,0.0018445971514818894
function,0.0018442569589541356
notice,0.0018437106005999152
send email,0.001843101377599062
url passengers,0.0018422810430637764
gotti arrested url,0.0018422810430637764
john junior gotti,0.0018422810430637764
url john junior,0.0018422810430637764
emergency landing,0.0018422810430637764
junior gotti arrested,0.0018422810430637764
junior gotti,0.0018422810430637764
gotti,0.0018422810430637764
john junior,0.0018422810430637764
gotti arrested,0.0018422810430637764
development,0.0018398434882305457
subscription,0.0018360572096347426
knowledge,0.0018355284032049886
partner,0.0018340477043327173
key,0.0018315660436618462
wife,0.0018281802736775854
31,0.0018253312664125029
finally,0.0018253208405164117
2008 02,0.0018238354973099688
needs,0.0018234876819071784
photos,0.0018226935793334016
tried,0.0018207445937935417
given,0.001819155303512192
gains,0.001813330490902242
replica watch,0.0018120252631172382
medical,0.001811980753917459
van,0.0018087123261785593
models,0.001807251821406457
ice,0.0018068117824954191
general,0.001805949945730682
nice,0.0018059251797984915
irish,0.0018056656805217571
ca,0.0018035818508989189
necessary,0.0018024423075732373
police,0.0018022435064004435
tv,0.0017976489192522884
international,0.0017972602624563869
python 3000 mailing,0.0017964166968734898
3000 mailing,0.0017964166968734898
3000 mailing list,0.0017964166968734898
isn,0.001796415120624541
means,0.001795293301772463
step,0.0017920458094850438
ladies,0.0017918109130439718
limited,0.0017863726580455007
popular,0.0017827049124642573
didn,0.0017761302340412936
looks,0.0017759114000942436
bin,0.0017688047246247629
bed,0.0017682877325352262
oct,0.001766357794186001
url date 2002,0.001764857934104934
date 2002,0.001764857934104934
installed,0.001763497350311978
questions,0.0017627734096618698
letter,0.0017580126639748172
comes,0.0017575752630482294
dakota,0.0017557633930891119
super,0.0017535019156039668
stand,0.0017482880083243455
nigeria,0.0017476997096482058
workshop,0.0017474886998464394
ask,0.0017458723111258591
root,0.001744513110814929
selection,0.0017437406499163739
pe,0.0017426524548602793
position,0.001742444381264179
expenses,0.001739785872341804
url email,0.0017388968293327472
60,0.0017376589977939662
husband,0.001737367916072675
signed,0.0017372307648302263
apr,0.0017362941008909145
replica watches replica,0.0017351890877061091
march,0.0017297065059357671
south africa,0.0017287882649610763
remember,0.0017281979519821482
design,0.0017246822958128683
best regards,0.0017237971574613144
away,0.0017236551980751213
default,0.0017220630688923164
major,0.0017218864261474454
allow,0.0017198105623000245
documents,0.0017170568341946316
microsoft,0.0017167366042537574
financial,0.0017148000172196724
today url,0.00171402152375166
tests,0.001713989626796567
pretty,0.0017085436580924426
extra,0.0017060318545679986
visit site,0.001703844282837909
al,0.0017034495940985053
job,0.0017033181246916371
firm,0.0017015456732196554
cd,0.0016982178293980625
deposited,0.0016966784034575697
growth,0.0016959615809907637
telephone,0.0016958873732963544
target,0.0016932342596217885
razor,0.001690266103443008
cheap,0.0016869362919771118
upgrade,0.0016859214516317636
present,0.0016853822454777386
kernel,0.0016840466479168775
known,0.0016832414712278387
failed,0.0016821409102339435
body,0.0016795842805355137
language,0.0016791516158191479
pro,0.0016761749235904104
national,0.0016757512681699516
numbers,0.0016728547446165805
lose,0.0016725883752321284
stay,0.0016709967143708113
options,0.0016672251123051147
month,0.0016667325974713037
object,0.0016587749503528839
style,0.0016575618432301997
thousand,0.0016543173406041553
viagra,0.0016485890767138516
white,0.0016476515123074083
urgent,0.0016450272959065192
left,0.0016447996037083853
behalf,0.0016446187272449603
confirm,0.0016446043540659
groups,0.0016421358564708611
live,0.0016407076784454384
opportunity,0.001640506747170065
mean,0.001635134670184993
incredible,0.0016347919612582176
close,0.0016340880208962209
return url,0.00163018518539759
customers,0.0016279863731720066
choose,0.0016250255218442883
leave,0.001624818592004959
fine,0.0016232048974814566
complete,0.001622136638753453
watching,0.0016220193167931162
replica watches url,0.0016195330314839331
sell,0.0016157146711900888
delivered,0.0016132431236873575
asked,0.0016131809205759571
watches rolex,0.0016109569025315443
mrs,0.0016107197109606864
se,0.0016087840367920397
legal,0.001608309797761729
stuff,0.001607533601567793
packages,0.0016074626856890865
risk,0.0016045107233458775
public,0.0016028722969497924
time break work,0.001600024342117124
time break,0.001600024342117124
break work think,0.001600024342117124
break work,0.001600024342117124
hit,0.0015992978617601979
wanted,0.001598486801602451
drive,0.001596470029374661
life url,0.0015961181132650496
sf,0.0015955691028558057
rules,0.0015938640728716043
market,0.0015920207029145787
started,0.0015915363367232827
members,0.0015912014227459333
level,0.001589473881877381
latest,0.0015882881221697264
don know,0.0015879646567968123
thread,0.0015816524274224093
le,0.0015812439556000123
foreigner,0.0015809535368235947
replica watches rolex,0.0015794377877057393
august,0.001579183302408172
commentary,0.0015763931582583224
achieve,0.0015751381028192247
europe,0.0015711112393730726
rolex replica,0.001570163472420203
absolutely,0.0015685553536627192
2006,0.001567012260859366
beneficiary,0.0015654762163571816
guess,0.0015629269907470658
smtp,0.0015576113332029825
header,0.001557564279176228
control,0.0015574384290942135
link url,0.0015559438044534303
st,0.0015558906588137883
setup,0.0015557703713252927
acy,0.0015540008098337069
satisfied,0.0015532638887736272
sat,0.0015496756464092852
license,0.0015489548275575387
created,0.0015479668122039564
attention,0.0015472726147005796
charset,0.0015460088017240727
america,0.0015433044601517352
cause,0.001543258138001321
format,0.0015431038234605145
recipient,0.0015425927464332786
sponsored,0.0015415311825193287
url commentary,0.0015397284054493308
interesting,0.0015396783128882431
worked,0.0015373564809846813
monster,0.0015358696411984102
database,0.001534424727094814
till 1st,0.001530134968524542
takes,0.0015290699596503044
emails,0.001528989317839879
mother,0.0015273189613959463
unless,0.0015272944235389429
wait,0.0015263965010514666
suse,0.001525800261818641
mail email,0.00152515211780579
failure,0.001523701096980095
sorry,0.0015214624571917499
herbal,0.0015209185263126111
recent,0.0015201241039642674
greg,0.0015196572523907715
kindly,0.00151945992166181
child,0.00151888488152865
type text,0.0015183779860668874
content type text,0.0015163184994465137
mon,0.0015160689017778082
sun,0.0015159902556412478
features,0.0015155250589991443
versions,0.0015141433645649365
written,0.0015136011170651326
seen,0.0015125061359734554
performance,0.001512439936732514
string,0.0015108971203310314
october use,0.0015108949831243162
review,0.0015094475954886331
host,0.0015087579944475234
er,0.0015085424620693178
32,0.0015070932977834977
memory,0.001505944596559195
ne,0.001505680852112101
networks,0.0015027213803201274
philippe,0.0015026372108090048
encoding,0.0015022140711466296
unfortunately,0.001501344893351265
taken,0.001497269438077491
receiving mail,0.0014968885222517085
provided,0.00149673717066785
44,0.0014943457143688573
35,0.0014928587391178272
companies,0.0014916794189064517
choice,0.0014907380588131413
copyright,0.0014894351597535703
parties,0.0014866670588797645
genuine,0.0014860907507876
book,0.0014848804589868664
python win32,0.0014815693902585883
core,0.0014814801654884809
uses,0.0014795960939422725
font,0.0014774661439366477
ed,0.0014723190428831937
send email email,0.0014717928638625464
01 00,0.0014717408667712347
deceased,0.0014717118830982576
verify,0.001471148458229248
invest,0.0014710947890962335
turn,0.0014710434314834867
copies,0.0014708869974453499
rated,0.0014694944668790669
came,0.0014680441520078201
recently,0.0014665515845132026
pecker,0.0014645761376576273
dog,0.0014638726718009744
communication,0.001463661908751092
bug watching,0.0014610455588351477
pc,0.0014610060551304266
enable,0.0014607912368902515
don want,0.0014599310627323814
kids,0.0014597363100968422
confidence,0.0014592858498171724
000 00,0.0014579146963397817
links,0.0014576324930339968
act,0.0014573031176033898
amazing,0.0014566727971997459
technology,0.001454151945688444
0100,0.0014530618444457278
ex,0.0014512968465222463
2002 10,0.0014510080603081959
nextpart,0.0014487172959583828
war,0.0014482748914347863
dreams,0.0014469246692130442
sender,0.0014465270622747869
guido van,0.001444691085311286
similar,0.0014446442888457827
mail assignee bug,0.0014441321553762716
bug watching assignee,0.0014441321553762716
mail assignee,0.0014441321553762716
receiving mail assignee,0.0014441321553762716
watching assignee,0.0014441321553762716
assignee bug watching,0.0014441321553762716
assignee bug,0.0014441321553762716
fall,0.0014440748964640072
change life,0.0014435026042523304
prefer,0.0014433157268191063
beauty,0.0014433085951837193
welcome,0.0014409012521978929
director,0.0014406892511025851
95,0.00144043686438679
situation,0.0014387368386366971
bedroom,0.0014383924973526989
spamexperts,0.001437874696405808
sign,0.0014370662879460239
java,0.0014355057744781705
deal url,0.0014341944617732424
writes,0.0014337151401754636
visit site details,0.001430249066956156
april,0.0014291594433770189
professional,0.001428081635664055
word,0.0014276624892087923
59,0.0014255563053135055
plain,0.001425360822937631
calls,0.001425221894979439
pen,0.0014241581159957393
check site,0.0014241406380315854
told,0.0014238676415254611
permanent,0.001421167587921801
minutes,0.0014201318935817273
thu,0.0014198886454638078
haven,0.001416752546409473
van rossum,0.0014159868955487386
guido van rossum,0.0014159868955487386
rossum,0.0014159868955487386
patek philippe,0.0014158895466267476
patek,0.0014158895466267476
vi,0.0014149969418395924
express,0.0014141683553951635
ad,0.0014132976750515136
cnet,0.0014117510269382816
option,0.0014110546728295197
formula,0.001410904368473245
advice,0.0014104476070079578
load,0.001409988955335018
tony,0.0014094047303339068
cf,0.0014076424567296133
list url,0.001403497408569119
correct,0.0014026632522102787
does matter,0.0014018211147493042
hear,0.0013995212221435088
command,0.0013993845706482863
human,0.0013988964160976225
la,0.0013973066742500495
url python,0.0013970523967944263
beheading,0.001396943253655936
secret,0.001396716065650442
spambayes,0.0013948172542446865
couple,0.0013940631635799617
headers,0.0013936093253878634
visit replica,0.001393358314888482
programs,0.0013933480392998628
montauk,0.0013927204646762277
montauk monster,0.0013927204646762277
pleads,0.0013927204646762277
replica classics url,0.0013902343349232096
classics url,0.0013902343349232096
famous,0.0013893538906173731
loss,0.0013885909475283497
shocking,0.001388090504313487
changed,0.001387956631052228
expected,0.0013866603109917721
output,0.0013857633045693994
law,0.0013834270394540318
sincerely,0.0013824471398493018
sale,0.0013814707513833545
feature,0.0013808994764275828
document,0.0013798101776529717
past,0.0013792246185030594
import,0.0013774702644556611
action,0.00137725085028767
hash,0.001374584027908006
45,0.0013742551104478297
sf net,0.0013737608742939267
exact,0.0013719207731328286
documentation,0.0013683492740381954
pl,0.001364918358428896
banking,0.0013646023388449132
monkey,0.00136379908568357
intended,0.0013635451326924743
economic,0.0013632242262113284
device,0.001362674796229106
enjoy,0.0013624902137710697
tools,0.0013624580663679864
sir,0.001361798243867526
property,0.0013611725944304705
meet,0.0013589909175411002
cases,0.001356714678701564
head url,0.0013564890109684868
taking,0.0013554309645556649
49,0.0013550892198244799
closed,0.0013548634025712207
finance,0.0013521989017564761
average,0.0013518378742238513
ones,0.0013498524425992837
later,0.0013485834683434747
register,0.0013483156187277774
mind,0.0013476849630689536
theory,0.0013476335517436583
click link,0.0013436595248074463
replicas,0.0013419904276814637
ms,0.0013407852321475878
son,0.0013400053764361687
gallery,0.001339465789439703
avoid,0.0013377361936432984
single,0.0013363375477874453
comment,0.001336279698325661
tel,0.0013353425546852708
studies,0.0013340599384997793
gas,0.0013282048878986315
warning,0.0013277814611465694
si,0.0013262190311542788
male,0.0013258740407427144
posted,0.001325494714668784
deeper,0.0013249155769446612
uk,0.0013248533712306122
patches,0.0013241238414897552
february 2008,0.0013236916557670397
group send email,0.0013224620444987365
group send,0.0013224620444987365
space,0.0013220469725810345
sending,0.0013211329396941919
51,0.0013206392935992946
pure,0.0013175636366790822
maintainer,0.0013175115296837569
thickness,0.0013173290628542267
powerful,0.0013165252292988918
breakthrough,0.0013145048621792826
meds,0.0013141493528097035
tim,0.0013113919462302325
bank account,0.0013112290463679502
michael,0.0013110321793671975
wouldn,0.0013106918206533837
virtual,0.0013099182252399486
rule,0.001308828741349239
mailing list url,0.0013075106939582166
resources,0.0013074430562759727
der,0.0013066616359829182
writing,0.0013040780910264075
languages,0.001303662915056485
48,0.0013025288793434672
500,0.0013023819808346355
email sponsored,0.0013004598150994115
shown,0.0012988800447689926
street,0.0012987611401884896
sf net email,0.001298218667587203
net email sponsored,0.001298218667587203
net email,0.001298218667587203
difference,0.0012968970683743873
anthony,0.001296708285094306
storage,0.0012965326672014915
friends,0.0012936554292820785
discovered,0.001293454521071493
age,0.001292709743293758
gnupg,0.0012921693726295363
est,0.001291145773308593
agree,0.0012907140637460001
reading,0.001290373225330454
area,0.0012900714335809186
utah,0.0012897864321984487
helps,0.001288003722130869
willing,0.0012878142972461103
active,0.0012860736062668867
discuss,0.001284894540045794
clients,0.0012846473221844934
direct,0.0012844447099722453
screen,0.001283877226479124
fake,0.001283427691670253
57,0.0012832966267884323
carlos,0.001282635117911525
check site details,0.0012826273181484077
happen,0.0012819920620025726
chemists,0.0012805656339204335
li,0.0012805394794892834
york,0.0012801274552357443
linux users,0.001279520697055102
trunk,0.001279452074897274
english,0.001279374690636991
sites,0.0012768091347670819
kde,0.001276008244425547
barry,0.0012752976210255345
handle,0.0012728367011956984
aid,0.001271250240905379
reference,0.001271117324718714
watch url,0.0012708377209814888
crash,0.0012699097912975469
hundreds,0.0012694183460687136
rich,0.0012692739190908408
comments email,0.0012679179617843292
let know,0.001266760370392623
approach,0.0012657885966681
buildbot,0.0012657825923019892
media,0.0012641561879829515
operation,0.0012641039976475164
pdf,0.0012634930761319292
33,0.0012630417443114373
completely,0.001261571121865517
wa,0.0012615583915814017
additional comments email,0.0012591657399235777
additional comments,0.0012591657399235777
girls,0.0012574743319694376
according,0.001257165112140115
waiting,0.0012566805541899912
community,0.001253636166931572
successful,0.0012514126085507696
skip,0.0012509704222436037
addresses,0.0012500792007846524
forces,0.001248765269726461
forget,0.001248389452673217
event,0.0012466090946303303
54,0.0012464606206260013
checked,0.0012461969982353852
cover,0.0012454368094892395
accounts,0.0012448413054121465
children,0.001244005806692422
30th,0.0012420069037460144
users group,0.001241792165155594
library,0.0012404098405264345
irish linux,0.0012399312047644113
trial,0.0012396613845531354
irish linux users,0.0012381361163935965
linux users group,0.0012381361163935965
ic,0.0012379573203975
usaa,0.0012370056065489628
related,0.0012362086870983855
success,0.0012353242147072451
enter,0.0012353047470142558
driver,0.0012325868392642596
generic,0.001232207031943514
glad help,0.0012312885037011553
discussion,0.0012295264944222443
involved,0.001225698938269893
german,0.0012251282280175458
new york,0.0012250970251600575
thousands,0.001223983642663975
topics,0.0012213328593303956
daughter,0.0012199422032697247
feedback,0.0012196035894760388
win32 mailing,0.0012193755732186112
python win32 mailing,0.0012193755732186112
win32 mailing list,0.0012193755732186112
excellent,0.001217826493724594
ip,0.0012162858138496982
im,0.0012161556469173697
consider,0.0012144607642241333
platform,0.0012136933185377397
expect,0.0012136431188341647
size does,0.0012131353469768285
size does matter,0.0012131353469768285
exchange,0.001212980815221323
registered,0.0012117067784810976
monday,0.0012117054010869657
branch,0.0012114802590205591
pgp signed,0.0012106607292048514
paid,0.0012096418676940304
training,0.0012093418370549456
signed message,0.0012089608088500588
0500,0.0012086734911955464
red,0.0012085149367072983
th,0.0012084516372854242
laden,0.001208313806822249
west,0.0012082812255967707
useful,0.0012080112981303645
updates,0.0012076736884634085
advertising,0.0012075064690124852
help till,0.001206444786773621
life glad help,0.001206444786773621
glad help till,0.001206444786773621
political,0.0012045505427193362
sort,0.0012045187834377688
ship,0.0012024290243878217
hand,0.0012024111043959715
image,0.0012017510660026435
rest,0.001201356067721741
larger,0.001200717770147422
bring,0.0012000130255628268
luxury,0.0011990265129639332
weight,0.001198416630605219
september use,0.001198251250257142
social,0.0011926180166341542
page url,0.001191141070988138
sense,0.0011909240657886509
wants,0.0011908752518195924
confidentiality,0.0011899465013862425
pgp signed message,0.0011895002560487543
begin pgp signed,0.0011895002560487543
directly,0.0011883924443394345
mime,0.0011883728772196425
monkey org,0.0011882001062294906
atches,0.0011881709836929623
replica atches,0.0011881709836929623
46,0.0011875585174046222
date 2002 10,0.001187183256302912
reply email,0.0011865041727532194
pep,0.0011859420085284294
dream,0.0011856198997669061
goes,0.0011849956417540758
2008 10,0.0011839284043513993
dave,0.0011830298225700242
chris,0.0011819496844701514
applied,0.0011810916034889537
80,0.0011808974781354197
reach,0.001178977757547202
contract,0.0011786887606617562
mountain,0.0011782731324934956
till 30th,0.0011776911697934888
2008 11,0.0011776217352452141
afternoon,0.0011768442060392588
42,0.0011765584490692133
items,0.0011763553439206192
mac,0.001175759923482145
90,0.0011757153564298968
sha1,0.0011754384449336177
slides,0.0011745640869457907
harder,0.0011741120869254338
eggs,0.0011740391193095733
friday,0.0011736824951391397
grow,0.0011735805157267944
play,0.0011732136243072693
score,0.0011731476592650417
outlook,0.0011730629000487568
surgery,0.0011730618880637384
european,0.0011724419334324231
took,0.0011717834300975225
decision,0.0011717144356181842
various,0.001171669574341387
disk,0.0011707330347384098
worldwide,0.0011696641734640786
multi,0.0011662250418484547
xxx,0.0011648271869444918
ensure,0.001163648028964713
states dollars,0.0011615575460796476
thursday,0.0011596710254848364
designer,0.0011594690576482523
teen,0.001158621379054374
subscription information,0.00115766475000608
degree,0.0011571473704981056
continue,0.0011569507189687636
condition,0.0011560307378064556
party,0.001155914524735434
visit replica classics,0.0011546210795100398
charge,0.0011541270732475168
op,0.0011539695617423054
list maintainer email,0.0011534282516313902
url subscription,0.0011534282516313902
email url subscription,0.0011534282516313902
maintainer email,0.0011534282516313902
information list maintainer,0.0011534282516313902
subscription information list,0.0011534282516313902
list maintainer,0.0011534282516313902
url subscription information,0.0011534282516313902
information list,0.0011526840058671993
api,0.001152006424540365
fortune,0.0011519788059122082
relay,0.001151071088441846
lines,0.00115017329676195
guarantee,0.00115006297553704
smtpd,0.0011498434682354964
text plain,0.0011491003506778844
christian,0.0011463955575198128
consultations,0.0011449770675998835
join,0.0011440951279971373
stick,0.001143734505586399
message hash sha1,0.0011434107036156467
signed message hash,0.0011434107036156467
message hash,0.0011434107036156467
hash sha1,0.0011434107036156467
united states dollars,0.001141722615694498
advantage,0.0011403639915035463
opera,0.0011401296840379404
doctor,0.0011400748645339432
purpose,0.0011399344634315457
ce,0.0011397767700101831
half,0.0011381426688943225
ng,0.0011380863646342357
55,0.0011377232754537353
gas url,0.0011374082696636826
improve,0.0011373093741366838
field,0.0011367061314205337
39,0.001135571389506008
window,0.0011350630879010941
transfer encoding,0.0011329762671882825
instructions,0.0011318612403139149
visit url,0.0011314501453861335
cc,0.001130697958773521
twice,0.0011303217023012513
bin laden,0.0011287119390669903
presentation,0.001128478540626095
pill,0.0011277402757694443
cash,0.0011276187888178146
mx,0.0011273114937723782
seek,0.0011266513867872533
entire,0.0011260020952169958
chance,0.0011255174451116976
bigger,0.0011253955693818819
traditionstreet com,0.001125362149965865
traditionstreet,0.001125362149965865
slide,0.0011241287459389374
content transfer,0.0011233906415442233
content transfer encoding,0.0011233906415442233
iso,0.0011210346356885182
processing,0.001120848193264597
xml,0.0011208327433061159
charges,0.0011192150528365969
configuration,0.001118723732586328
domains,0.0011178226790408692
agent,0.0011174079234806688
pre,0.0011169947344862852
multiple,0.0011167572231966583
miss,0.0011167474554306335
record,0.001116607535563233
require,0.00111370149102185
relevant,0.001113284119795892
likely,0.0011120012587800597
treatment,0.001111528332113148
mobile,0.0011113617641093684
couldn,0.001109840817949633
rates,0.0011085541920096858
replica rolex,0.0011079169551308637
quickly,0.001107718539197878
feb 2008,0.0011063807745860616
best replica,0.0011049897884270444
ment,0.0011049852956702998
swiss,0.0011049166913181664
tag,0.0011041154054953026
email subject,0.001103988271219196
end pgp,0.001103419821356098
rolex watches,0.0011030255130660132
effort,0.0011025367946532057
plugin,0.0011024076840875552
automatically,0.0011021939350420778
fda,0.0011019467530458814
traditionstreet com aug,0.001101833147430704
proven,0.0011014592000812746
guide,0.00110105267169171
renew,0.001100925031390876
subscribe,0.0011007953562832727
club,0.0011007056439642966
feed,0.001100405089777341
000 000,0.0010998152014021958
nov,0.0010997609835021534
site url,0.0010994364500915145
smoke,0.0010990624784877785
modules,0.0010951625154874134
newsletter,0.0010950684339569982
candidate,0.0010943997874363306
luxurious,0.001094134253813098
begin pgp signature,0.0010895123045289237
end pgp signature,0.0010895123045289237
testimonials,0.0010870684492695223
don think,0.0010862869991374094
int,0.0010842909490727298
worst,0.0010818722979609274
gnu,0.0010809013487229715
july,0.0010806370144632908
certain,0.0010803865634509144
lists,0.0010801437229094417
normally,0.001080085018657253
moment,0.0010800022900057896
mailbox,0.0010799629726295028
perfectly,0.0010796161395405701
rate,0.0010794748055245325
kick,0.001079044552813293
gives,0.0010787615842643918
pleasurable,0.0010773099054767758
subscribed,0.0010756105177466228
mining,0.0010741198158931578
recommend,0.0010733609106557828
james,0.0010729646068354582
setting,0.001071179266888275
login,0.0010703640025843805
changing,0.0010702543583735553
ch,0.0010694845655336072
app,0.0010683874330134828
wonder,0.00106692016956179
signature version,0.0010665287434480687
pgp signature version,0.0010665287434480687
rolex replica watches,0.0010659790844757783
accept,0.0010658840285018936
variety,0.0010655617644955181
born,0.0010651243623258583
schedule,0.001064474956216327
plus,0.001063989145861837
anymore,0.001062895099206692
germany,0.0010628921435718542
term,0.0010628411220944965
speed,0.0010628212342027642
million thousand,0.0010614090782243046
type text plain,0.0010613493246381276
implementation,0.0010612308015962857
peter,0.0010603574578465082
anderson,0.001060274217190526
healthcare,0.0010600808582454707
version gnupg,0.0010596991271147888
signature version gnupg,0.0010596991271147888
revolutionary,0.0010593079999037035
8859,0.0010579708013035043
previous,0.0010576637857876202
34,0.001056723490340524
session,0.0010562047064737986
mouse,0.0010560141138049879
ha,0.0010553456664695166
drug,0.0010552714658589575
striking,0.0010549599637111832
0800,0.001053660450990515
short weeks,0.0010534335882345861
spring,0.0010531200102226624
fat,0.001051919712404913
highly,0.0010506187480445396
communications,0.0010504570370807572
digital,0.001050155361861302
volume,0.0010491794739490546
ignore,0.0010482592271714205
limit,0.0010481662305651398
protect,0.0010471222076872998
x86,0.0010466514271156545
ci,0.0010442957375691425
robert,0.0010440135448635474
map,0.0010434098411056874
evil,0.001042993005894072
watch replica,0.001041554381414962
2003,0.0010415185082942098
scientific,0.001040210314083182
held,0.0010390473755550746
effect,0.001038873652955269
fully,0.0010380807592572398
stores,0.001034202043891791
url additional,0.0010338274923632309
users mailing,0.0010330982175481285
users mailing list,0.0010330982175481285
food,0.0010325377152960158
appear,0.0010322868337903166
especially,0.0010322141635868481
marketing,0.001031900390493961
bvlgari,0.0010316508799949316
plan,0.0010300659189270535
pending,0.001029948761458009
win,0.0010290051851905588
fair,0.0010289109195918882
2004,0.0010280789388436547
intelligence,0.0010267445874607589
owner,0.0010266641324552634
lowest prices,0.001026202796438
apache,0.0010261974713268996
installation,0.0010261634693783648
noticed,0.0010260349800794398
normal,0.001025577404387476
school,0.0010253232376201105
city,0.0010234018754534022
iwc,0.0010229925464018369
court,0.0010228834448165495
discounts,0.0010221371212420364
jessen,0.0010218581887437015
group email,0.001021316631561774
users group email,0.001021316631561774
group email url,0.001021316631561774
section,0.001021198643419673
los,0.0010209574640430113
battle,0.0010195037954413631
san,0.0010189274852418397
address email,0.0010178081996485534
lost,0.0010176143247507782
industry,0.001017462078091571
tom,0.0010171104841680192
iso 8859,0.001016885879575842
hardware,0.0010164780522679774
airport,0.0010164059857726187
missing,0.0010157442693648825
jet,0.0010134398605164182
url additional comments,0.0010128690842951232
ways,0.0010128371022301548
staff,0.0010122163667415692
servers,0.0010120276426953546
like real,0.0010120252889743709
posting,0.0010111436893553854
does work,0.0010111378321163147
donate,0.0010111005197843386
submissions,0.001010897394253461
matters,0.0010100027675881815
vanished,0.0010098739064343712
airlines,0.0010094030462445968
apple,0.0010092440734515223
george,0.0010092414740327656
gift,0.0010063193172073057
ray,0.0010062659424384935
testimonials satisfied,0.0010061651301860083
read hundreds,0.0010061651301860083
omega,0.0010061463898750028
supplied,0.0010057883039981497
rod,0.0010052808810160892
original message,0.0010038386613691796
easier,0.0010036179415051833
committee,0.0010029413518796795
tuesday,0.0010023367207141892
generated,0.0010019312448616578
41,0.0010017479554546185
final,0.0010014975680338798
administrator,0.0010004923031567228
pipeline,0.0010004858782778113
survival,0.0009982563778039451
iwc replica,0.000998238327316932
water,0.0009981017405657022
individual,0.000997881391790553
inbox,0.0009977661465551803
living,0.000996618998419117
port,0.000996571266246407
item,0.0009964358224203707
thinking,0.0009963934454367994
aid till,0.000996385582378175
glad aid,0.000996385582378175
life glad aid,0.000996385582378175
glad aid till,0.000996385582378175
actual,0.0009954932103950105
tape,0.000994310638067313
increase thickness,0.0009941959366800166
die,0.0009939302585217856
gu,0.0009934926242169614
ck,0.0009934175231717246
url using,0.0009929723983363617
largest,0.0009926736217669757
smoking,0.0009925802240231645
los angeles,0.0009916132311665507
angeles,0.0009916132311665507
str,0.000991367778665456
beautiful,0.000991056789470559
mars,0.0009909474831201427
impress,0.0009906266228338117
met,0.0009904277254219602
logic,0.0009902900740891515
countries,0.0009898457503994392
wasn,0.0009886983864148384
wrote hi,0.0009884817810868933
professionals,0.000987672886923955
mail client,0.0009868675447463411
registration,0.0009861926516556419
sh,0.0009857188408125244
hiding,0.0009846217844593963
charset iso 8859,0.0009844705426166936
charset iso,0.0009844705426166936
filter,0.000982407230571073
drugstore,0.0009821608540683704
officials,0.0009821340162362248
config,0.0009819165031528688
joy,0.0009808700842813052
sub,0.0009807408866320739
text plain charset,0.0009801588995431924
plain charset,0.0009801588995431924
florida,0.0009796859887367024
respect,0.0009796612604562249
ve got,0.0009792614043021841
exactly like,0.000979000497147084
saw,0.0009784658015702637
engineering,0.00097820368209098
keeping,0.0009781488158940135
beloved,0.0009778825851180072
wednesday,0.000977324905948347
decades,0.0009763162246884437
clinton,0.0009757074138404437
seeking,0.0009755186862989921
house,0.0009747907067019208
trouble,0.000974683625826814
grace,0.0009736992091516672
use particular,0.0009735082548224559
svn,0.0009730074644363641
dear friend,0.0009719453749335418
technical,0.0009719362772013203
period,0.000971643873548055
corporation,0.0009715656530722838
asking,0.0009706564666177137
kills,0.0009690993979633501
guilty,0.0009688954959874833
france,0.0009676914932446782
girlfriend,0.00096766663532404
released,0.0009671944539992813
looks like,0.0009668196672389108
boom,0.000966603012763391
dimension,0.000966382366806525
location,0.0009662526546148924
125,0.0009659937830260149
points,0.000965568152790045
john mccain,0.0009651541933985636
delete,0.0009648183439244813
url man,0.0009641607531851586
feeling,0.0009639859164840195
built,0.0009629236195614779
contains,0.0009628174183232264
mails,0.0009627997557152409
virus,0.0009623224504566765
pages,0.0009621044099291376
machine learning,0.0009618607304898546
context,0.0009618251933318503
path,0.0009616835992299533
shared,0.0009616057006790235
clear,0.0009615587532433502
nis,0.0009613596983039355
comedy,0.0009611625681144861
june,0.0009610239208924774
deliver,0.0009598446199644542
sets,0.000959427498099597
submit,0.00095932518149808
herbal supplement,0.0009589042403313501
client url,0.0009588047217205268
url using opera,0.0009588047217205268
using opera,0.0009588047217205268
using opera revolutionary,0.0009588047217205268
opera revolutionary,0.0009588047217205268
chair,0.0009586417736551368
early,0.0009582480790189188
low prices,0.0009581584862298351
driven,0.0009576661669776708
list mailing list,0.0009572456165782201
list mailing,0.0009572456165782201
efforts,0.0009566756585796593
prevent,0.0009566181986030479
introduce,0.0009564634984266115
republic,0.0009558592019719384
exmh,0.0009557646673801932
slideshow,0.0009557561606724408
cell,0.0009556796570260618
web site,0.0009555910763628813
wont,0.0009541916877944323
leading,0.000953291128690674
pr,0.0009529410525783978
prompt,0.0009526612095101483
licensed,0.0009524526865611079
depression,0.0009520871012196055
rpm list,0.0009515819672350005
rpm list mailing,0.0009515819672350005
sep,0.0009515079759235851
immigrant,0.0009514801916662186
1st october,0.0009507082702829301
tired,0.0009507075853318898
zoo,0.0009504462967391999
36,0.0009501505511785813
williams,0.000949592054234999
0nline,0.0009495820896134649
53,0.000949540472670762
gorilla,0.0009485547687133751
upset,0.0009475781019912215
sharon,0.0009474586847519588
unix,0.0009470476784542195
2008 12,0.0009469873475486633
london,0.0009461747750092681
nancy,0.000945665340650967
centre,0.0009453086316180464
adding,0.000944817271382989
china,0.0009447720077853746
knows,0.0009444796387381222
movies,0.0009441116601359852
presidential,0.0009435344533076377
existing,0.0009434927206477203
building,0.0009432342636666186
prince,0.0009428958915767979
charles,0.0009424038037006846
muscle,0.0009422631991285236
desktop,0.0009419270349048255
analysis,0.0009405529002860783
2002 09,0.000940157595853067
meant,0.0009391684490988793
gnu linux,0.0009390647698468398
figure,0.0009389325958480309
bus,0.0009385741581488899
email sent,0.000937664095262876
events,0.0009376013769911112
african,0.0009374138419365659
repr,0.0009367489073168951
growing,0.0009365936340039894
drugstores,0.0009357004491046297
just short,0.00093539997424
cut,0.0009348039092459568
sm,0.0009347686878404743
operating,0.0009339458457458767
125 000,0.0009335672738781408
runs,0.0009330871256917274
2007 10,0.000932923739701625
stay home,0.000932892612739961
went,0.0009319612076224314
usd,0.0009318687873069954
nick,0.0009317359151602732
insurance,0.0009316853965889306
girth,0.0009313831111096766
kids url,0.0009313534167752576
organ,0.0009313295371544208
contained,0.0009312934954346392
recovering,0.0009307948224185074
led,0.0009297801115862618
stronger,0.0009294576928697897
debian,0.0009293955453595319
lure,0.0009289378027209003
values,0.0009280667504802247
british,0.0009278392326926418
opensuse 10,0.0009277108051133164
sandwich,0.0009276702574631724
boosted,0.0009276279750187017
911,0.0009273752120926278
stable,0.0009271890168571874
tigers,0.0009271469186181026
common,0.0009270233228034773
photo,0.0009268063760373464
preferences,0.0009267128184945543
freeman,0.0009265058890679687
url need,0.0009263478587440838
syntax,0.0009257258959195463
lead,0.0009256386784638105
spies,0.0009254383386498549
solutions,0.0009253568802079459
helps save,0.0009252105111409268
pass,0.0009246661534079365
cancel,0.0009246654865815763
ideas,0.0009244899272465466
road,0.0009243207466525389
52,0.0009239600620835354
results url,0.0009235343406731552
forms,0.0009235267809925659
deadline,0.0009226945060804675
wives,0.0009226563795602735
casey,0.0009221367196625028
mysql,0.0009212026286794938
url nancy grace,0.0009211405215318882
forces emergency landing,0.0009211405215318882
evacuate american airlines,0.0009211405215318882
gorillas url,0.0009211405215318882
url stay,0.0009211405215318882
daughter caylee vanished,0.0009211405215318882
url starbucks offers,0.0009211405215318882
gorillas url 10,0.0009211405215318882
testifies trial url,0.0009211405215318882
club url nancy,0.0009211405215318882
gorilla survival boosted,0.0009211405215318882
testifies trial,0.0009211405215318882
evacuates,0.0009211405215318882
forces emergency,0.0009211405215318882
attack teen zoo,0.0009211405215318882
attack teen,0.0009211405215318882
gorillas,0.0009211405215318882
gorilla survival,0.0009211405215318882
daughter caylee,0.0009211405215318882
evacuate american,0.0009211405215318882
mistress testifies,0.0009211405215318882
recovering surgery url,0.0009211405215318882
tigers attack,0.0009211405215318882
zoo url mistress,0.0009211405215318882
url man calls,0.0009211405215318882
nightclub daughter caylee,0.0009211405215318882
arrested url toxin,0.0009211405215318882
arrested url passengers,0.0009211405215318882
hopes mars life,0.0009211405215318882
hopes mars,0.0009211405215318882
computer spies,0.0009211405215318882
computer spies url,0.0009211405215318882
hopes gorilla survival,0.0009211405215318882
hopes gorilla,0.0009211405215318882
home wives kids,0.0009211405215318882
home wives,0.0009211405215318882
url lure rated,0.0009211405215318882
new photos,0.0009211405215318882
url lure,0.0009211405215318882
jet inflatable slides,0.0009211405215318882
helps save gas,0.0009211405215318882
url 10 125,0.0009211405215318882
url 10 edouard,0.0009211405215318882
new photos casey,0.0009211405215318882
nightclub daughter,0.0009211405215318882
dims hopes mars,0.0009211405215318882
deal url 10,0.0009211405215318882
url commentary immigrant,0.0009211405215318882
dims hopes,0.0009211405215318882
dims,0.0009211405215318882
url freeman,0.0009211405215318882
rated comedy,0.0009211405215318882
url tigers,0.0009211405215318882
url freeman recovering,0.0009211405215318882
zoo url,0.0009211405215318882
anthony partying nightclub,0.0009211405215318882
immigrant sanctuaries,0.0009211405215318882
immigrant sanctuaries url,0.0009211405215318882
jet inflatable,0.0009211405215318882
tigers attack teen,0.0009211405215318882
url stay home,0.0009211405215318882
vanished woman computer,0.0009211405215318882
vanished woman,0.0009211405215318882
evacuates passengers,0.0009211405215318882
url mistress testifies,0.0009211405215318882
wives kids,0.0009211405215318882
angeles airport,0.0009211405215318882
wives kids url,0.0009211405215318882
angeles airport official,0.0009211405215318882
toxin,0.0009211405215318882
toxin dims,0.0009211405215318882
evacuates passengers url,0.0009211405215318882
toxin dims hopes,0.0009211405215318882
comedy url,0.0009211405215318882
comedy url starbucks,0.0009211405215318882
grace new,0.0009211405215318882
recovering surgery,0.0009211405215318882
grace new photos,0.0009211405215318882
commentary immigrant,0.0009211405215318882
commentary immigrant sanctuaries,0.0009211405215318882
inflatable slides emergency,0.0009211405215318882
inflatable slides,0.0009211405215318882
inflatable,0.0009211405215318882
woman computer,0.0009211405215318882
trial url man,0.0009211405215318882
woman computer spies,0.0009211405215318882
anthony partying,0.0009211405215318882
testifies,0.0009211405215318882
plane url plane,0.0009211405215318882
kids url commentary,0.0009211405215318882
911 sandwich,0.0009211405215318882
airport official says,0.0009211405215318882
videos mom parties,0.0009211405215318882
says hopes gorilla,0.0009211405215318882
url passengers evacuate,0.0009211405215318882
firm helps save,0.0009211405215318882
starbucks offers afternoon,0.0009211405215318882
says hopes,0.0009211405215318882
url toxin dims,0.0009211405215318882
starbucks offers,0.0009211405215318882
starbucks,0.0009211405215318882
makes landfall,0.0009211405215318882
videos mom,0.0009211405215318882
makes landfall url,0.0009211405215318882
calls 911 sandwich,0.0009211405215318882
calls 911,0.0009211405215318882
save gas url,0.0009211405215318882
spies url tigers,0.0009211405215318882
10 125 000,0.0009211405215318882
url tigers attack,0.0009211405215318882
save gas,0.0009211405215318882
spies url,0.0009211405215318882
emergency landing los,0.0009211405215318882
10 stories smoke,0.0009211405215318882
man calls,0.0009211405215318882
man calls 911,0.0009211405215318882
url pipeline firm,0.0009211405215318882
10 125,0.0009211405215318882
life url lure,0.0009211405215318882
surgery url,0.0009211405215318882
stay home wives,0.0009211405215318882
airport official,0.0009211405215318882
gas url 10,0.0009211405215318882
lure rated comedy,0.0009211405215318882
partying nightclub,0.0009211405215318882
caylee vanished,0.0009211405215318882
partying,0.0009211405215318882
casey anthony partying,0.0009211405215318882
caylee vanished woman,0.0009211405215318882
casey anthony,0.0009211405215318882
edouard makes,0.0009211405215318882
url passengers slide,0.0009211405215318882
edouard makes landfall,0.0009211405215318882
los angeles airport,0.0009211405215318882
passengers evacuate,0.0009211405215318882
lure rated,0.0009211405215318882
passengers evacuate american,0.0009211405215318882
10 edouard makes,0.0009211405215318882
url pipeline,0.0009211405215318882
10 edouard,0.0009211405215318882
passengers slide,0.0009211405215318882
passengers slide plane,0.0009211405215318882
passengers url,0.0009211405215318882
edouard,0.0009211405215318882
parties club url,0.0009211405215318882
passengers url pipeline,0.0009211405215318882
parties club,0.0009211405215318882
firm helps,0.0009211405215318882
airlines jet,0.0009211405215318882
stories smoke forces,0.0009211405215318882
airlines jet inflatable,0.0009211405215318882
stories smoke,0.0009211405215318882
partying nightclub daughter,0.0009211405215318882
surgery url john,0.0009211405215318882
911 sandwich url,0.0009211405215318882
photos casey,0.0009211405215318882
emergency landing url,0.0009211405215318882
slide plane,0.0009211405215318882
landing url passengers,0.0009211405215318882
landing url,0.0009211405215318882
landing los angeles,0.0009211405215318882
freeman recovering surgery,0.0009211405215318882
landing los,0.0009211405215318882
freeman recovering,0.0009211405215318882
landfall url cnn,0.0009211405215318882
mom parties,0.0009211405215318882
landfall url,0.0009211405215318882
landfall,0.0009211405215318882
url toxin,0.0009211405215318882
offers afternoon deal,0.0009211405215318882
sandwich url,0.0009211405215318882
000 gorillas url,0.0009211405215318882
sanctuaries,0.0009211405215318882
url starbucks,0.0009211405215318882
teen zoo,0.0009211405215318882
sanctuaries url,0.0009211405215318882
official says hopes,0.0009211405215318882
teen zoo url,0.0009211405215318882
official says,0.0009211405215318882
american airlines,0.0009211405215318882
american airlines jet,0.0009211405215318882
sanctuaries url freeman,0.0009211405215318882
nancy grace,0.0009211405215318882
nancy grace new,0.0009211405215318882
mistress testifies trial,0.0009211405215318882
slide plane url,0.0009211405215318882
slides emergency,0.0009211405215318882
plane url,0.0009211405215318882
afternoon deal,0.0009211405215318882
photos casey anthony,0.0009211405215318882
survival boosted,0.0009211405215318882
survival boosted url,0.0009211405215318882
10 videos mom,0.0009211405215318882
pipeline firm,0.0009211405215318882
rated comedy url,0.0009211405215318882
pipeline firm helps,0.0009211405215318882
evacuate,0.0009211405215318882
url plane,0.0009211405215318882
boosted url stay,0.0009211405215318882
sandwich url john,0.0009211405215318882
plane evacuates passengers,0.0009211405215318882
afternoon deal url,0.0009211405215318882
url plane evacuates,0.0009211405215318882
mars life,0.0009211405215318882
plane evacuates,0.0009211405215318882
slides emergency landing,0.0009211405215318882
125 000 gorillas,0.0009211405215318882
000 gorillas,0.0009211405215318882
mom parties club,0.0009211405215318882
offers afternoon,0.0009211405215318882
boosted url,0.0009211405215318882
smoke forces,0.0009211405215318882
smoke forces emergency,0.0009211405215318882
mars life url,0.0009211405215318882
caylee,0.0009211405215318882
doomed,0.0009210813046065117
immediate,0.0009206927155519001
remedy,0.000920425208615638
trial url,0.0009201254048210227
republican,0.0009196411632795216
mistress,0.0009195969087682526
url mistress,0.0009195969087682526
club url,0.0009195969087682526
url nancy,0.0009195969087682526
nightclub,0.0009195969087682526
commercial,0.0009195856707016636
unable,0.0009194694065966727
till 1st october,0.0009190393682565542
1st october use,0.0009190393682565542
lion,0.000918930618457656
surge,0.0009186206534113727
requires,0.0009185641260622119
ads,0.000917679734934994
polling,0.0009167818938597139
misleading,0.0009164928627687286
real life,0.000915991008681724
24 hours,0.0009150778958823452
cpan,0.0009142224608338448
named,0.0009142203213292613
abroad,0.0009141207736954019
vms,0.0009136268897362743
url mark,0.0009136115958115153
amy,0.0009135479035252067
seeing,0.0009135475474902167
coming,0.0009129591645527444
drugs,0.0009124962691304654
online store,0.0009119002738175691
increased,0.0009112432307693116
profile,0.0009111665118691978
safety,0.0009109028842566287
entry,0.0009095733708243592
california,0.0009095635738379179
opera revolutionary mail,0.0009093360105515326
mail client url,0.0009093360105515326
revolutionary mail client,0.0009093360105515326
revolutionary mail,0.0009093360105515326
author,0.000908697811700738
vacheron,0.0009084617834215624
driver guilty,0.000908454253284633
reject,0.0009082954368590067
intimate,0.0009077465733187148
benefit,0.0009067120530680769
basic,0.0009061014653968094
charged,0.0009060216188186447
300,0.0009056911972297553
carried,0.0009047378098126639
accepted,0.0009040265820541982
reasons,0.0009040169244131531
finding,0.000903791533435978
obvious,0.0009037888986597396
environment,0.0009033976766387848
updated,0.000903078490451447
students,0.0009026835701764284
drop,0.0009011655216193379
included,0.0009010577065727086
relationship,0.0009006706415863849
qualitative,0.0009002621489429654
extended,0.000900251081897949
email wrote,0.0009000031307404745
senegal,0.0008996177079625171
0200,0.000899405806018305
costs,0.0008990790520823678
proposal visit,0.000898807283429943
proposal visit site,0.000898807283429943
boot,0.0008976564144377595
buying,0.0008975227850350585
got hit,0.0008972131547348149
ze,0.0008966682741514722
38,0.000896506566381767
computer science,0.0008959161784070939
cool,0.0008952879380383237
model,0.0008943417329825591
browser,0.0008939114432861497
healthy,0.0008934062917151633
argument,0.0008933338708453817
mistakes,0.0008929657353834284
aware,0.0008925543029087286
slow,0.0008923638285577702
harmony,0.0008919577648642536
inside,0.0008919366005143979
url amy,0.0008915402225370853
alternative,0.0008912799675016169
eggs url,0.0008910266424053239
regarding,0.0008908803618689994
laden driver,0.0008906403699790622
bin laden driver,0.0008906403699790622
valid,0.0008902937158723602
2001,0.0008897924713079084
draws,0.0008897309141737097
cartier,0.0008895650549602343
closed url,0.000889018697453719
presently,0.0008888831246567997
balance,0.0008888317801182517
customer service,0.0008885205294338475
adam,0.0008885124614531918
case pure,0.0008882911890000165
colleagues,0.000887723931148138
viagra line pharmacy,0.0008874773505469378
line pharmacy,0.0008874773505469378
viagra line,0.0008874773505469378
expenses drugstores,0.0008874773505469378
jul,0.0008870224122935001
game,0.0008867957221680167
usr local,0.0008855095602668116
suspended,0.0008851111711283355
float,0.0008850113021199921
tonight,0.0008849997652085114
serve,0.0008842355123824313
compatibility,0.0008837032937959651
bu,0.000882879147398094
receipt,0.0008828607045004393
lawsuit,0.0008823275359798525
attorney,0.0008815382740599562
just lot,0.0008806397336994243
just lot gain,0.0008806397336994243
lose just lot,0.0008806397336994243
lose just,0.0008806397336994243
lot gain,0.0008806397336994243
dear sir,0.0008804154301411997
programming,0.0008799585641141749
series,0.0008792749832935138
aaron,0.0008787499658706756
ubuntu,0.0008784514860943256
purchasing,0.000878334517608095
trade,0.000877157629757439
midst,0.0008769674690845096
hit head,0.000876888268362201
harm,0.0008761015320924119
fortune striking,0.0008753562079526763
fortune striking oil,0.0008753562079526763
wynter reports bikini,0.0008753562079526763
great depression,0.0008753562079526763
dakota real life,0.0008753562079526763
evil url amy,0.0008753562079526763
grandma reacts charges,0.0008753562079526763
dakota real,0.0008753562079526763
eggs url anthrax,0.0008753562079526763
dakota oil boom,0.0008753562079526763
depression making,0.0008753562079526763
grandma reacts,0.0008753562079526763
grandma,0.0008753562079526763
dog url reports,0.0008753562079526763
dakota oil,0.0008753562079526763
draws lawsuit url,0.0008753562079526763
fake sex ad,0.0008753562079526763
got hit head,0.0008753562079526763
economic surge url,0.0008753562079526763
doomed utah url,0.0008753562079526763
garr,0.0008753562079526763
garr decades,0.0008753562079526763
wynter reports,0.0008753562079526763
garr decades hiding,0.0008753562079526763
driver guilty url,0.0008753562079526763
economic surge,0.0008753562079526763
fake sex,0.0008753562079526763
driven donate eggs,0.0008753562079526763
donate eggs,0.0008753562079526763
draws lawsuit,0.0008753562079526763
decades hiding,0.0008753562079526763
great depression making,0.0008753562079526763
depression making fortune,0.0008753562079526763
float url love,0.0008753562079526763
evil url,0.0008753562079526763
driven donate,0.0008753562079526763
doomed utah,0.0008753562079526763
donate eggs url,0.0008753562079526763
wynter,0.0008753562079526763
decades hiding url,0.0008753562079526763
need economic surge,0.0008753562079526763
mark set,0.0008753562079526763
striking oil property,0.0008753562079526763
mccain kareen,0.0008753562079526763
mccain kareen wynter,0.0008753562079526763
mccain url,0.0008753562079526763
mccain url paris,0.0008753562079526763
antibiotic url,0.0008753562079526763
stories dakota real,0.0008753562079526763
stories dakota,0.0008753562079526763
antibiotic,0.0008753562079526763
stand closed url,0.0008753562079526763
stand closed,0.0008753562079526763
midst dakota,0.0008753562079526763
midst dakota oil,0.0008753562079526763
polling battle url,0.0008753562079526763
polling battle,0.0008753562079526763
anthrax suspect called,0.0008753562079526763
url reports,0.0008753562079526763
misleading url,0.0008753562079526763
misleading url mountain,0.0008753562079526763
mistakes doomed,0.0008753562079526763
mistakes doomed utah,0.0008753562079526763
url reports mistakes,0.0008753562079526763
sex case pure,0.0008753562079526763
mountain lion,0.0008753562079526763
striking oil,0.0008753562079526763
mark set float,0.0008753562079526763
10 obama,0.0008753562079526763
10 videos paris,0.0008753562079526763
swings republican,0.0008753562079526763
swings,0.0008753562079526763
maggots,0.0008753562079526763
maggots new,0.0008753562079526763
suspect called misleading,0.0008753562079526763
maggots new antibiotic,0.0008753562079526763
suspect called,0.0008753562079526763
10 obama got,0.0008753562079526763
videos paris hilton,0.0008753562079526763
candidate john mccain,0.0008753562079526763
candidate john,0.0008753562079526763
surge url 10,0.0008753562079526763
10 stories dakota,0.0008753562079526763
surge url,0.0008753562079526763
making fortune,0.0008753562079526763
making fortune striking,0.0008753562079526763
antibiotic url mark,0.0008753562079526763
called misleading url,0.0008753562079526763
called misleading,0.0008753562079526763
presidential candidate john,0.0008753562079526763
man born,0.0008753562079526763
man born great,0.0008753562079526763
presidential candidate,0.0008753562079526763
mountain lion bedroom,0.0008753562079526763
sex case,0.0008753562079526763
murder url,0.0008753562079526763
murder url teri,0.0008753562079526763
reports bikini barista,0.0008753562079526763
url tot,0.0008753562079526763
url tot grandma,0.0008753562079526763
url women,0.0008753562079526763
oil boom,0.0008753562079526763
oil boom man,0.0008753562079526763
oil property,0.0008753562079526763
oil property obama,0.0008753562079526763
bedroom kills dog,0.0008753562079526763
bedroom kills,0.0008753562079526763
reports mistakes,0.0008753562079526763
url women driven,0.0008753562079526763
reports mistakes doomed,0.0008753562079526763
battle url sex,0.0008753562079526763
battle url,0.0008753562079526763
videos paris,0.0008753562079526763
barista stand closed,0.0008753562079526763
barista stand,0.0008753562079526763
barista,0.0008753562079526763
paris hilton swings,0.0008753562079526763
paris hilton takes,0.0008753562079526763
republican presidential candidate,0.0008753562079526763
republican presidential,0.0008753562079526763
reports bikini,0.0008753562079526763
url teri garr,0.0008753562079526763
amy ray,0.0008753562079526763
new antibiotic url,0.0008753562079526763
born great depression,0.0008753562079526763
born great,0.0008753562079526763
sex ad draws,0.0008753562079526763
sex ad,0.0008753562079526763
boom man born,0.0008753562079526763
boom man,0.0008753562079526763
need economic,0.0008753562079526763
url sex,0.0008753562079526763
new antibiotic,0.0008753562079526763
url sex case,0.0008753562079526763
set float url,0.0008753562079526763
obama uphill polling,0.0008753562079526763
bikini barista stand,0.0008753562079526763
bikini barista,0.0008753562079526763
set float,0.0008753562079526763
ad draws,0.0008753562079526763
ad draws lawsuit,0.0008753562079526763
amy ray url,0.0008753562079526763
url teri,0.0008753562079526763
obama got,0.0008753562079526763
obama got hit,0.0008753562079526763
obama uphill,0.0008753562079526763
swings republican presidential,0.0008753562079526763
url paris hilton,0.0008753562079526763
case pure evil,0.0008753562079526763
closed url tot,0.0008753562079526763
triangle murder,0.0008753562079526763
url amy ray,0.0008753562079526763
jed,0.0008753562079526763
jed clampett,0.0008753562079526763
jed clampett url,0.0008753562079526763
triangle,0.0008753562079526763
john mccain kareen,0.0008753562079526763
url midst,0.0008753562079526763
url midst dakota,0.0008753562079526763
url commentary clinton,0.0008753562079526763
url 10 bin,0.0008753562079526763
clinton upset url,0.0008753562079526763
clinton upset,0.0008753562079526763
kareen,0.0008753562079526763
kareen wynter,0.0008753562079526763
kareen wynter reports,0.0008753562079526763
ray url commentary,0.0008753562079526763
hilton swings republican,0.0008753562079526763
kills dog,0.0008753562079526763
kills dog url,0.0008753562079526763
url 10 obama,0.0008753562079526763
triangle murder url,0.0008753562079526763
clampett url midst,0.0008753562079526763
uphill polling,0.0008753562079526763
hilton takes,0.0008753562079526763
hilton takes mccain,0.0008753562079526763
upset url women,0.0008753562079526763
hit head url,0.0008753562079526763
hilton swings,0.0008753562079526763
women driven,0.0008753562079526763
upset url,0.0008753562079526763
uphill polling battle,0.0008753562079526763
women driven donate,0.0008753562079526763
uphill,0.0008753562079526763
hiding url,0.0008753562079526763
url maggots,0.0008753562079526763
pure evil url,0.0008753562079526763
pure evil,0.0008753562079526763
reacts,0.0008753562079526763
commentary clinton upset,0.0008753562079526763
commentary clinton,0.0008753562079526763
url maggots new,0.0008753562079526763
hiding url fake,0.0008753562079526763
url mark set,0.0008753562079526763
reacts charges url,0.0008753562079526763
reacts charges,0.0008753562079526763
teri garr decades,0.0008753562079526763
charges url,0.0008753562079526763
life jed clampett,0.0008753562079526763
10 bin,0.0008753562079526763
url love triangle,0.0008753562079526763
takes mccain,0.0008753562079526763
url mountain lion,0.0008753562079526763
charges url maggots,0.0008753562079526763
clampett url,0.0008753562079526763
real life jed,0.0008753562079526763
url mountain,0.0008753562079526763
lion bedroom,0.0008753562079526763
takes mccain url,0.0008753562079526763
guilty url,0.0008753562079526763
lion bedroom kills,0.0008753562079526763
teri,0.0008753562079526763
url need economic,0.0008753562079526763
10 bin laden,0.0008753562079526763
guilty url cnn,0.0008753562079526763
utah url 10,0.0008753562079526763
teri garr,0.0008753562079526763
property obama uphill,0.0008753562079526763
clampett,0.0008753562079526763
url fake,0.0008753562079526763
tot grandma reacts,0.0008753562079526763
url paris,0.0008753562079526763
laden driver guilty,0.0008753562079526763
tot grandma,0.0008753562079526763
tot,0.0008753562079526763
lawsuit url,0.0008753562079526763
url fake sex,0.0008753562079526763
lawsuit url need,0.0008753562079526763
head url 10,0.0008753562079526763
ray url,0.0008753562079526763
life jed,0.0008753562079526763
property obama,0.0008753562079526763
love triangle murder,0.0008753562079526763
love triangle,0.0008753562079526763
utah url,0.0008753562079526763
editor,0.0008751086394931571
anti,0.00087498540648143
bikini,0.0008748076337507782
url love,0.0008743336215421068
2000,0.0008738836040795614
float url,0.0008738014324247218
dog url,0.0008738014324247218
russia,0.0008733003974104587
home page,0.0008731194823882749
supply,0.0008730607239684869
celebrity,0.0008722371293391863
date supplied,0.0008719620605544822
earlier,0.0008715678248976498
fe,0.0008715225489445539
ls,0.0008708559089771465
unclaimed,0.0008703587884884522
transfer money,0.0008701958226364823
et,0.0008700916045509141
records,0.0008700331859554258
ap,0.0008684557050616558
journal,0.0008683715669593304
canada,0.0008671249653148633
dimensions,0.0008670335634385737
toronto,0.0008666726438764719
mail server,0.0008664673205033209
yeah,0.0008659503623368029
force,0.0008651630340696001
appreciate,0.0008649782846344811
federal,0.0008646959730269858
matthias,0.0008643409737098034
obtain,0.0008640222921110913
right time,0.0008636715028322843
oh,0.0008632208205806199
interface,0.0008625240631738104
published,0.0008621441900980376
bismarck,0.0008611510218036752
goal,0.000860522065092641
articles,0.0008602686741925961
xp,0.0008596010992131044
just like,0.0008588135027245296
iraq,0.0008582942765026432
da,0.0008570780454377902
ram,0.0008570739766939615
life today,0.0008567969569687188
tips,0.0008567827896941633
steps,0.0008564108638948767
count,0.0008561979367716335
listed,0.0008560493610500354
oct 2007,0.0008548116768860127
usb,0.000854622629332908
printer,0.0008541776441468698
hat,0.0008536198428691742
weka,0.0008533868242410713
unsubscribe group,0.0008525750079493448
unsubscribe group send,0.0008525750079493448
vacation,0.0008523977902179291
message id,0.0008516552321905609
url date supplied,0.0008512179823027004
medium,0.0008510728937784738
nature,0.0008509506221958459
contain,0.0008507002449281698
usually,0.0008506950050141471
suite,0.0008501283718262495
provides,0.000849529809146533
look forward,0.0008493159840629598
ben,0.0008492110189516393
toll,0.000848479930104881
face,0.0008476667408278464
dns,0.0008474550853552998
opt,0.0008470240400857228
skills,0.0008468902017814515
submitted,0.0008463524021097292
kevin,0.0008454899357534999
beating,0.0008453923838507131
somebody,0.0008451527834567267
ga,0.0008447798882224602
land,0.0008440559729496812
block,0.0008435740139458253
relation,0.0008434474726986866
squirrelmail,0.0008429355035356882
traffic,0.0008419466838563268
fantastic,0.0008408669058454271
def,0.0008408076478917219
benefits,0.0008397393438093347
base,0.0008397172802766885
shouldn,0.0008391943899851388
schrieb,0.0008389679419924439
lots,0.0008388864637004979
million dollars,0.0008388736817763505
display,0.0008378853247971634
computing,0.0008377545400014908
notification,0.0008377020937244469
helped,0.0008372173643483405
topic,0.0008370340312475322
luck,0.0008370327181381955
solid,0.000836939248214593
lower,0.0008369066560583046
smith,0.0008363809930545419
contact email,0.0008361373440380908
43,0.0008358884717354014
objects,0.0008356691026940223
thomas,0.0008341872651019376
sounds,0.0008335989348163977
surveys,0.0008332352284371612
gh,0.0008330516775474359
charity,0.0008324762781796506
strictly,0.000830131111911499
worth,0.0008301231727112145
songs,0.0008297640426686793
attachment,0.0008292977391062876
november,0.0008291608723639721
happens,0.0008290053136461906
successfully,0.0008289221094835643
surveys shown ladies,0.0008288646960398713
shown ladies,0.0008288646960398713
ladies prefer man,0.0008288646960398713
ladies prefer,0.0008288646960398713
man huge,0.0008288646960398713
shown ladies prefer,0.0008288646960398713
prefer man,0.0008288646960398713
surveys shown,0.0008288646960398713
huge manhood,0.0008288646960398713
prefer man huge,0.0008288646960398713
man huge manhood,0.0008288646960398713
quality replica,0.0008287143916405941
locate,0.0008284206813459092
fast mouse,0.0008282870561866119
56,0.0008282351835082292
ascii,0.0008281180554668465
health beauty,0.0008279915836961284
home page url,0.0008269944259087058
bless,0.00082688798473482
appears,0.0008263607707537636
steve,0.0008263444997461661
plane crash,0.0008262728287435493
shows,0.0008259682125431861
1st september,0.000825504641270852
reasonable,0.0008254621515424269
identified,0.0008240777908835679
dear email,0.0008237613206148358
reasoning,0.0008234693069833868
suggest,0.0008232406896431541
understanding,0.0008231403154438515
years ago,0.0008218142295262397
email account,0.0008212545770515056
defined,0.000821254292506456
strong,0.0008210409391155623
exclusive,0.000820555773237366
arm,0.0008203800102067962
images,0.0008197526089673483
contacting,0.0008191345572759816
acceptance,0.0008187353134254516
respond,0.0008184214479662739
total sum,0.0008172997720824901
watches best,0.0008154243413275337
behavior,0.0008151319204365598
jolie,0.0008147469296424724
black,0.0008141823208239141
lord,0.0008139003260971562
fashionable,0.0008138811870221816
fashionable replica,0.0008138811870221816
fashionable replica watches,0.0008138811870221816
customer support,0.0008134829871418246
history,0.0008132867379055004
ct,0.0008126158912109696
costume,0.0008118831469557112
separate,0.0008109848269041094
sys,0.0008109296558312406
projects,0.0008107571859147948
partition,0.000810538968571772
parts,0.0008102204122726678
inform,0.0008102093618511836
uri,0.0008101470162847797
morning,0.0008090907589732855
shopping,0.0008090883417199787
unusual,0.0008090640012309016
white paper,0.0008086988266739388
instance,0.0008077794333592585
mouse click,0.0008076952158254621
notes,0.0008076367587539232
ministry,0.0008074877252446568
contents,0.0008073900219615597
threads,0.00080674393878245
brian,0.00080665674818816
proceed,0.0008053663852469564
spamd,0.0008049815232339672
officer,0.00080434210562961
north,0.0008040372790600438
look feel,0.0008039281623945564
shipment,0.0008037460642340365
strict,0.0008037408268387399
vis,0.0008037378983843138
worry,0.0008037252619085628
mentioned,0.0008031779332444765
warranty,0.0008029425251701748
military,0.0008028754023456502
giving,0.0008026628942104009
cpu,0.0008022855645971069
costume replica,0.0008020903983167424
costume replica watches,0.0008020903983167424
luxurious costume,0.0008020903983167424
luxurious costume replica,0.0008020903983167424
electronic,0.0008018749511941369
maintain,0.0008017396882721252
1st september use,0.0008010569516122225
till 1st september,0.0008010569516122225
url people,0.00080099756330972
appreciated,0.0007999561439076977
spend,0.0007996920834469392
dispute,0.0007993049290193011
statement,0.0007984595294678657
joe,0.0007982652572281439
delay,0.0007979237380106893
offer check site,0.0007976137898627054
offer check,0.0007976137898627054
complex,0.0007973157345569351
help till 1st,0.0007972762732244987
engineer,0.0007971887368247633
minister,0.0007968570495637795
guy,0.0007962885481386392
000 000 00,0.0007959028701264242
fast mouse click,0.000795380888995673
help fast,0.000795380888995673
help fast mouse,0.000795380888995673
wont better,0.000795380888995673
debt,0.0007953194033197022
mb,0.0007952768012965441
mail address,0.0007952341013616722
seven,0.0007951996269016889
probability,0.0007949213443000615
email unsubscribe,0.0007943580161270748
hour,0.0007936738769492186
gained,0.0007933010097492496
spec,0.0007932125815065156
judge,0.0007931569436302935
distribution,0.0007931379767445118
thousand united,0.0007928300883013495
v2,0.0007928079181533671
tee,0.000792699033816692
suggested,0.0007924846361949933
mention,0.0007920670134273318
processed,0.000791964630657356
email 2008,0.0007917502980180373
47,0.0007910845236043593
relatives,0.0007908391110567644
visual,0.0007899901221881004
particularly,0.0007897602232339577
match,0.0007885506965752615
activity,0.0007881234534005573
does know,0.0007877707432754629
claims,0.000787648823244057
episode,0.0007872459000366674
definitely,0.0007871286183068727
yahoo groups,0.0007865524496830959
ph,0.0007862775070792703
agreement,0.0007862556352300137
protection,0.0007849639020292762
disabled,0.0007849601527388116
telephone fax,0.0007839663166693491
killed,0.0007833425930328929
fit,0.0007830350873633365
areas,0.0007829831650218503
vmware,0.0007829125340682989
open source,0.0007822912404835857
sexual,0.0007816771432678097
calling,0.0007815630266283585
membership,0.0007804913489192339
ing,0.0007798079882127675
na,0.000779794626497089
comments email 2008,0.0007794951403226435
artificial,0.0007792110552429998
30th october,0.0007783386112541554
till 30th october,0.0007783386112541554
30th october use,0.0007783386112541554
penis,0.0007779706063024934
connect,0.000777575536678114
plans,0.0007773466671702895
week work,0.0007767793530019941
reminder,0.0007767202444960112
rolex watch,0.0007766725486106476
collection,0.0007764293147101538
regards martin,0.0007763330496161765
killer,0.0007762735365315043
weapon,0.0007758207264859071
interrupt,0.0007755015501521185
details answerdry,0.0007754152557676083
details answerdry com,0.0007754152557676083
answerdry com,0.0007754152557676083
site details answerdry,0.0007754152557676083
answerdry,0.0007754152557676083
organization,0.0007753157170877752
laptop,0.0007744718612129032
late husband,0.0007738850936306239
moved,0.0007730903715710988
positive,0.0007728604756354016
faster,0.0007728363397025969
hurt,0.0007727965864058437
button,0.0007726404536036626
testing,0.0007715967390451039
personally,0.0007711816733104696
heard,0.0007709395407150461
clearly,0.0007706356685606912
returned,0.0007700944223231588
decide,0.0007696836814098151
table,0.0007691380297786143
joseph,0.0007686508609780088
late father,0.0007683854453019156
friendly,0.0007682757981275191
verification,0.0007678836555945918
world url,0.0007670090592009556
includes,0.0007667316943119555
discover,0.0007662401504268192
0000,0.0007660543037520239
cost replica,0.0007658536428363185
2008 09,0.0007657190487237736
fax numbers,0.0007657117865852717
executed,0.0007655200322030031
door,0.0007647009805702744
enterprise,0.0007644422545583802
ent,0.0007642428415923601
victim,0.0007640998254967974
fakes,0.0007639373580785404
consultant,0.0007638435779412015
asks,0.0007630996702320485
wireless,0.0007628023275166669
considered,0.0007627625545921132
real thing,0.0007624184591119805
bar,0.0007624116130847529
fun,0.0007603594979253539
du,0.0007603295818895894
compiz,0.0007603077945927923
releases,0.0007600360695900255
define,0.0007597765230825295
racial,0.0007590596754866306
starting,0.0007581897653860114
identity,0.0007575366693904559
monster url,0.000757529753183458
gave,0.0007574728070996236
trademarks,0.0007571425977459903
sunday,0.0007551484161955215
aren,0.0007545600391537645
usa url,0.0007535871509786007
index,0.0007530871063863053
make sure,0.000752686275554989
anybody,0.0007526202801799132
turtle,0.0007524447329032479
expensive,0.0007522115393297559
time week,0.000751858571836721
week work think,0.000751858571836721
time week work,0.000751858571836721
dvds,0.0007517773852702476
admin,0.0007516423308475928
board,0.0007513990212644862
process payment,0.0007512100789922771
answerdry com aug,0.0007512040880099317
priority,0.0007507920748850617
apparent,0.0007507051455861719
use special,0.0007506455017442248
assume,0.0007505762069670694
saying,0.0007498207337949289
200,0.0007495853738093111
canadian pharmacy,0.0007495111133875361
managers,0.0007491008937711974
herrespect,0.0007489593868116278
herrespect com,0.0007489593868116278
details herrespect,0.0007489593868116278
details herrespect com,0.0007489593868116278
site details herrespect,0.0007489593868116278
keeps,0.0007485894332858998
moore,0.0007483212168760209
20 20,0.0007481122519426996
sharing,0.0007479752286026008
pix,0.0007479666256941036
exe,0.0007478304471384581
connection,0.0007472162674847615
mode,0.0007468700978618335
today lose,0.0007464930324767859
try today lose,0.0007464930324767859
try today,0.0007464930324767859
today lose just,0.0007464930324767859
8859 content,0.0007464557596538253
8859 content transfer,0.0007464557596538253
iso 8859 content,0.0007464557596538253
queue,0.000746228368428054
font size,0.0007457992960899102
pitt,0.0007456542585347421
fail,0.0007442426504324595
cards,0.000744105202569052
exception,0.000743956106478605
intercourse,0.0007437982157769512
functions,0.000743332782448442
ord,0.0007432012276629915
chief,0.0007431007621499604
sound,0.0007429709955314497
concerning,0.000741671588098311
cpanplus,0.0007412291167054845
best brands,0.0007411420319932093
watches best brands,0.0007411420319932093
books,0.0007408409843069972
heaven,0.0007404034567154406
protocol,0.0007403096221805022
happened,0.0007400123043298267
authors,0.0007397928030557702
10 2007,0.0007395242570153444
honest,0.0007394461782253414
examples,0.0007393542786682242
best replica watches,0.0007384820812242147
var,0.0007375033525282913
leaving,0.000736901552010963
don pay,0.0007369003419774082
fork,0.0007364523557825757
beginning,0.0007359190903544226
police say,0.0007358903492546241
million united,0.0007358152372595782
70,0.0007355566586268533
update payment,0.000735445993139499
percentage,0.0007351267288738835
archive,0.0007348972701551863
dont,0.0007340508006633613
fee,0.000734026055312247
change life today,0.0007340022494992739
matter change,0.0007340022494992739
does matter change,0.0007340022494992739
matter change life,0.0007340022494992739
discovery,0.0007338671676161508
heart attack,0.0007337552257317056
ken,0.0007336695126104506
produce,0.0007328419197547762
configure,0.0007327250045453832
surprise,0.0007326900793055923
capital,0.0007326652110687033
undef,0.0007325491720670658
kept,0.0007325271239262705
sales,0.0007321766375005634
cvs,0.000732176067055621
certainly,0.00073175596671268
hp,0.0007309914194498174
difficult,0.0007309854991542393
gay,0.000730813117097371
url news,0.0007304576658684097
apparently,0.0007304479336742749
brand,0.0007302810045920712
procedure,0.0007302051079231787
car,0.0007300686509748411
investigation,0.0007299115548000261
words,0.0007296035244961339
docs,0.0007293699800781969
outside,0.0007287087482040705
alias,0.0007283130305681719
justin,0.0007282656040533878
lack,0.0007278975761991692
thicker,0.0007273671258113526
best time,0.0007264928574425162
requests,0.0007264649123517858
parker,0.0007263142111808814
mo,0.0007260146431276124
light,0.0007259382431217612
summer right,0.0007257940968341001
summer right time,0.0007257940968341001
37,0.0007256821719391622
bush,0.000724744370517972
pictures,0.0007247059022069787
sv,0.0007245207792269531
herrespect com aug,0.000724502861048047
db,0.0007242685263474475
faithfully,0.0007237080309468556
pens,0.0007232444972519339
compare,0.0007230896510090955
newsletters,0.0007227841473248751
music,0.000721900679939345
lecture,0.0007217238466452037
ads suspended,0.0007216112768448249
talking,0.0007214766790210744
correctly,0.0007214483140173257
near,0.0007212288453158951
treat,0.0007207799105811479
replica watch url,0.0007200293789003685
py3k,0.0007199412620010079
username,0.0007197134348474501
email 2008 02,0.0007196415321510928
max,0.0007192787708020414
advance,0.0007190745428620602
developer,0.0007190431376688018
master,0.000718955235995331
home url,0.000718229668689974
college,0.0007178922067941357
url spamassassin,0.0007176234106312583
florida usa,0.0007174282456078719
catch,0.0007173504678452081
killings,0.0007173316070850381
female,0.0007173286398104118
planning,0.0007173058811861515
received message,0.0007172091589657257
criticism,0.0007170995682505797
answers,0.0007170313139974865
handling,0.0007167149291999712
earth,0.0007165921442177493
sans,0.0007165783372861307
developers,0.0007165416379160166
health shop,0.0007163575241301073
eye,0.0007162581964368856
2008 04,0.0007162150920875896
totally,0.0007158774704529707
energy,0.0007156800512147248
viruses,0.0007156050730422472
paypal,0.0007154758056882412
nextpart 000,0.0007153226662417097
vince,0.0007153198636568571
relations,0.0007150491444304621
patrick,0.0007150227033707233
email address email,0.0007148622959125313
dreams cost replica,0.0007144440054168932
dreams cost,0.0007144440054168932
cost replica watches,0.0007144440054168932
nabble,0.0007141137842779506
mkstemp,0.0007134224865542684
risk free,0.0007131971527061991
king,0.00071279736147676
x86 64,0.0007119343607054931
consignment,0.0007118212687508844
clean,0.0007114337217813152
devil,0.000711353593959695
desk,0.0007107167813512918
poor,0.0007106942877291017
rm,0.0007104558753513326
url canadian,0.0007100160905340834
bob,0.0007100158388939856
effects,0.0007099680420741068
transferred,0.0007097286140901162
room,0.0007096278190032533
stock,0.0007092571054292834
mag,0.0007091855814335833
art,0.0007091483167846709
privileged,0.0007086734546549807
0700,0.0007086201878319842
cancer,0.000707933018236049
removal,0.0007077511028570158
select,0.0007076312453521817
toll free,0.0007075492857025903
arrangement,0.0007073330888021715
jeanne,0.0007070046501912858
src,0.0007067468886801641
lucky,0.0007066144434249992
repository,0.000706536356008522
confession,0.0007064143932772333
toddler,0.000706319887897497
jaeger,0.0007057348866086425
nigerian,0.000705327944795403
suicide,0.0007049234124977182
edition,0.0007048703424874838
benjamin,0.0007047562360034074
mi,0.0007046818701361882
new tool,0.0007046778045142753
knew,0.0007045055413810845
dangerous,0.000704319006549069
offer visit,0.0007039709851287547
offer visit site,0.0007039709851287547
swim,0.0007031641231766338
iptv,0.0007031362407752157
absurd,0.0007030608973215111
frank,0.0007029363515337943
use specific,0.0007026023763313787
details traditionstreet,0.0007022989609697048
details traditionstreet com,0.0007022989609697048
site details traditionstreet,0.0007022989609697048
vyigra,0.0007015589804951088
martin python,0.0007012826892335718
jose,0.0007012289674074075
computers,0.0007008591010448966
imagine,0.0007004814572640313
rolex url,0.0006998387816773592
tax,0.0006994486069205601
ug,0.000699352459963831
traditional,0.0006993195353344529
dell,0.0006991156275128223
track,0.0006989714515714349
0400,0.0006989528108349597
ssl,0.0006985038388373705
buy new,0.0006979795899292721
0300,0.0006979427156369481
professor,0.0006978402912606116
hecklers,0.0006975163061751914
internal,0.0006974992177453696
antarctic,0.0006972712613591973
broken,0.0006967512739762646
picture,0.0006967454008091993
digest,0.0006965927875664194
url attack toronto,0.0006963602323381138
mom pleads girl,0.0006963602323381138
url karadzic deal,0.0006963602323381138
bus judge,0.0006963602323381138
url canadian police,0.0006963602323381138
degree murder,0.0006963602323381138
40 edmonton charged,0.0006963602323381138
bus judge taken,0.0006963602323381138
mom url news,0.0006963602323381138
mom pleads,0.0006963602323381138
dispute url mom,0.0006963602323381138
head url murder,0.0006963602323381138
degree murder beheading,0.0006963602323381138
url 10 mccain,0.0006963602323381138
url 10 hecklers,0.0006963602323381138
toronto called racial,0.0006963602323381138
url karadzic,0.0006963602323381138
fair url,0.0006963602323381138
racial url ireporters,0.0006963602323381138
absurd episode 54,0.0006963602323381138
racy photos,0.0006963602323381138
absurd episode,0.0006963602323381138
racial url,0.0006963602323381138
racy photos toddler,0.0006963602323381138
gets pitt,0.0006963602323381138
54 url police,0.0006963602323381138
fakes heart attack,0.0006963602323381138
url defendant,0.0006963602323381138
fair url cnn,0.0006963602323381138
videos montauk monster,0.0006963602323381138
url defendant fakes,0.0006963602323381138
url devil dog,0.0006963602323381138
url ireporters,0.0006963602323381138
url ireporters unusual,0.0006963602323381138
fakes heart,0.0006963602323381138
racy,0.0006963602323381138
dispute url,0.0006963602323381138
mother pleads,0.0006963602323381138
monster cnn,0.0006963602323381138
heart attack url,0.0006963602323381138
beheading identified,0.0006963602323381138
beheading identified url,0.0006963602323381138
beheading man,0.0006963602323381138
beheading man bus,0.0006963602323381138
asks thing racy,0.0006963602323381138
confession recanted url,0.0006963602323381138
confession recanted,0.0006963602323381138
stories suspect,0.0006963602323381138
apparent suicide url,0.0006963602323381138
unusual names url,0.0006963602323381138
episode 54,0.0006963602323381138
episode 54 url,0.0006963602323381138
unusual names,0.0006963602323381138
stories suspect beheading,0.0006963602323381138
swim killings,0.0006963602323381138
apparent suicide,0.0006963602323381138
obama talk url,0.0006963602323381138
obama talk,0.0006963602323381138
obama criticism fair,0.0006963602323381138
obama criticism,0.0006963602323381138
return url defendant,0.0006963602323381138
news absurd,0.0006963602323381138
return url karadzic,0.0006963602323381138
recanted,0.0006963602323381138
news absurd episode,0.0006963602323381138
recanted url,0.0006963602323381138
recanted url anthrax,0.0006963602323381138
asks thing,0.0006963602323381138
home url 10,0.0006963602323381138
deal url suspect,0.0006963602323381138
girl return url,0.0006963602323381138
identified url,0.0006963602323381138
moos asks thing,0.0006963602323381138
defendant fakes heart,0.0006963602323381138
defendant fakes,0.0006963602323381138
monster cnn jeanne,0.0006963602323381138
monster url devil,0.0006963602323381138
montauk monster cnn,0.0006963602323381138
montauk monster url,0.0006963602323381138
gets pitt jolie,0.0006963602323381138
hecklers interrupt,0.0006963602323381138
girl return,0.0006963602323381138
defendant,0.0006963602323381138
hecklers interrupt obama,0.0006963602323381138
moos,0.0006963602323381138
moos asks,0.0006963602323381138
url killer carried,0.0006963602323381138
names url mother,0.0006963602323381138
mother pleads child,0.0006963602323381138
murder beheading,0.0006963602323381138
murder beheading man,0.0006963602323381138
murder confession,0.0006963602323381138
murder confession recanted,0.0006963602323381138
vince weiguang,0.0006963602323381138
beating dispute,0.0006963602323381138
vince weiguang li,0.0006963602323381138
beating dispute url,0.0006963602323381138
identified url canadian,0.0006963602323381138
40 edmonton,0.0006963602323381138
swim killings url,0.0006963602323381138
names url,0.0006963602323381138
url killer,0.0006963602323381138
url mom,0.0006963602323381138
anthrax suspect home,0.0006963602323381138
pleads girl,0.0006963602323381138
jena cases,0.0006963602323381138
jena cases url,0.0006963602323381138
10 stories suspect,0.0006963602323381138
carried victim,0.0006963602323381138
pleads child,0.0006963602323381138
pleads child return,0.0006963602323381138
pleads girl return,0.0006963602323381138
url suspect arrested,0.0006963602323381138
carried victim head,0.0006963602323381138
cases url,0.0006963602323381138
cases url people,0.0006963602323381138
cnn jeanne moos,0.0006963602323381138
cnn jeanne,0.0006963602323381138
jolie pix,0.0006963602323381138
mag gets,0.0006963602323381138
mag gets pitt,0.0006963602323381138
jena,0.0006963602323381138
10 videos montauk,0.0006963602323381138
jeanne moos asks,0.0006963602323381138
pix url attack,0.0006963602323381138
pix url,0.0006963602323381138
edmonton,0.0006963602323381138
edmonton charged,0.0006963602323381138
edmonton charged second,0.0006963602323381138
jeanne moos,0.0006963602323381138
pitt jolie pix,0.0006963602323381138
pitt jolie,0.0006963602323381138
canadian police say,0.0006963602323381138
mccain obama criticism,0.0006963602323381138
canadian police,0.0006963602323381138
dog turtle montauk,0.0006963602323381138
url suspect,0.0006963602323381138
jolie pix url,0.0006963602323381138
suspect apparent suicide,0.0006963602323381138
charged second degree,0.0006963602323381138
10 mccain obama,0.0006963602323381138
10 mccain,0.0006963602323381138
10 hecklers interrupt,0.0006963602323381138
10 hecklers,0.0006963602323381138
thing racy photos,0.0006963602323381138
charged second,0.0006963602323381138
killer carried,0.0006963602323381138
criticism fair url,0.0006963602323381138
killer carried victim,0.0006963602323381138
li 40,0.0006963602323381138
thing racy,0.0006963602323381138
li 40 edmonton,0.0006963602323381138
killings url,0.0006963602323381138
killings url anthrax,0.0006963602323381138
arrested swim killings,0.0006963602323381138
karadzic deal url,0.0006963602323381138
arrested swim,0.0006963602323381138
attack toronto,0.0006963602323381138
attack toronto called,0.0006963602323381138
second degree murder,0.0006963602323381138
karadzic deal,0.0006963602323381138
attack url,0.0006963602323381138
police say vince,0.0006963602323381138
karadzic,0.0006963602323381138
police beating dispute,0.0006963602323381138
police beating,0.0006963602323381138
attack url killer,0.0006963602323381138
judge taken jena,0.0006963602323381138
judge taken,0.0006963602323381138
criticism fair,0.0006963602323381138
second degree,0.0006963602323381138
dog turtle,0.0006963602323381138
suspect apparent,0.0006963602323381138
suspect arrested,0.0006963602323381138
ireporters unusual names,0.0006963602323381138
say vince weiguang,0.0006963602323381138
toddler mom url,0.0006963602323381138
devil dog turtle,0.0006963602323381138
url news absurd,0.0006963602323381138
toddler mom,0.0006963602323381138
say vince,0.0006963602323381138
ireporters,0.0006963602323381138
weiguang,0.0006963602323381138
url murder confession,0.0006963602323381138
weiguang li,0.0006963602323381138
weiguang li 40,0.0006963602323381138
url murder,0.0006963602323381138
url mother pleads,0.0006963602323381138
url mother,0.0006963602323381138
url mom pleads,0.0006963602323381138
child return,0.0006963602323381138
people mag gets,0.0006963602323381138
people mag,0.0006963602323381138
taken jena cases,0.0006963602323381138
toronto called,0.0006963602323381138
taken jena,0.0006963602323381138
child return url,0.0006963602323381138
victim head,0.0006963602323381138
victim head url,0.0006963602323381138
interrupt obama talk,0.0006963602323381138
anthrax suspect apparent,0.0006963602323381138
interrupt obama,0.0006963602323381138
videos montauk,0.0006963602323381138
mccain obama,0.0006963602323381138
devil dog,0.0006963602323381138
ireporters unusual,0.0006963602323381138
man bus judge,0.0006963602323381138
suicide url,0.0006963602323381138
turtle montauk monster,0.0006963602323381138
suspect home,0.0006963602323381138
url police,0.0006963602323381138
url police beating,0.0006963602323381138
man bus,0.0006963602323381138
photos toddler,0.0006963602323381138
url people mag,0.0006963602323381138
photos toddler mom,0.0006963602323381138
suspect home url,0.0006963602323381138
suicide url 10,0.0006963602323381138
suspect beheading identified,0.0006963602323381138
suspect beheading,0.0006963602323381138
talk url 10,0.0006963602323381138
called racial,0.0006963602323381138
suspect arrested swim,0.0006963602323381138
called racial url,0.0006963602323381138
turtle montauk,0.0006963602323381138
54 url,0.0006959949391311004
designed,0.0006959480906009065
geek,0.0006959152047160866
mom url,0.0006952654455136042
talk url,0.0006952654455136042
weekend,0.0006952238107995282
url attack,0.0006948942309403062
url devil,0.0006948942309403062
showing,0.0006945821521868459
january,0.0006943254798456884
online shop,0.0006940078685972282
focus,0.0006937398967757999
short weeks women,0.0006932019980693045
simply love,0.0006932019980693045
love large manhood,0.0006932019980693045
length short,0.0006932019980693045
love large,0.0006932019980693045
large manhood,0.0006932019980693045
thickness length short,0.0006932019980693045
length short weeks,0.0006932019980693045
weeks women,0.0006932019980693045
simply love large,0.0006932019980693045
women simply love,0.0006932019980693045
weeks women simply,0.0006932019980693045
increase thickness length,0.0006932019980693045
thickness length,0.0006932019980693045
women simply,0.0006932019980693045
trustworthy,0.0006931912738412303
2018,0.000693127817581104
2008 05,0.0006929911190198603
summer best time,0.0006928479412373318
summer best,0.0006928479412373318
providing,0.0006922081267540074
civil,0.0006913142026876645
responsible,0.0006912444504618498
warnings,0.0006912011547513983
replica watches best,0.0006910980215639203
random,0.000690988404626061
incoming,0.0006908814631102113
saturday,0.0006908567704719369
foreign partner,0.0006907838634895362
unicode,0.0006900338114580709
1000,0.0006898075057597597
computational,0.0006897964116847308
switch,0.0006890055630667752
rossum home page,0.0006888671223950957
van rossum home,0.0006888671223950957
rossum home,0.0006888671223950957
addition,0.0006886416040869847
regards martin python,0.0006886091512517856
returns,0.0006885798848582296
mortgage,0.0006878563484019821
webcast,0.0006875301120290447
sample,0.0006873454872441502
gifts,0.0006870958874865514
assist till,0.0006868000685017166
life glad assist,0.0006868000685017166
glad assist,0.0006868000685017166
glad assist till,0.0006868000685017166
false,0.0006863526431631012
fax number,0.000685845331966898
authentication,0.0006856256412246766
echo,0.0006855847772001904
sit,0.0006844120251846675
folks,0.0006838616924487664
wear,0.0006833413732210917
btw,0.0006833036069088794
dakar,0.0006831251789018652
rock,0.0006822093892105144
3d,0.0006816236695998905
young,0.0006813656703174846
suggestion,0.0006810991862001715
properties,0.000680715989909174
checking,0.0006805758623051327
guys,0.0006801224360573106
fast delivery,0.0006798513776360127
achieve dreams,0.0006798129180548008
2008 achieve dreams,0.0006798129180548008
2008 achieve,0.0006798129180548008
super size,0.0006798129180548008
achieve dreams super,0.0006798129180548008
stud 2008 achieve,0.0006798129180548008
dreams super,0.0006798129180548008
dreams super size,0.0006798129180548008
stud 2008,0.0006798129180548008
stud,0.0006798129180548008
revision,0.0006796658922257079
fresh,0.0006792176824361681
savings,0.000679076500939285
desire,0.0006790328479842296
cooperation,0.0006789071059829444
chat,0.00067855683516132
helping,0.000678106332783331
caused,0.0006780760188395353
ghana,0.000677775939674085
money guarantee,0.0006774479913879583
christmas,0.0006774140876061166
utmost,0.0006773157703986208
green,0.0006757728516887994
manner,0.0006749249123930286
resolution,0.0006748114487387178
maps,0.0006747454721058279
fails,0.0006742129532957264
url python 3000,0.0006741631712742901
lo,0.0006740954871964106
800,0.0006740816796270409
capable,0.0006737022237491601
title,0.0006734845072499515
provider,0.0006734180523593802
understood,0.0006726774423168351
purchases,0.0006726574050543126
alpha,0.0006725677343479106
meat,0.0006723169295123142
best way,0.000671952123180823
hold,0.0006712394014757921
statistics,0.0006712212061916474
keys,0.0006709746749250453
regular,0.0006704683070064276
allowed,0.0006702454000734153
heavy,0.0006699460785240295
greetings,0.0006699028038671534
indicate,0.0006691246014695741
wonderful,0.0006690599400748879
bags,0.0006686045147472957
study,0.0006680670963910678
institute,0.0006676437775938113
boston,0.0006676216469393438
text html,0.0006674063637942337
wietse,0.000667177471419276
remote,0.0006670021720443586
increases,0.0006669446819866122
stephen,0.0006667478682418444
selected,0.0006667346100485962
got contact,0.0006662408116211073
potential,0.0006662039178684919
exist,0.0006659889003892035
beach,0.0006655534323949479
75,0.0006651467122095732
online url,0.0006641198682461043
web url,0.0006636950730524791
forwarded,0.0006636537520910964
places,0.0006635483123098148
10 07,0.0006633358072948293
production,0.0006629654271793713
pants,0.0006628873182638054
jaeger lecoultre,0.0006627687777408098
lecoultre,0.0006627687777408098
evidence,0.0006627206288961029
vista,0.0006624579134538653
compile,0.0006623243379217488
types,0.000661835992233897
rossum wrote,0.0006616137514768709
van rossum wrote,0.0006616137514768709
pri,0.0006610931946401058
year old,0.000660905253279321
permanently,0.0006607482840246495
david florida,0.0006593480113293463
easily david florida,0.0006593480113293463
david florida usa,0.0006593480113293463
herbal supplement sharon,0.0006593480113293463
pleasurable comes easily,0.0006593480113293463
pleasurable comes,0.0006593480113293463
easily david,0.0006593480113293463
supplement sharon says,0.0006593480113293463
sex pleasurable,0.0006593480113293463
started herbal supplement,0.0006593480113293463
started herbal,0.0006593480113293463
comes easily david,0.0006593480113293463
comes easily,0.0006593480113293463
sex pleasurable comes,0.0006593480113293463
supplement sharon,0.0006593480113293463
says sex pleasurable,0.0006593480113293463
says sex,0.0006593480113293463
sharon says sex,0.0006593480113293463
sharon says,0.0006593480113293463
patterns,0.0006590691958910563
nights,0.0006589814866608515
proper,0.0006589271025921565
impossible,0.000658921027309705
payment information,0.000658850787393748
abidjan,0.0006586454218509113
ibm,0.0006578300392066372
clicking,0.0006577644461810744
bvlgari watches,0.0006573888047175881
bvlgari watches replica,0.0006573888047175881
helo,0.0006573479636535226
products url,0.0006570899227697379
soa,0.0006570791940478758
initial,0.0006567025842696492
operate,0.0006566365727988077
purposes,0.0006564850411585737
cure,0.0006564473163741607
split,0.0006563733375620445
ft,0.0006561900916580104
requirements,0.0006556296576628386
planet,0.000654845120955938
ran,0.0006543919905149838
binary,0.000653693812137891
xs,0.0006535411529262956
reality,0.0006531772841601687
send mail,0.0006531066896487305
coast,0.0006527639487721641
use limited,0.0006527339343570142
bottles,0.0006526339678612942
ny,0.0006526312875153669
looking watch,0.0006525276475616771
watch visit,0.0006525276475616771
watch visit replica,0.0006525276475616771
looking watch visit,0.0006525276475616771
variable,0.0006523975494439436
meeting,0.00065143968893224
looked,0.0006511884285850074
boxes,0.000651180313956057
classics looking,0.0006509446797095314
replica classics looking,0.0006509446797095314
hate,0.0006507113981421254
description,0.0006505821264662284
cb,0.0006505557357032982
email 2007,0.0006504549221426836
permit,0.0006503929950270235
techtarget,0.0006501430163514816
processes,0.0006498165399185965
supplies,0.0006497439737775924
click order,0.0006496518894680274
techniques,0.0006488914646365182
progress,0.0006486109773782127
organizations,0.0006483399246242828
usage,0.0006479696162467536
page url python,0.0006477750219993691
viewer,0.0006476939853351863
dead,0.0006472979167740916
developed,0.0006470920975614735
gs,0.0006470029210676611
help url,0.0006469945867033039
minimal,0.0006468764563769524
rolex patek,0.000646672287589827
rolex patek philippe,0.000646672287589827
global,0.0006464480302966232
update payment information,0.0006462353893554593
aug 2002,0.0006459526152182003
experts,0.0006456899040165115
v1,0.0006453526278207552
improved,0.000644888617913487
brought,0.000644742355647065
baby,0.0006442515582245295
2008 21,0.0006432121665033554
email behalf,0.0006431635020014705
jerry,0.0006426873683460849
ns,0.0006426079137563093
stated,0.0006424992539628253
indicated,0.0006420937651893151
pa,0.0006420638926358231
permanent results,0.000641979712763249
australia,0.0006417698828882938
sierra,0.0006417353976447659
input,0.0006414588505256881
url python dev,0.0006412001252140188
central,0.000640792998233409
ti,0.0006404504167797961
500 000,0.0006401661637111296
base64,0.0006394248452638673
piece,0.0006390011924295768
critical,0.0006388518646731901
hoping,0.0006386403985271881
kingdom,0.0006385261664547757
gnupg v2,0.0006385160773507915
version gnupg v2,0.0006385160773507915
sasl,0.0006384000570908988
ordered,0.0006383495696911786
hair,0.0006382898908725135
starts,0.0006382265902572995
society,0.0006377330972945314
valued,0.0006375932927054303
spain,0.0006374108589492727
high quality replica,0.0006369547057216952
vote,0.0006366332634079771
proposal check site,0.000636491245913607
proposal check,0.000636491245913607
rid,0.000636066313878526
failing,0.0006354727094418366
lecoultre replica watch,0.0006354075451458762
jaeger lecoultre replica,0.0006354075451458762
lecoultre replica,0.0006354075451458762
thousand united states,0.0006351073761608547
follow link,0.0006344535530245468
achieved,0.0006342644878124292
received message subscribed,0.0006336165941036492
message subscribed,0.0006336165941036492
october use particular,0.0006333412720084215
gmt,0.0006320911410597166
follow url,0.0006316666372398788
configured,0.0006312356487906321
intelligent,0.0006310767691515963
leone,0.0006310218478746642
available url,0.000630862134680792
ine,0.0006307789113881771
auto,0.0006306514130257106
ia,0.0006300951557861469
generate,0.0006298762712073754
increase size,0.0006294093653345943
hot,0.0006293673840530296
prior,0.0006293581225107197
east,0.0006293497635330545
average gain 02,0.0006287425340438241
average gain,0.0006287425340438241
inches matters,0.0006287425340438241
matters gains,0.0006287425340438241
100 permanent,0.0006287425340438241
gains 100 permanent,0.0006287425340438241
gains 100,0.0006287425340438241
gain 02 inches,0.0006287425340438241
gain 02,0.0006287425340438241
02 inches matters,0.0006287425340438241
matters gains 100,0.0006287425340438241
inches matters gains,0.0006287425340438241
02 inches,0.0006287425340438241
yesterday,0.0006284760965750704
french,0.0006283484271120995
iwc replica watches,0.0006278876521274915
color,0.0006275704721247975
comments email 2007,0.0006275269639831871
million thousand united,0.0006271220319183344
wrapped,0.0006269296772459598
bayesian,0.000626659532838297
fraction,0.0006266256265921629
bugs,0.0006265195707186592
errors,0.0006264571124886522
summer exact time,0.0006260940118244545
exact time,0.0006260940118244545
summer exact,0.0006260940118244545
verified,0.0006259204131070276
older,0.0006257666207291417
auth,0.0006253306048769881
highest,0.000625326356794392
opening,0.0006253205049796179
unit,0.0006250470951572965
turned,0.0006249510378804382
russian,0.0006244355898690499
ping,0.0006243365545385989
auckland,0.0006236654562710567
downloaded,0.000623048642428893
folder,0.0006229765199046966
special offer,0.0006227982556783237
mailings,0.000622731127137958
icon,0.0006226422559422994
127,0.0006225081211506772
physical,0.000622350792485815
kde4,0.0006222206120979969
applies,0.0006221620946538783
approval,0.0006221286468570257
prohibited,0.0006220105094483248
c1,0.0006219636569717204
v2 svn0 gnu,0.0006219252490376968
svn0,0.0006219252490376968
svn0 gnu,0.0006219252490376968
svn0 gnu linux,0.0006219252490376968
gnupg v2 svn0,0.0006219252490376968
v2 svn0,0.0006219252490376968
vs,0.0006219193900662617
waste,0.0006217801401633944
ion,0.000621766489950332
resume,0.0006215678910549404
lady,0.0006210744706831334
high quality rolex,0.0006209059215382395
quality rolex replica,0.0006209059215382395
quality rolex,0.0006209059215382395
managing,0.0006205357660937977
ladies new tool,0.0006201178726542514
ladies new,0.0006201178726542514
moan pleasure deeper,0.0006201178726542514
watch moan,0.0006201178726542514
moan pleasure,0.0006201178726542514
pleasure deeper,0.0006201178726542514
new tool pants,0.0006201178726542514
deeper tightly,0.0006201178726542514
tightly,0.0006201178726542514
pants watch moan,0.0006201178726542514
pants watch,0.0006201178726542514
tool pants watch,0.0006201178726542514
pleasure deeper tightly,0.0006201178726542514
impress ladies,0.0006201178726542514
watch moan pleasure,0.0006201178726542514
tool pants,0.0006201178726542514
impress ladies new,0.0006201178726542514
grid,0.0006200937159969698
kind regards,0.0006198304806180947
kill,0.000619811610311643
red hat,0.0006197685278996018
qualified,0.0006195252452782204
init,0.0006191769568799447
percent,0.0006190578548314962
1998,0.0006188739049699253
moan,0.0006187938719487539
don work,0.0006183938259471346
regard,0.0006183448132685238
aug 2008 11,0.0006180467058346376
rg,0.0006178849542039701
ab,0.0006178830362270918
foreign account,0.000617364835355503
opinion,0.0006171768257376692
checks,0.0006169204542418474
searching,0.0006167867096208681
summary,0.0006167626697300696
scale,0.0006159749766554331
million united states,0.0006158839937900553
tracker,0.0006157953935119779
good time,0.0006155754536033194
burkina,0.0006152650112393115
implemented,0.000615090930411085
zimbabwe,0.0006150553677500993
manhood url,0.0006150485392240157
sep 2002,0.0006150220138117491
efficiency,0.0006148285717632668
2008 07,0.0006147690317204652
researchers,0.0006147065580937414
fedora,0.0006146123722185861
frame,0.0006144382859622884
pounds,0.0006135325123130819
edit,0.000612683020478361
gcc,0.0006119778995172065
mike,0.000611941180763273
andrew,0.0006119390724769013
roger,0.000611787412113006
use perl,0.0006117091741485124
conclusion,0.0006114740320525367
license cost,0.0006114005430466138
cost expenses,0.0006114005430466138
drugstores cover,0.0006114005430466138
expenses drugstores cover,0.0006114005430466138
drugstores cover operating,0.0006114005430466138
cover operating,0.0006114005430466138
operating normally,0.0006114005430466138
license cost expenses,0.0006114005430466138
cost expenses drugstores,0.0006114005430466138
cover operating normally,0.0006114005430466138
orders,0.0006113733728628114
artificial intelligence,0.0006111584091465173
playing,0.0006110742705313951
massey,0.0006104854764744373
channel,0.0006102451526100783
notify,0.0006098285318053155
2008 15,0.0006096881025943875
just look,0.0006096136531915929
ee,0.0006094511257091975
plain charset iso,0.0006092844232170133
technologies,0.0006092716277322539
aran,0.000607923150871554
2008 06,0.0006077767016829803
devices,0.0006077543188680038
feel free,0.0006071710277672512
education,0.0006068836001838796
data mining,0.0006067448158650658
eliminate,0.0006065216396121713
weight loss,0.0006064263278532727
wondering,0.0006063378898678116
1999,0.0006061501926059627
hosting,0.0006059142403754092
algorithms,0.0006057318385237276
instant,0.0006054395834648387
trading,0.0006054332887266269
associate,0.0006050728480540909
requested,0.0006047015483469403
blue,0.0006044383127790553
wide range,0.0006043247946834204
fields,0.0006042674414349498
gmail,0.0006040180330376763
supposed,0.0006039066259648018
sponsor,0.0006029981274621224
camera,0.0006024837846660814
url reply,0.0006023371929831592
promise,0.0006015734907090476
inconvenient,0.0006010442949393043
wis,0.0006004663913338993
ability,0.0006004570547131365
properly,0.0005997586744934089
ahmed,0.0005996689026438879
shop wont better,0.0005995668549223705
shop wont,0.0005995668549223705
aug 2008 05,0.0005993715532499647
free bottles today,0.0005993353844353963
today change,0.0005993353844353963
change life wait,0.0005993353844353963
life wait,0.0005993353844353963
bottles today,0.0005993353844353963
bottles today change,0.0005993353844353963
today change life,0.0005993353844353963
free bottles,0.0005993353844353963
burkina faso,0.0005988637972651378
faso,0.0005988637972651378
creating,0.0005988603572106233
apt,0.0005987920339047093
peace,0.0005984744897804771
scripts,0.000598334279550516
bbc,0.000598205061274804
venture,0.0005981881450116069
i386,0.0005977093749233937
type text html,0.0005974706541399502
blog,0.0005972701851774517
unknown,0.0005972203314798403
character,0.000597151381248581
pain,0.0005971459817499705
regards mr,0.0005965130312483506
apr 2008,0.0005964362040762663
razor users,0.0005962947194965093
roberts,0.0005962746937465833
md,0.0005960585615063505
broad,0.0005956324957573375
resolved,0.0005954621205664578
happening,0.0005954524093677081
student,0.000595283741345603
profitable,0.0005951564312517471
len,0.0005950378524961589
dkim,0.0005950182362543492
managed,0.0005949977596297228
soft,0.0005945404224800509
mutual,0.0005944594898380881
em,0.000594428906101088
loop,0.0005937330944406831
stuck,0.0005934161785033569
leader,0.0005929368460378004
shortly,0.000592899406445401
ws,0.0005927511444043861
commit,0.000592424025872788
site years,0.0005922326051920692
suppose,0.0005922283073029786
deals,0.0005918726632414542
richard,0.000591827157413767
rankin,0.0005918212752487615
rely,0.0005912705961890886
consistent,0.0005911185935121436
adobe,0.0005907798957863375
short months,0.000590577850674795
remaining,0.0005903622860221196
entirely,0.0005898479357641479
phd,0.0005896228404517952
assure,0.0005894464517682844
games,0.0005893182325331502
commands,0.0005890580899751015
legally,0.0005889883631455044
gnome,0.0005888859143227548
foundation,0.0005888837264158136
brett,0.0005886489285881223
background,0.000588502459663693
located,0.0005883188662382342
conf,0.0005874265328458953
execution,0.0005869832763204464
practice,0.000586508777962893
diamond,0.0005864651296262915
kit,0.0005857953550082087
stone,0.000585679525825217
jessen rich,0.0005852491285760471
gary,0.0005851746170443151
complexity,0.0005847347856627834
hesitate,0.000584517441269874
cheers carlos,0.0005845053294922196
replies,0.0005840193255289882
simply don,0.0005837846015168279
appropriate,0.0005837393440358104
mail sent,0.0005835219682381424
reduce,0.0005834240723487947
flags,0.0005833695817705259
thousand dollars,0.0005831656228323202
flash,0.0005830370948902663
modify,0.0005828760707460299
jones,0.0005828065211704921
nt,0.0005826977487529719
cat,0.0005826374474926093
long time,0.0005817282868319675
great time,0.0005816678103014956
profit,0.0005814618227303473
battery,0.0005813452794410828
dot,0.0005812659452666794
doubt,0.0005812097553622492
enjoying,0.0005810541220977464
transfer fund,0.0005808964987943202
trendy,0.000580641617253435
140,0.0005806143674702523
msn,0.0005805828053761056
intended recipient,0.0005798854233096992
correspondence,0.0005798846348052148
advised,0.0005798749078610068
urgently,0.0005795137923650126
air,0.0005793699552153932
forum,0.0005793374708977794
ts,0.0005790099055355928
depends,0.0005788617417642715
association,0.0005788398605724061
invited,0.0005787192296938412
truth,0.000578697074427249
fuzzy,0.0005785508795453923
dakar senegal,0.0005783707989309367
netherlands,0.0005783341654005562
scientific research,0.0005780210452045283
putting,0.00057784134886225
ciwerlis,0.0005774218296398397
attachments,0.0005772925194758056
signal,0.0005764374982261336
nd,0.0005762977390134409
notifications,0.0005758080323542227
website url,0.0005755980305305525
installing,0.0005755098851836462
google groups,0.000575231828074445
85,0.0005749678834792459
classes,0.0005747450793507373
filename,0.0005744930768434516
ff,0.0005744298370084041
enl,0.0005742115178967842
good day,0.0005740540342687226
billion,0.0005736910658339377
command line,0.0005735804848678847
ham,0.000573533163544076
rss,0.0005732971366698905
250,0.0005730458751355799
apologies,0.0005724459590712637
implement,0.0005719415841901647
star,0.0005718498696321373
yast,0.0005709118449845026
sent email,0.0005707137135360215
tastes,0.0005706871216638269
65,0.0005700394309342103
lived,0.0005696514495477652
stopped,0.0005693880224693232
men girlfriends,0.000569031593213714
men girlfriends site,0.000569031593213714
years scientific research,0.000569031593213714
guaranteed girth increases,0.000569031593213714
years scientific,0.000569031593213714
guaranteed girth,0.000569031593213714
satisfied men,0.000569031593213714
satisfied men girlfriends,0.000569031593213714
research herbal,0.000569031593213714
finally achieved,0.000569031593213714
finally achieved product,0.000569031593213714
scientific research herbal,0.000569031593213714
professionals gains inches,0.000569031593213714
professionals gains,0.000569031593213714
product rated,0.000569031593213714
achieved product,0.000569031593213714
testimonials satisfied men,0.000569031593213714
girth increases 30,0.000569031593213714
gains inches,0.000569031593213714
inches guaranteed girth,0.000569031593213714
hundreds testimonials,0.000569031593213714
hundreds testimonials satisfied,0.000569031593213714
read hundreds testimonials,0.000569031593213714
herbal breakthrough finally,0.000569031593213714
herbal breakthrough,0.000569031593213714
rated healthcare professionals,0.000569031593213714
rated healthcare,0.000569031593213714
site years scientific,0.000569031593213714
gains inches guaranteed,0.000569031593213714
inches guaranteed,0.000569031593213714
breakthrough finally achieved,0.000569031593213714
achieved product rated,0.000569031593213714
breakthrough finally,0.000569031593213714
product rated healthcare,0.000569031593213714
healthcare professionals gains,0.000569031593213714
healthcare professionals,0.000569031593213714
research herbal breakthrough,0.000569031593213714
girlfriends,0.000569031593213714
girlfriends site,0.000569031593213714
girlfriends site years,0.000569031593213714
increases 30,0.000569031593213714
girth increases,0.000569031593213714
blocked,0.0005690045372706598
definition,0.0005689886954316872
dublin,0.0005689261447555797
setup py,0.0005686251009507806
breaks,0.0005681923370087628
modalities,0.0005678690785608588
sold,0.0005676176367601371
biggest,0.0005675252075651345
reached,0.0005675060435996752
confirmation,0.0005671493370028794
methods increase,0.0005671069420466952
isa,0.000567105528235886
genetic,0.0005668217994116639
hospital,0.000566693205268154
fight,0.0005664879313325186
dir,0.0005663971606766156
discount,0.0005663648311828664
message email,0.0005662880913433424
contacted,0.0005661764570900448
martin wis,0.000566166261170922
contractor,0.0005661083717154775
whitelist,0.000565617047921133
touch,0.0005650642952054074
use particular proposal,0.000565031631311586
particular proposal,0.000565031631311586
wish receive,0.0005646661614533524
temporary,0.0005645059681380822
helpful,0.0005633034890247302
received email,0.0005632224707084291
await,0.0005629356891290325
remain,0.0005629028581435923
valuable,0.0005624916492517908
stdlib,0.0005623365246535966
fear,0.0005620211262189086
expand,0.0005618601057986674
england,0.0005615043064464283
massive,0.0005612346063588045
laws,0.0005611871498438114
role,0.0005609507769185935
lagos,0.0005609378123793433
site help,0.0005606396817827169
meyer,0.0005601105852243664
summer great time,0.0005598281618381645
summer great,0.0005598281618381645
life today url,0.0005594745104117376
ireland,0.0005592084835332041
samuel,0.0005591433626687038
decent,0.0005588555089937809
version gnupg v1,0.0005583786492518421
gnupg v1,0.0005583786492518421
outgoing,0.0005580930432287982
task,0.0005580193581133128
california usa,0.0005579700327184323
dept,0.0005577452416114233
ssp,0.0005576422784765931
replace,0.0005574103655651715
methods increase size,0.0005570837912770569
traditional methods increase,0.0005570837912770569
simply don work,0.0005570837912770569
work inconvenient,0.0005570837912770569
size simply,0.0005570837912770569
don work inconvenient,0.0005570837912770569
size simply don,0.0005570837912770569
increase size simply,0.0005570837912770569
unfortunately traditional,0.0005570837912770569
unfortunately traditional methods,0.0005570837912770569
does matter unfortunately,0.0005570837912770569
matter unfortunately traditional,0.0005570837912770569
matter unfortunately,0.0005570837912770569
traditional methods,0.0005570837912770569
aid till 1st,0.0005569910444594465
visit group,0.000556953750652668
passport,0.0005566090148787014
issued,0.0005564978415803721
reported,0.0005564326203891825
address book,0.000556414122290291
drives,0.0005563325279284177
diet,0.0005562926542505859
forever,0.0005560870253623103
modern,0.0005558880153736228
ftp,0.000555195647629476
ai,0.0005548746254478226
prepare,0.0005547907789039251
export,0.0005547654947396782
zealand,0.0005546814175222642
upcoming,0.0005544536165089979
telephone number,0.0005544194752097587
shanahan,0.0005543278839334376
reproducible,0.0005541777131683504
txt,0.0005537754072320638
sat apr,0.0005535981106537708
assured,0.0005535806231907846
lives,0.0005533533596145277
worse,0.0005532542769434547
new zealand,0.0005532402876509132
patrick shanahan,0.0005532314325418855
quoted,0.0005532081024884138
recipients,0.0005532062481273071
pills day,0.0005529818515134953
ralf,0.0005527711217703321
united kingdom,0.0005526859221681832
email email behalf,0.0005526765573769601
cross,0.0005524422368155913
attn,0.0005519971590069275
dates,0.0005519334563817684
aid till 30th,0.0005518253822348036
buffer,0.000551681174615817
detected,0.0005512048567690072
lawyer,0.0005510266733093808
offering,0.0005509631155927853
pi,0.0005504694583645553
jul 2002,0.0005503375481216266
click traditionstreet,0.0005502174357139609
click traditionstreet com,0.0005502174357139609
mouse click traditionstreet,0.0005502174357139609
html charset,0.0005500787826518023
text html charset,0.0005500787826518023
connected,0.0005500196926004517
longer thicker,0.0005496073731760104
py2exe,0.0005494478978113755
perl5,0.0005488334210051387
transfer encoding base64,0.0005487253755709592
encoding base64,0.0005487253755709592
cups,0.0005487198967957845
testimonials satisfied users,0.0005487034976432134
hundreds genuine testimonials,0.0005487034976432134
hundreds genuine,0.0005487034976432134
read hundreds genuine,0.0005487034976432134
genuine testimonials,0.0005487034976432134
users world,0.0005487034976432134
satisfied users world,0.0005487034976432134
satisfied users,0.0005487034976432134
genuine testimonials satisfied,0.0005487034976432134
ra,0.0005486731952618116
jonathan,0.0005485177403980662
skin,0.000547935130922094
exists,0.0005478725371847536
millions,0.000547796315327445
boundary,0.0005475826493927494
uc,0.0005475305736860624
aug 2008 21,0.0005472811785445516
php,0.0005469292175201917
triple,0.0005468005596929428
2008 message,0.0005464834487531183
watches rolex patek,0.0005463632127859713
patek philippe vacheron,0.0005463632127859713
sierra leone,0.0005461753111959787
2008 13,0.000546161238030418
secured,0.0005461183144423233
null,0.0005460117929947725
help till 30th,0.0005457907919310003
private email,0.0005456335458219226
wealthy,0.0005456077460365826
farmers,0.0005454950922771592
ticket,0.0005453821800365077
swap,0.0005452162479468224
rank,0.0005452085012668985
ahead,0.000545201698120038
standards,0.0005450926403018683
chairman,0.0005440776478509279
subject line,0.0005437958246359069
mp3,0.0005436944400102776
forced,0.0005435804698130302
basically,0.0005434320901849074
acm,0.0005432394201707828
dollar,0.0005432295703073316
italian,0.0005431489339645196
soon possible,0.0005428918557778532
detailed,0.0005427952134166408
blessed,0.0005424818101577714
minimum,0.0005420541819202886
unsubscribe mail,0.0005419268644900019
seconds,0.000541907256036416
sendmail,0.0005416127944188947
upgraded,0.000541423481558717
email 2007 10,0.000541404116854425
andy,0.0005404692680379598
floor,0.0005400275095804259
middle,0.000539596635142574
redhat,0.0005395033385322221
decided contact,0.0005394464694134493
petroleum,0.0005392210083097536
heaven url,0.000539157519269006
advise,0.0005391083993047322
nov 2007,0.0005390969223104024
sponsored thinkgeek,0.0005390556011010307
welcome geek,0.0005390556011010307
geek heaven url,0.0005390556011010307
sponsored thinkgeek welcome,0.0005390556011010307
welcome geek heaven,0.0005390556011010307
thinkgeek,0.0005390556011010307
thinkgeek welcome geek,0.0005390556011010307
email sponsored thinkgeek,0.0005390556011010307
geek heaven,0.0005390556011010307
thinkgeek welcome,0.0005390556011010307
certified,0.0005387520754361918
ps,0.0005386393472017415
advanced,0.0005385105512322909
solicit,0.0005385048400852161
debug,0.0005382205649076304
promote,0.0005379660116345334
monitor,0.00053792764344453
summer good time,0.0005377606493364132
summer good,0.0005377606493364132
advertisement,0.0005376633233212115
resource,0.0005374760212432671
thicker making love,0.0005368938338262754
gained incredible inches,0.0005368938338262754
thicker making,0.0005368938338262754
pleasurable come,0.0005368938338262754
making love,0.0005368938338262754
making love pleasurable,0.0005368938338262754
months longer,0.0005368938338262754
just short months,0.0005368938338262754
months longer thicker,0.0005368938338262754
pleasurable come lot,0.0005368938338262754
love pleasurable come,0.0005368938338262754
lot easily,0.0005368938338262754
love pleasurable,0.0005368938338262754
lindsay california,0.0005368938338262754
lindsay,0.0005368938338262754
lot easily lindsay,0.0005368938338262754
believe paul,0.0005368938338262754
believe paul gained,0.0005368938338262754
come lot easily,0.0005368938338262754
gained incredible,0.0005368938338262754
incredible inches,0.0005368938338262754
longer thicker making,0.0005368938338262754
lindsay california usa,0.0005368938338262754
come lot,0.0005368938338262754
easily lindsay california,0.0005368938338262754
couldn believe paul,0.0005368938338262754
paul gained incredible,0.0005368938338262754
incredible inches just,0.0005368938338262754
paul gained,0.0005368938338262754
short months longer,0.0005368938338262754
easily lindsay,0.0005368938338262754
query,0.0005366615460969784
copyright 2008,0.0005365732323222698
nl,0.0005365643895016613
couldn believe,0.0005360684769700215
soon receive,0.0005359367565399959
inches just short,0.0005356273364057484
inches just,0.0005356273364057484
mason,0.0005355588053114968
treasury,0.0005355553710324391
refinance,0.0005352810684352607
undefined,0.0005350738319097885
cote,0.0005350640283477397
million thousand dollars,0.0005348769670198998
obviously,0.0005345350257984773
good health,0.0005343981032121776
independent,0.000534303093966053
basis,0.0005341724924002956
del,0.0005336969061111786
paying,0.0005334868487556058
passed,0.0005331016086085666
km,0.0005330650135112203
free url,0.0005329976068993382
fairly,0.000532810424518341
backup,0.0005326569899624387
till 30th september,0.0005322318493912293
30th september use,0.0005322318493912293
30th september,0.0005322318493912293
sounds like,0.0005315898218101039
email email unsubscribe,0.0005314975660597789
webmail,0.0005313001578351743
supported,0.0005310276304436609
parents,0.0005299345777216103
ivoire,0.0005297175040407572
distributed,0.0005295754784475152
experienced,0.0005293306199476608
rc,0.000529163318011959
extremely,0.0005290321562496118
abacha,0.000529016462483734
marriage,0.0005282430571085318
bits,0.0005282283545115213
increasing,0.0005275721440389577
higher,0.0005274120944650067
start enjoying,0.0005271867152269866
happier,0.000527094690953351
union,0.0005269697851926672
raise,0.0005268053566402199
char,0.0005267901775551314
article,0.0005262367791049875
ty,0.0005262330039743819
andreas,0.0005259986045721816
sane,0.0005258093215173218
attempts,0.0005257647382111058
bulk,0.0005254941108122995
platforms,0.0005254130825439314
stage,0.0005253973794533969
develop,0.0005253817629098537
partitions,0.0005250363659158793
lock,0.0005248906369471422
structure,0.0005246353146742065
save money,0.0005240321870993837
significant,0.0005240029097868807
satisfy,0.0005235300911068237
december,0.0005233936134653925
2008 03,0.0005232368499030399
hands,0.000522953582514385
chicago,0.0005229478665367196
march 2008,0.0005225395718854679
straight,0.0005223584580674044
premium,0.0005222401403199661
wekalist,0.0005220681474898926
cl,0.0005219370559376026
challenge,0.0005219009559002786
rename,0.0005216370478856539
containing,0.0005213911123353635
apps,0.0005211226072488433
amazon,0.0005211159633847747
amazing growth,0.0005207500840486725
cell phone,0.0005205902633579966
deserve,0.0005204395664576719
compiled,0.0005203247989718767
senior,0.0005201385183461847
group url,0.0005200159323271118
quota,0.0005199993500720833
adds,0.0005196269386326728
py line,0.0005196113758763074
dispatch,0.0005191222186647669
zero,0.0005188950181565052
callable,0.0005185389115381258
bytes,0.0005185272276092362
lab,0.0005185061288005042
noted,0.0005183751168296509
mailer,0.0005181690348663097
email mailing list,0.0005179971230056404
email mailing,0.0005179971230056404
pipe,0.0005177551555911535
use particular offer,0.0005175461949048499
particular offer,0.0005175461949048499
apache org,0.0005174172386361167
2022,0.0005173892761439775
spoken,0.0005173615498782688
mod,0.0005169886760839586
hey,0.0005166512271296934
sin,0.0005164973464363808
alternatives,0.0005164033474162129
informations,0.000516392434850484
equivalent,0.0005161441942407064
arg,0.0005159205241456132
url razor users,0.0005156430238525345
url razor,0.0005156430238525345
razor users mailing,0.0005156430238525345
iii,0.0005156095203647881
regret,0.0005155523769077712
reply web,0.0005153575039298322
ah,0.0005152367708674894
ruby,0.0005151529142444496
regional,0.0005146058687957127
email options,0.0005145653082566713
click update,0.0005143555102868102
expires,0.0005143052319930464
conditions,0.0005141367810685951
commerce,0.0005134753042692314
aschsoft,0.0005132864781482359
seriously,0.0005125723525314255
propose,0.0005123534208843534
carlos begin,0.000512292331718567
carlos begin pgp,0.000512292331718567
techrepublic,0.0005118788270111068
commission,0.0005115063053845413
group post,0.0005114953492315812
group post group,0.0005114953492315812
post group send,0.0005114953492315812
post group,0.0005114953492315812
subscribed google groups,0.0005114953492315812
subscribed google,0.0005114953492315812
message subscribed google,0.0005114953492315812
representative,0.0005113006326107594
crazy,0.0005111560591550955
pickle,0.000511059891635751
october use special,0.0005110293141644635
ext,0.000510992100603422
strange,0.0005107440157408107
want know,0.0005104608073616275
5m,0.000510278481698951
aside,0.0005100601760107521
win32com,0.000509874542160056
useless,0.0005095106543930633
gr,0.0005094350900901138
medicine,0.0005089661246665659
carlos wrote,0.0005089525931191167
allows,0.0005087294270556912
pattern,0.0005083551316442027
69,0.0005082371700380666
bills,0.0005078211950625854
bayes,0.0005076712462507661
chosen,0.0005074681046573609
discreet,0.0005074678234838735
characters,0.0005074284534540237
clinically,0.0005074171982567597
clinically proven,0.0005074171982567597
finance company,0.0005072286366824174
fatal,0.0005069760607708656
ds,0.0005069720955628928
documented,0.0005068715420180528
imap,0.0005068415746320382
dan,0.0005067119895673713
url provide,0.0005066314393537783
intel,0.0005065675479429724
iphone,0.0005065064004986403
modified,0.0005065042304567626
restrictions,0.0005063981514209647
god bless,0.0005062540810852717
webcasts,0.0005062506314130896
bioinformatics,0.0005061707474010526
brain,0.0005057306866279439
greater,0.0005057186778290556
parameters,0.0005057163458134332
okay,0.0005055922679878975
washington,0.0005054817410107571
linux user,0.0005050784105820583
physicians,0.0005048063994188017
expert,0.0005045264714599137
kin relation,0.0005044989253479914
tested,0.0005044263304453989
contracts,0.0005043903673620926
chancellor,0.0005043892153150288
ceo,0.0005042964218195049
kulkis,0.0005041702766848059
panel,0.0005041552065315588
upload,0.0005040403800402144
machines,0.0005037798408911655
carefully,0.0005037208748130044
79,0.0005036841905409046
attractive,0.0005036495638243633
11 07,0.000503326720994553
specifically,0.0005030879511286356
tar,0.0005029347238683979
16 2008,0.0005027826989283702
produced,0.0005027535849186855
cheers carlos begin,0.0005022547801958096
bb,0.0005021361659087553
copying,0.000501839712754069
investing,0.0005016319585642913
overseas,0.0005013777898221033
turns,0.0005002863637223541
organized,0.0005001949581648753
raid,0.0005000904077769418
id content type,0.0004998638546409812
id content,0.0004998638546409812
don just,0.0004998353900303525
res,0.0004998226075291094
awarded,0.0004995546039611707
aug 2008 04,0.0004995044807331816
rt,0.0004994072555434715
placed,0.0004985793487970035
automated,0.0004985776444650684
uai,0.0004984633570734601
ends,0.0004984426134389919
century,0.0004983201502446247
practical,0.0004982537724845173
gb,0.0004980158983348729
message date,0.0004975391849932225
operations,0.0004972378749901118
printing,0.0004971777744301668
gear,0.00049717273109143
west africa,0.000496852154515603
press,0.0004967664387395416
described,0.0004967210551705196
10 10,0.0004965239154188808
tech,0.0004964456155582292
claim money,0.0004963794820026387
convenience,0.0004963021115322995
ignored,0.0004961759332480615
aaron kulkis,0.000496115436034171
reduced,0.0004957522042006125
use yahoo,0.0004956930896699082
measure,0.0004955593388432378
rob,0.0004952525539796782
und,0.0004952428168615796
static,0.0004949592809347024
formal,0.0004945911308763517
native,0.0004943521945703021
66,0.0004943381024055811
informed,0.0004941524429139504
concluded,0.0004936211570696524
aids,0.0004935808675759915
calendar,0.0004934670966956582
beagle,0.0004929245290749114
instantly,0.0004929222794077448
disable,0.0004928767868665304
arguments,0.0004927255047717638
proposed,0.0004926861396194001
ac,0.0004925785383179738
rpms,0.0004924992233381745
wealth,0.0004924783482463466
mail spamassassin,0.0004924293865150754
impressive,0.0004922661091769681
deep,0.0004919879803760668
charity organizations,0.0004919309894431442
tk,0.0004917934920779025
posts,0.0004917372809409623
email unsubscribe group,0.0004913701456096396
causing,0.0004911558653824094
self contained,0.0004911071838160134
email addresses,0.0004909072227670278
llc,0.0004906252880696335
perform,0.0004906144165906285
publication,0.0004904352245549511
curious,0.000490392315607756
message id content,0.0004903305298316158
modem,0.0004900806226425738
boss,0.0004894265884396809
beat,0.0004892900028014735
samples,0.0004888637451258849
rms,0.0004887341563203889
fa,0.0004884750204526753
flexible,0.0004884360091415279
luis,0.0004882947070893814
india,0.00048820706838938215
blank,0.0004882069511226829
936,0.0004879584320292053
neal,0.00048792522490135725
flow,0.00048789813974713456
changed removed added,0.000487810691423385
removed added,0.000487810691423385
changed removed,0.000487810691423385
email changed removed,0.000487810691423385
symbol,0.00048771221187579074
email message,0.0004874729370864135
bandwidth,0.00048667247680777545
flag,0.00048650174965436514
93,0.00048649488459383587
distutils,0.0004861397988717331
affordable,0.00048610222679994306
ec,0.000486075630842334
real time,0.00048604658400128967
creative,0.0004859673353546644
planned,0.000485961821185705
enlarge,0.000485860128133133
url email changed,0.0004857807449966889
email changed,0.0004857807449966889
magazine,0.0004857562647394395
mid,0.0004857539322004449
inch,0.0004856560191012444
add inches,0.0004854248244247801
april 2008,0.00048540380404404367
linkedin,0.00048515304663232256
makefile,0.0004851413710092737
assistant,0.000484998277212997
ver,0.00048485417317769257
certificate,0.0004846062203914235
incurred,0.0004846006997608923
tomorrow,0.00048458364875758077
usual,0.0004844844251962951
extension,0.0004844384085436858
happiness,0.00048426663632368197
draft,0.00048414388557746046
introduction,0.0004839867128217469
challenges,0.0004839522300114583
uncertainty,0.00048387838715632683
availability,0.00048380077852652124
visit group url,0.0004833357155970109
email options visit,0.0004833357155970109
options visit group,0.0004833357155970109
options visit,0.0004833357155970109
email email options,0.0004833357155970109
doc,0.0004832249225004747
gpg,0.0004829831587502642
ref,0.0004829331545126724
acceptable,0.0004825756501428472
beta,0.0004822949859368766
ssh,0.0004821521823857767
afford,0.0004817887401270628
activities,0.0004817387759072601
direction,0.0004817313798328354
te,0.00048173000617226635
loan,0.000481724636115097
smart,0.0004816968157456076
garcia,0.0004809850099312292
chose,0.0004808327635804152
speech,0.00048083135141650964
showed,0.0004807857964109205
gz,0.0004807303212703071
ou,0.0004807134552805145
rafael,0.00048050712119673773
day start,0.00048041639897398623
darwin,0.0004803350281432545
telephone fax numbers,0.0004800947611217779
thirty,0.00048005139352948347
qu,0.0004798410132554392
explain,0.0004798403462635294
rise,0.000479498532445211
hotel,0.00047948947955357647
schreef,0.00047929718470021243
best time break,0.00047903199793286095
20 20 20,0.00047887417210879196
plot,0.0004787227323482172
email use,0.00047871566963365614
mt,0.0004786708266148292
hell,0.0004785902204008321
skip python,0.00047846716637273715
considering,0.0004784655925193825
attend,0.0004784403854728284
primary,0.00047843306280647015
convenient,0.0004783657644319989
agents,0.00047832650729918237
ted,0.0004781788185533625
proceedings,0.00047802066009035884
manhood increase thickness,0.00047762976769480473
manhood increase,0.00047762976769480473
american express,0.0004774795435594788
patent,0.0004774034320868094
farm,0.00047705343752768196
disbursement,0.0004770348170983163
discussed,0.0004768411872653261
nicholas,0.0004768086491483657
algorithm,0.00047678336051861436
automatic,0.0004767807237978181
fees,0.0004766830110567343
email sat,0.00047654250773733025
100 sa,0.0004765233219471549
url thanks,0.00047643800609336874
transport,0.0004758481682676147
concerned,0.000475483903529225
buildbots,0.0004753494065663487
follows,0.00047527966817004187
databases,0.0004749608894147668
moving,0.00047495076356538916
0400 story agreed,0.00047474584426841543
0400 story,0.00047474584426841543
doesn work,0.0004747224314992717
fred,0.0004747107628919976
commented,0.00047465995275407843
http,0.0004744262931591003
weather,0.00047433871633626714
strings,0.0004735405911900898
email list,0.0004734961159146271
growth just,0.00047325465209668453
breakthrough just,0.00047325465209668453
possible breakthrough,0.00047325465209668453
possible breakthrough just,0.00047325465209668453
growth just short,0.00047325465209668453
breakthrough just capsules,0.00047325465209668453
enjoying larger,0.00047325465209668453
start enjoying larger,0.00047325465209668453
short weeks possible,0.00047325465209668453
weeks possible breakthrough,0.00047325465209668453
weeks possible,0.00047325465209668453
amazing growth just,0.00047325465209668453
day start enjoying,0.00047325465209668453
just capsules day,0.00047325465209668453
just capsules,0.00047325465209668453
enjoying larger powerful,0.00047325465209668453
capsules day start,0.00047325465209668453
capsules day,0.00047325465209668453
capsules,0.00047325465209668453
larger powerful,0.00047325465209668453
plugins,0.00047322536588189485
publishing,0.00047298143310288995
taught,0.00047288533125568996
fastest,0.00047275839706595286
hidden,0.0004726935662782568
kabila,0.000472626244111443
odd,0.00047243676044509786
dormant,0.00047217970004205257
just short weeks,0.00047196557702677
treasury unclaimed,0.00047196227775870756
combined,0.00047181664502713203
william,0.000471284666730157
message sent,0.00047115624077757347
vpxl,0.00047105942997358995
citizens,0.0004710403772058666
bleadperl,0.0004705317880237399
time vacation,0.0004703233075154471
time vacation work,0.0004703233075154471
vacation work think,0.0004703233075154471
vacation work,0.0004703233075154471
bunch,0.000470036184966095
fusion,0.000469560711615672
madam,0.00046954841697502734
transmission,0.00046947614167067414
shutdown,0.0004693972294538096
liberia,0.00046906876921667777
2019,0.000468827194596526
ba,0.00046882420759666724
maxx,0.00046875749385014376
maxx tv,0.00046875749385014376
firefox,0.00046866179961259195
cote ivoire,0.0004684914320222833
thousands dollars,0.00046840597976571444
satellite,0.00046828108374816045
expression,0.000468231256020805
italy,0.00046822631942586204
1997,0.00046820436119675
thats,0.00046763652930309924
ian,0.0004675407461060697
architecture,0.0004674683755865019
boy,0.00046730961589980653
libraries,0.0004670526241074557
undelivered,0.00046704139470174597
barrister,0.00046657761456332235
assist till 1st,0.0004665305918409699
desired,0.00046648633664897113
limited proposal,0.0004662755176156941
equipment,0.00046613800017953266
2008 08,0.00046607862243643695
pleased,0.0004659704203437382
voice,0.0004658360296374128
resistant,0.00046574486497853984
tasks,0.0004657106621681164
payments,0.0004653687590711584
keyboard,0.00046514792497480883
attribute,0.00046508613245466586
expire,0.0004646831051707687
proud,0.00046468222259335337
cal,0.00046456364139804126
xu,0.0004643132240868209
rw,0.0004641763000861276
mexico,0.0004639703419057726
physics,0.0004638800032563804
devel,0.0004636922721283396
johnson,0.00046344960316209525
pick,0.00046301080167504533
missed,0.0004627992349443403
brother,0.000462754100226712
nj,0.0004625970596933822
merchant,0.0004624596808083601
kin deceased,0.00046239277005781667
joint,0.0004623151557661678
peterson,0.0004621902546791379
weird,0.00046215445003202607
subsequent,0.0004621032818814822
brief,0.0004618567821847979
2017,0.00046130702583089395
commence,0.00046117625662311446
faq,0.00046109175245981343
imo,0.00046094355870613264
plc,0.0004608983986495756
oriented,0.0004608841843875745
ble,0.00046077447294867757
dica,0.00046073723895251973
mathematics,0.000460554177805992
causes,0.0004604753713246527
delivered email,0.00046017142217944895
wmi,0.0004601217978295665
su,0.00046008103786540264
minute,0.00045963902810660094
engine,0.0004595598776163347
crisis,0.00045949278925390066
branded,0.00045941262042737747
aug 2008 06,0.0004591497464748786
gui,0.00045897242891966013
new version,0.0004589648193175587
recommended,0.0004588611320275055
astounding,0.00045885896961786015
special offers,0.0004587031495591029
favorite,0.000458436449365498
jm,0.00045843539206639214
attributes,0.00045830867281190796
restart,0.00045812297146094244
martin wis wrote,0.0004581190926933607
wis wrote,0.0004581190926933607
1993,0.0004580771387657054
anders,0.0004579749107980457
multipart,0.0004579495324455061
95ad,0.00045782302309965977
cro,0.00045782302309965977
murphy,0.0004577588385002473
legitimate,0.00045745833178710874
0300 story agreed,0.0004574078831260721
0300 story,0.0004574078831260721
campus,0.00045738221373446583
belongs,0.0004572692953234524
don need,0.0004571808393932452
phone number,0.0004571700614486488
wi,0.00045695358877172084
classical,0.0004568047753226815
regex,0.0004567338405463541
prof,0.00045658988035856396
freebsd,0.00045656551119011403
ri,0.00045610942645355965
christian python,0.000456068383003115
married,0.0004560535042102051
slaven,0.0004558884826409576
11 2007,0.00045564032083811936
sciences,0.00045542938232558946
assets,0.00045540371275131007
knowing,0.000455343099974614
cancel request,0.0004553414030060612
mar 2008,0.00045520151191363406
transferring,0.0004549323785562568
administration,0.000454848492422957
hack,0.00045479260621894004
speaking,0.00045472454587097087
carry,0.00045424280583316326
menu,0.0004531895347139586
jon,0.00045297260040029274
recover,0.0004527764206639335
encourage,0.0004527010180107532
long term,0.0004526154291835443
postfix smtpd,0.00045243680707381063
twisted,0.00045239884659933183
partners,0.00045237251316807963
like know,0.00045190341748844895
explicitly,0.00045166441722560997
traceback,0.0004515354273891201
francisco,0.0004514956005490193
conferences,0.0004514640753299736
rd,0.0004513036055137146
acts,0.00045119960468447686
featured,0.00045109350651746763
mass,0.00045075999340073836
mit,0.00045070948429429
2007 11,0.0004505139753807438
wed apr,0.00045018124547129175
possibility,0.0004501797874129539
args,0.00044984701679062544
contained reproducible code,0.0004498151487713365
commented minimal self,0.0004498151487713365
provide commented,0.0004498151487713365
url provide commented,0.0004498151487713365
commented minimal,0.0004498151487713365
guide url provide,0.0004498151487713365
self contained reproducible,0.0004498151487713365
posting guide url,0.0004498151487713365
contained reproducible,0.0004498151487713365
list url read,0.0004498151487713365
minimal self,0.0004498151487713365
read posting guide,0.0004498151487713365
reproducible code,0.0004498151487713365
provide commented minimal,0.0004498151487713365
read posting,0.0004498151487713365
minimal self contained,0.0004498151487713365
url read posting,0.0004498151487713365
posting guide,0.0004498151487713365
guide url,0.0004497863695548331
marks,0.000449667345223792
references,0.0004496445937481884
explorer,0.00044956480797911705
bought,0.00044931758675316734
oauth,0.0004491703708402628
foo foo,0.00044911739568386606
fi,0.00044909188815517217
reliability,0.0004490357181239517
prime,0.00044894839259762174
thickness gains,0.0004487093164336022
gains permanent results,0.0004487093164336022
thickness gains permanent,0.0004487093164336022
length thickness gains,0.0004487093164336022
quick gains,0.0004487093164336022
results guaranteed,0.0004487093164336022
length thickness,0.0004487093164336022
incredible quick gains,0.0004487093164336022
gains length,0.0004487093164336022
just pills,0.0004487093164336022
gains permanent,0.0004487093164336022
gains length thickness,0.0004487093164336022
just pills day,0.0004487093164336022
results guaranteed money,0.0004487093164336022
quick gains length,0.0004487093164336022
pills day incredible,0.0004487093164336022
incredible quick,0.0004487093164336022
day incredible quick,0.0004487093164336022
day incredible,0.0004487093164336022
permanent results guaranteed,0.0004487093164336022
guaranteed money,0.0004487093164336022
announce,0.00044867770810462287
infrastructure,0.00044833055616716195
repeat,0.00044784803752361967
shot,0.00044719584881154823
afraid,0.0004471586893595328
sourceforge,0.0004471083261773918
rs,0.0004465609817167493
bank nigeria,0.0004464675537953055
entered,0.0004464022543534383
add email address,0.00044634413741247294
add email,0.00044634413741247294
maria,0.0004461742153717621
ez,0.00044593408618942446
email address book,0.0004452005841102073
credit card,0.00044511861675396543
maximum,0.00044497187993675574
manually,0.0004449576270365011
icons,0.0004448575142594105
2008 message date,0.0004447830440095395
stand kin,0.0004447298079420008
rge,0.00044463346535805645
macintosh,0.0004445580063103982
inherited,0.0004444575281119455
nla,0.00044433694336122245
groups subject,0.00044414135438195586
email email use,0.00044414135438195586
yahoo groups subject,0.00044414135438195586
subject url,0.00044414135438195586
groups subject url,0.00044414135438195586
use yahoo groups,0.00044414135438195586
email use yahoo,0.00044414135438195586
accident,0.0004438320032638565
lts,0.00044378491069578253
ar,0.00044362291647419424
shell,0.0004434898155563875
town,0.0004434375781432183
localhost,0.00044330003423800516
possibly,0.00044316037594172047
nutrition,0.00044308478544526823
msg,0.00044282659384750357
ef,0.00044278350562549734
make money,0.00044277066053738915
wrote just,0.00044257583068385374
414,0.0004425277853881719
interfaces,0.00044239801810446816
movement,0.0004423129528050148
wall,0.00044230745128654575
receive money,0.0004423025800692278
fr,0.0004422039550696673
spamassassin talk,0.00044219408477446374
communicate,0.0004419045926278711
alex,0.0004417035208213188
sequence,0.00044154311555991686
aspects,0.0004414695314372158
everybody,0.0004413399438331761
registered linux user,0.00044128113570194585
registered linux,0.00044128113570194585
hits,0.0004412647834270776
unsolicited,0.0004412607893533998
san francisco,0.000441029029303233
account update,0.00044071818553419125
tree,0.0004405138904259379
invoiced,0.0004405073998493162
rafael garcia,0.0004404945677849525
rafael garcia suarez,0.0004404945677849525
von,0.0004403448359719215
mount,0.00044026783202845106
ide,0.00044019327025055074
leaders,0.0004400668443691005
information url,0.0004400508422651517
thanks advance,0.0004396116408140663
story url,0.0004394869781911138
determine,0.0004394311628728378
builds,0.00043940018555229006
don worry,0.0004393280239365471
aug 2008 10,0.00043925924239461556
dear customer,0.0004391637814298256
sooner,0.0004391069416084621
furnish,0.0004389210653420156
euro,0.0004388011324234006
nice girl,0.000438584451419723
guarantees,0.0004377662550914305
kulkis wrote,0.0004377594924920778
aaron kulkis wrote,0.0004377594924920778
awl,0.0004377204633001637
filtering,0.00043759209987441055
83,0.0004374369725863073
aging,0.0004369282724664209
contributions,0.00043672633377076755
opportunities,0.0004367261745123995
symposium,0.00043662935248956424
committed,0.00043662443260320986
prove,0.0004360587959550987
supporting,0.0004358954729615428
brings,0.00043586779319508025
impact,0.0004357717855282112
movie,0.0004357198430786757
christ,0.00043533914243403297
blocking,0.00043528323018076536
zu,0.00043515209557473965
apr 26,0.0004350854543405268
tmp,0.00043500962759155905
reverse,0.000434983598443874
refer,0.00043488857695587026
2e,0.0004348461373011567
engr,0.00043459211019639615
integration,0.0004344693533024495
absolute,0.0004343638803551384
attached patch,0.0004342840686076066
holding,0.00043420848530812366
aug 2008 07,0.00043415812914768975
united state,0.0004341375242968444
suse 10,0.00043369950201207954
rh,0.0004336819241411518
email sat apr,0.00043363106860441666
26 15,0.00043363106860441666
sat apr 26,0.00043363106860441666
apr 26 15,0.00043363106860441666
special issue,0.00043348860101023474
00pm,0.0004332175125528976
mail account,0.00043314635882607094
authority,0.0004330686812967376
surely,0.00043306653059506026
paste,0.00043290608670128677
season,0.0004327939867189447
undertake,0.0004323990934789419
intend,0.00043239067937797537
income,0.00043236540487147856
levels,0.0004323044629832495
travel,0.0004320475011048416
talk mailing list,0.00043201691438620994
talk mailing,0.00043201691438620994
2008 20,0.0004318971232534434
source code,0.0004318671831130273
confiscated,0.00043142590100879273
freedom,0.0004313413307056244
setuptools,0.00043121722603430126
award,0.00043114192098878145
facilitate,0.0004309780619063561
category,0.000430509136655619
click view,0.00043044915385213384
permission,0.00043042504231528177
representation,0.00043040842680287014
presented,0.0004302958910015259
iirc,0.0004302529687608587
apologize,0.0004302064158464885
exceed,0.00043020409026550194
region,0.0004297707190953244
500 000 00,0.00042975224759261865
2to3,0.000429736080923786
everyday,0.00042963877708584444
edge,0.00042959133128388357
covered,0.00042953444097287104
figured,0.00042949826419511945
martin python dev,0.00042944522238577763
declared,0.0004294249109742323
grade,0.00042931987580231175
relative,0.00042925220318592677
sun mar,0.00042910384053858547
billing,0.00042859391508541517
proxy,0.0004285467362238257
chairs,0.00042844147200862283
uploaded,0.00042840679233786675
opened,0.00042825234750156117
biz,0.0004280397073764691
estate,0.00042785091841010054
believing,0.0004277503873736199
fund account,0.00042768891151809133
speak,0.0004276684628701823
cache,0.0004272525051245933
tls,0.00042702627922041437
eyes,0.0004266649990602085
targeted,0.00042656893083389325
instruction,0.00042655546619186583
tion,0.00042644769387836345
specify,0.0004264036201148728
assuming,0.00042522614557215016
hang,0.00042504713293613835
um,0.0004248267192517474
bsddb,0.0004247909326920643
cygwin,0.00042468546902499674
eventually,0.0004246346268791586
processor,0.0004246327821850347
studio,0.00042422347922357645
spammers,0.00042422124605061653
array,0.0004242129181065909
tortoisecvs,0.00042415171955079644
dynamic,0.0004241289171376439
archives,0.0004240621741026579
dependencies,0.0004240027041372687
intensive,0.0004239687514205947
monthly,0.0004235206020157797
quotes,0.00042323995018556375
allah,0.00042320855692437885
visiting,0.0004230862401146609
03 2008,0.0004228751629612481
multi agent,0.00042277234777431653
practices,0.0004224554802050178
pownceapi,0.00042219374158905195
excellence,0.00042218496822848755
votre,0.0004217804313798475
reserve,0.0004217343045568198
expecting,0.00042146512772398914
eat,0.0004213742429252636
interactive,0.00042128691218070726
radio,0.0004212133795129691
unlikely,0.00042103304443025875
proof,0.00042095659010078513
trace,0.0004208678189977823
branches,0.00042078544804880435
prize,0.0004207446956855576
allowing,0.00042046607779559574
disclaimer,0.0004203406539970515
preferred,0.00042033893212632017
auction,0.00042030796856246274
72,0.00042027185609022475
printf,0.00042011624856996875
evening,0.00041996471283383535
double,0.0004199425718607173
sir madam,0.00041990913046012815
supports,0.0004197626768353216
site packages,0.0004197036637175433
abandoned,0.0004194180181251436
0200 story,0.0004191773679912509
0200 story agreed,0.0004191773679912509
column,0.00041904768752736135
specified,0.00041904739292235554
directed,0.00041901186666737464
oracle,0.00041899226050379055
mu,0.00041883559182807477
zip,0.00041880308616882645
tm,0.0004186505023848212
functional,0.00041859765608861057
apart,0.0004185842907947267
benjamin peterson,0.0004184125970985602
david rankin,0.0004182022568132261
set aside,0.0004177360678653775
owned,0.0004176708948901481
congress,0.00041747398048732975
download free,0.0004174678501215524
security firm,0.00041738529775046723
meaning,0.00041701939625101244
scope,0.0004170091658049016
negative,0.0004169783547580587
rebels,0.00041646684515489376
solve,0.00041644553237503846
interaction,0.0004162776025273698
linda,0.0004162343312432561
ordering,0.00041606247430376307
feb 13,0.00041600571360399886
strongly,0.00041595312477038906
feel like,0.0004153119155159364
pci,0.00041521969668456137
jim,0.0004147711591758905
des,0.0004147030753238946
od,0.00041412692278812853
parser,0.00041399178872730797
provide information,0.0004138913856357189
hearing,0.00041355883710098414
tokenizer,0.0004134040536339784
completion,0.0004132751773457566
unique,0.00041294682127735436
surprised,0.00041288638366617425
procmail,0.00041279867237331965
sql,0.0004127380448846748
linked,0.00041246021544345194
compatible,0.00041244155411647654
bs,0.00041239165620181556
reviews,0.00041221477968385605
ldap,0.0004121921664782123
escape,0.000412121423537743
logging,0.0004119790414465015
esmtp,0.00041183611552187045
wiki,0.0004113751387009035
claim fund,0.0004112552653264261
scott,0.0004111491300966062
scanner,0.0004111096361037093
dubai,0.00041088245615847975
need help,0.0004104445349966977
somewhat,0.0004104038829614489
phone fax,0.00040993228141435406
ground,0.00040950053209756336
98,0.0004093498091741645
don use,0.00040930739005582946
floating,0.0004092768578504313
ii,0.00040908866043519037
aliases,0.0004089109921814956
truly,0.00040882602134116076
consent,0.00040868189323393456
choosing,0.0004086527003309994
massey university,0.00040850713939940447
url click,0.00040847449559701013
berlin,0.00040825449897190105
advertise,0.00040810913515069725
maintained,0.00040796703803860364
complicated,0.0004079240444351054
bonus,0.0004077362557014932
64 bit,0.00040753837587970224
attacks,0.00040751336747053146
matching,0.00040741491052238474
represent,0.0004072630100380305
don like,0.00040715075032453184
biology,0.0004070950075009214
semantic,0.0004070859341045505
matthias saou,0.0004069178231251449
saou,0.0004069178231251449
taxes,0.00040687086554872296
awaiting,0.00040665496099864346
visa,0.00040664664301698995
html charset iso,0.0004060295999182543
quote,0.00040587530700600833
poll,0.00040577213818541075
nabble com,0.0004054665574276579
2008 16,0.00040533502257979984
bringing,0.0004050625438431847
2007 12,0.00040489557531641366
florida usa url,0.00040484919180914716
depending,0.0004047645959633267
thirty million,0.00040416733215006823
gone,0.00040407379263248
market absolutely,0.00040399841468399133
worthy,0.00040387461254509644
politics,0.0004037545249569181
00 pm,0.0004036808258769866
voltage,0.0004035296065076308
junk,0.00040347482077341063
steven,0.00040328444732593797
haven seen,0.00040322380492917016
slightly,0.0004030455551130067
validate,0.00040304017249213404
bible,0.00040296827722260053
pownceapi group,0.00040291921897733427
groups pownceapi,0.00040291921897733427
pownceapi group post,0.00040291921897733427
google groups pownceapi,0.00040291921897733427
groups pownceapi group,0.00040291921897733427
url spamassassin talk,0.0004028008348164975
spamassassin talk mailing,0.0004028008348164975
spent,0.000402791012920357
tony meyer,0.0004025712019758396
loaded,0.0004024908568234315
thickness pleasure,0.00040243090758785264
thanks incredible,0.00040243090758785264
market absolutely guaranteed,0.00040243090758785264
inches manhood,0.00040243090758785264
solid erect1on intercourse,0.00040243090758785264
allow maintain,0.00040243090758785264
solid erect1on,0.00040243090758785264
maintain rock hard,0.00040243090758785264
maintain rock,0.00040243090758785264
hard solid erect1on,0.00040243090758785264
absolutely guaranteed,0.00040243090758785264
available market absolutely,0.00040243090758785264
thickness pleasure allow,0.00040243090758785264
add inches manhood,0.00040243090758785264
herbal supplement available,0.00040243090758785264
erect1on intercourse,0.00040243090758785264
allow maintain rock,0.00040243090758785264
thanks incredible breakthrough,0.00040243090758785264
erect1on,0.00040243090758785264
guaranteed add,0.00040243090758785264
inches manhood increase,0.00040243090758785264
hard solid,0.00040243090758785264
pleasure allow,0.00040243090758785264
incredible breakthrough herbal,0.00040243090758785264
supplement available,0.00040243090758785264
rock hard solid,0.00040243090758785264
absolutely guaranteed add,0.00040243090758785264
rock hard,0.00040243090758785264
incredible breakthrough,0.00040243090758785264
pleasure allow maintain,0.00040243090758785264
breakthrough herbal supplement,0.00040243090758785264
supplement available market,0.00040243090758785264
breakthrough herbal,0.00040243090758785264
increase thickness pleasure,0.00040243090758785264
guaranteed add inches,0.00040243090758785264
000 00 million,0.0004023407701965453
00 million,0.0004023407701965453
networking,0.00040222863821184196
investments,0.0004022242551967876
oleg,0.0004020609916038753
available market,0.0004020156621260089
bounce,0.00040195858919165196
eu,0.0004018557278927297
album,0.00040160959644820065
demand,0.00040160703893154327
service url,0.00040157550124436154
engines,0.0004014049012235915
owners,0.0004013953796509663
wild,0.0004013107148453274
scheme,0.0004012435576328214
10 12,0.0004012381925705159
las,0.00040109026051031194
web sites,0.0004010837435584638
view message,0.00040092780288053016
computation,0.00040091153596130707
relation deceased,0.0004008937139465766
raw,0.00040075502842408327
failures,0.0004007488199521579
grant,0.00040066020192703705
theoretical,0.0004005635039298861
failed test,0.00040049653106351377
creates,0.00040037981880710434
importance,0.0004003718808402738
attempt,0.0004000815611999438
occurs,0.00039988636666918494
deleted,0.00039981704538333073
nominated,0.00039969080248737567
trick,0.0003996830770738192
100 safe,0.00039956122214682095
reputable,0.00039947296429474806
enabled,0.00039934226271889537
hd,0.0003993260246606407
cpanel,0.00039930119363583476
developing,0.0003992984127192555
empire,0.0003991603593855602
limits,0.0003991448244690923
villa,0.00039914472821173547
novell,0.0003991339436517109
late mr,0.000399125589555731
returning,0.00039910476944191297
eval,0.00039906450368711586
calculate,0.0003990562053002209
vice,0.0003987085870043411
candidates,0.00039861758367625927
web services,0.00039820031976779094
park,0.0003979763657680434
cnet networks,0.0003979016317384663
lawrence,0.0003978054031940739
excel,0.0003974230945928301
spambayes dev,0.00039718739593695734
28 2008,0.0003971453214115437
m9,0.00039708354821147275
campaign,0.00039706007214486324
javascript,0.00039689649900636004
auditing,0.00039686552578308877
lee,0.00039686423434235886
church,0.0003968500251781223
ot,0.00039676251458026094
sources,0.0003965843503449846
url sent,0.00039647047015756506
wx,0.0003961024336328431
ve seen,0.00039597593917823715
reader,0.0003958958966030591
sprint,0.00039588998450959144
netflix,0.00039584754280020095
tracking,0.0003958216609506767
loans,0.00039577063821273016
libs,0.00039574465220659755
patents,0.0003956810770211333
partnership,0.00039541878221595735
secondary,0.0003953845911764118
felt,0.0003949632859866982
rick,0.00039488191645770603
copied,0.0003948359578485919
framework,0.0003948132246652682
browse,0.0003944240871729472
directories,0.0003939347400481859
statistical,0.00039371767470780517
websites,0.0003935297588061091
collect,0.0003934831339603094
ugly,0.00039340675243590417
maildrop,0.00039321743661605946
asia,0.0003932025132199785
amd64,0.0003931475935128306
annual,0.0003928959155647823
activate,0.00039278195001349526
neural,0.0003927056838351067
conversion,0.0003923987231621773
doctors,0.0003923361004521756
years old,0.00039232150780460495
unsubscribe mail email,0.00039217670210032134
patients,0.00039205733434856686
353,0.0003919557467053719
ops,0.00039193021176768116
submission deadline,0.0003919018742411545
1992,0.0003916113798112919
secretly,0.00039157899114643506
plenty,0.0003915736403368984
proved,0.00039132784133725596
demands,0.0003912549382533191
introducing,0.00039104035447214136
business proposal,0.0003909653978278281
taylor,0.0003908552708943471
marked,0.00039080288538643825
container,0.00039057785426287926
sitting,0.00039051583022621587
benin,0.00039037418827015497
universal,0.0003902260817936864
programme,0.0003897744493669789
abstract,0.000389769602430962
substr,0.0003896409918297714
coghlan,0.0003895655780486937
nick coghlan,0.0003895655780486937
email error,0.00038937978991758254
new free,0.0003892440512246879
probabilities,0.0003891195596426949
wind,0.0003890680371975944
theme,0.0003888807808126795
soul,0.00038880702977844085
external,0.0003887955307457689
arge,0.00038872079500579693
pm email,0.00038867087937713413
refugee,0.0003885230129785103
terrorism,0.00038844875007692354
lookup,0.0003884063192579761
resolve,0.0003883209758299133
affect,0.000388285459829353
western,0.0003882266316689135
tune,0.0003881649980663489
73,0.00038774572167097986
context url,0.0003875272967291018
ajax,0.00038751811456460525
dhcp,0.00038748730198347387
cared,0.00038716047907831174
urgent reply,0.00038715800842149914
list archive,0.0003871293583222637
10 30,0.00038688112018269355
reply mail,0.0003866099392529717
archive nabble com,0.00038660120218671337
list archive nabble,0.00038660120218671337
archive nabble,0.00038660120218671337
mailing list archive,0.00038660120218671337
message context url,0.00038660120218671337
view message context,0.00038660120218671337
message context,0.00038660120218671337
scientists,0.0003864425802884318
io,0.00038631881956620827
isp,0.0003862572887426024
consumers,0.0003860874427952464
tend,0.00038588363836631196
mugabe,0.0003856424162482725
salary,0.00038561557101022756
texas,0.00038546026764174705
really need,0.000385339784829039
expenses incurred,0.00038513648925409254
ip address,0.0003850960936742476
handled,0.0003847891615121346
prefix,0.00038467036671992416
width,0.00038456536343205487
bat,0.0003845049919610412
conversation,0.0003843666663068924
actions,0.00038410410518652336
jessen wrote,0.00038396899151857823
change preferences,0.0003839458966499692
suggesting,0.00038352362598755485
firewall,0.00038345776013332816
discussions,0.00038330270052669093
craig,0.0003830356984830721
email email email,0.0003829859286922912
generally,0.000382908284528488
persons,0.0003823722607159174
disc,0.0003823322170401743
learned,0.00038229910919708877
mission,0.0003821719995528221
ld,0.000381988048971349
following link,0.00038188636171942097
liberty,0.00038176902260118705
toolbar,0.00038113389950895373
manual,0.0003809665921340315
justin mason,0.00038071809886873785
protected,0.0003806833320043358
contacts,0.0003805281639818421
saving,0.00038040241379310287
johannesburg,0.00038027679461394965
spaces,0.0003802511553712444
previously,0.00038019011106804254
purchased,0.00038011942916310967
suitable,0.00037990579866116
forums,0.0003797386480961378
removing,0.00037933107459700593
spambayes dev mailing,0.0003792203983430869
intention,0.0003790934968693797
az,0.0003790919859370435
3rd,0.00037905419934043455
appeared,0.00037899591605589257
ini,0.0003789649442805037
scores,0.00037895133678795493
recall,0.000378848753670304
confusing,0.0003788286566269685
closing,0.00037880101755781914
easy use,0.00037875963823294414
ivory,0.0003786419976556616
ivory coast,0.0003786419976556616
crap,0.00037851678313162977
recognition,0.0003784192127741751
nelson,0.0003781805005372904
js,0.0003779601100009726
autoload,0.00037760371548795866
234,0.0003774895327652643
audio,0.0003773940738594159
treated,0.00037736371775574294
7bit,0.00037719511758129353
encoding 7bit,0.00037719511758129353
transfer encoding 7bit,0.00037719511758129353
killing,0.00037718587666470544
catalog,0.00037690175316390154
handler,0.0003768433432826849
jack,0.00037680645851484034
intact,0.000376787123109441
message mime,0.0003767465819616873
compiler,0.0003763272438588551
diff,0.00037626349134831544
private telephone,0.0003762379437604609
broadband,0.00037621910476556695
merge,0.0003760689611547571
workers,0.00037604050344268057
maintenance,0.00037601093063946564
usr bin,0.00037599971561617685
pt,0.0003758088703998392
2008 00,0.0003755681538018669
lls,0.00037552684983130173
alexey,0.000375255885931785
alsa,0.00037511985711562173
requirement,0.0003750280816294109
utc,0.0003748664391144952
good reason,0.0003747880636636686
improvement,0.00037469011061313823
approaches,0.0003746805190150096
resident,0.0003746526711972295
academic,0.0003746175653309904
dropped,0.00037446139026348156
sweet,0.00037443499752958583
efficient,0.0003744276126791994
web page,0.000374322527589581
199,0.00037427522047870667
philip,0.00037410955172853067
thou,0.0003740679315660028
sign account,0.0003739797854642171
competitive,0.0003737145030865607
regardless,0.00037365175354723586
lambda,0.00037360067626174466
ibrahim,0.000373559078527419
channels,0.00037351252161441317
consolidation,0.00037346457216933204
standard library,0.00037344788879142864
ults,0.0003734170159080507
xx,0.00037339020542228647
cell phone new,0.00037333366242806265
tired old cell,0.00037333366242806265
new free url,0.00037333366242806265
email sponsored osdn,0.00037333366242806265
osdn tired old,0.00037333366242806265
osdn,0.00037333366242806265
old cell,0.00037333366242806265
old cell phone,0.00037333366242806265
phone new,0.00037333366242806265
sponsored osdn tired,0.00037333366242806265
sponsored osdn,0.00037333366242806265
phone new free,0.00037333366242806265
osdn tired,0.00037333366242806265
tired old,0.00037333366242806265
email dear,0.00037332265047890196
gotten,0.0003732919491524885
distribute,0.0003732806662420678
brown,0.0003732689044624129
24 10,0.0003732070253855637
messenger,0.00037320175539614107
repositories,0.0003731906028146404
context url sent,0.0003731550510542466
strictly prohibited,0.0003730494480969736
advertiser,0.0003729436961844341
gene,0.00037292239389166265
constantly,0.0003728206910496754
ive,0.000372719943009549
message checked,0.0003725416594927239
academy,0.00037222274226678175
30 url,0.000372057564991407
increases 30 url,0.000372057564991407
crashes,0.0003720371929149088
palm,0.0003720253369693808
routine,0.0003720163110921886
bank treasury,0.000371974039186273
connections,0.00037194788714701933
sister,0.00037192709941127563
greatly,0.0003717609098738781
printable,0.0003717304860170939
hurry,0.0003716830455574189
talks,0.0003716491794956289
sa learn,0.0003715259372941099
mail email additional,0.0003713807574090142
commands mail,0.0003713807574090142
additional commands,0.0003713807574090142
email additional commands,0.0003713807574090142
commands mail email,0.0003713807574090142
additional commands mail,0.0003713807574090142
email additional,0.0003713807574090142
arrangements,0.00037135767076862153
executive,0.0003711946103281204
mime format,0.0003709595347469322
message mime format,0.0003709595347469322
compete,0.00037087180355130513
united state dollars,0.000370859525851819
state dollars,0.000370859525851819
semi,0.00037083499510780893
main cf,0.00037081376457821834
california usa url,0.00037042867479177005
invalid,0.00037042453123210876
wishes,0.0003704094423444352
structures,0.0003703883729613623
invoked,0.000370362480994935
remittance,0.0003702422458131135
multimedia,0.00037018798490868414
450,0.0003696150736644496
tue mar,0.00036957761996573083
locally,0.0003695645574569301
jeff,0.0003695400269430721
ietf,0.0003694440658975827
offer url,0.00036942451416020994
goods,0.0003693098210505104
workshops,0.0003691048373720077
jason,0.00036907656406898263
ouagadougou,0.00036882764026934406
module build,0.0003687238580503588
asylum,0.0003685799517067539
exciting,0.00036840699811995664
received email error,0.0003683260650596767
speakers,0.00036821716652796633
scanned,0.0003681623286560075
push,0.0003680235860629178
money account,0.00036788379453752686
02 18,0.00036779241375568724
tuxonice,0.00036773153552428984
ratio,0.0003676526929898797
godaddy,0.0003675553319113946
godaddy com,0.0003675553319113946
hottest,0.0003672608287271872
dark,0.00036714543743349484
driving,0.00036713846605550954
forward providing,0.0003670425150463917
look forward providing,0.0003670425150463917
population,0.0003669639128817924
downloads,0.0003669452088832734
illegal,0.00036688400518825954
announcement,0.0003668715026903556
secrecy,0.0003668155850362335
imprecise,0.00036680930598973583
safely,0.0003667884013809103
ula,0.00036670833814909253
subscriptions,0.00036660679317939977
assigned,0.0003665892921904238
information look,0.00036640691561368107
information look forward,0.00036640691561368107
ho,0.0003663853532550039
information sign,0.00036633693572030277
hall,0.0003663364082749831
unable process,0.00036632658350040114
vincent,0.0003662014226141467
sole,0.00036607658093350476
laurent,0.0003659245272898651
row,0.0003658765501166983
corpus,0.0003657420297234771
traceback recent,0.0003654975948485602
guard,0.00036525264754144965
involving,0.0003652447447379904
just click,0.0003649604738599436
updater,0.00036490810561985655
son late,0.0003646858563923789
involve,0.0003645359501634057
optional,0.0003644755175975308
americans,0.0003643124078759834
money country,0.0003642037159627949
folders,0.0003641325642864842
17 2008,0.000364002403186915
el,0.00036397717444154707
southern,0.0003637048181327057
aim,0.00036362962897653977
laptops,0.00036351237638983046
objective,0.0003634409964996458
hosts,0.00036310776766854027
porn,0.0003628994429140627
30pm,0.00036285998870302574
enlargement,0.0003628452360771963
bank treasury unclaimed,0.0003627627988708705
linux comment,0.00036270689777631837
gnu linux comment,0.00036270689777631837
faith,0.0003625069436915466
wanting,0.0003621549111333837
xd,0.0003620504548863197
pownce,0.00036188757572481155
bzr,0.00036178846684711786
fp,0.00036170131255455523
forgot,0.0003616823602292086
400,0.00036166682225388
0500 story,0.00036161796573785986
0500 story agreed,0.00036161796573785986
trip,0.000361461322515288
demo,0.000361456131483691
earliest,0.0003612694644602087
ownership,0.00036126289625662344
wise,0.00036111720444513665
working days,0.00036109928753067985
quoted printable,0.00036084750559665154
adwords,0.00036080563842241244
ads suspended soon,0.00036080563842241244
account update payment,0.00036080563842241244
unless process,0.00036080563842241244
suspended update payment,0.00036080563842241244
advertising google,0.00036080563842241244
thank advertising google,0.00036080563842241244
soon unless,0.00036080563842241244
advertising google adwords,0.00036080563842241244
effective advertising available,0.00036080563842241244
advertising available thank,0.00036080563842241244
available thank,0.00036080563842241244
effective advertising,0.00036080563842241244
prevent ads suspended,0.00036080563842241244
advertiser unable,0.00036080563842241244
dear advertiser unable,0.00036080563842241244
providing effective advertising,0.00036080563842241244
prevent ads,0.00036080563842241244
providing effective,0.00036080563842241244
sign account update,0.00036080563842241244
google adwords,0.00036080563842241244
unable process payment,0.00036080563842241244
payment prevent ads,0.00036080563842241244
advertiser unable process,0.00036080563842241244
dear advertiser,0.00036080563842241244
advertising available,0.00036080563842241244
payment ads,0.00036080563842241244
suspended soon,0.00036080563842241244
forward providing effective,0.00036080563842241244
process payment prevent,0.00036080563842241244
thank advertising,0.00036080563842241244
ads suspended update,0.00036080563842241244
process payment ads,0.00036080563842241244
unless process payment,0.00036080563842241244
payment ads suspended,0.00036080563842241244
suspended soon unless,0.00036080563842241244
available thank advertising,0.00036080563842241244
suspended update,0.00036080563842241244
soon unless process,0.00036080563842241244
payment prevent,0.00036080563842241244
arms,0.0003607071237860744
multi message,0.0003606929429466064
multi message mime,0.0003606929429466064
100 risk,0.0003606811409986566
auditor,0.00036040802531765227
arrival,0.00036035333013507027
participants,0.0003601319981086083
alt,0.00036012839338144773
development bank,0.0003601019552995159
bag,0.0003600795002186628
wrote hello,0.000360069819956391
editors,0.0003600426288852249
beginners,0.000360042070330864
implementing,0.0003598518494630395
hr,0.00035974396371460463
cutting,0.00035956099667346656
fan,0.00035942263991330944
url new,0.0003592438647557762
programmers,0.0003591472536749578
fourth,0.00035879677235861444
blead,0.00035866122147856745
registry,0.0003583147966718851
necessarily,0.000358308236746642
usr lib,0.0003582028872389434
sie,0.00035787364558956594
logs,0.0003577780558185181
ni,0.0003574138152563946
mc,0.0003572110022321562
urls,0.00035705790519223685
attach,0.0003569587186509818
kin relation deceased,0.00035691545267448543
remitted,0.00035661481007058407
reads,0.0003562630029192421
time url,0.00035617776387991543
jan,0.0003560288703851892
sessions,0.00035599937959687603
convert,0.0003558503431214171
funny,0.0003556891745432844
caught,0.00035560789056023696
courier,0.0003555788133838607
clever,0.0003555717452958806
approve,0.0003555012856019782
tim roberts,0.0003554353344780694
status new,0.00035533019680419984
blood,0.0003552678929599962
voting,0.00035512946175213163
fixes,0.00035508229883972266
cr,0.00035503138508194117
destination,0.0003549350189469751
99 url,0.00035483576549880504
nearly,0.00035476071673126074
11 2008,0.0003547061091544891
000 million,0.0003544538427012322
editing,0.000354106230538168
clark,0.00035380340959617233
prediction,0.00035375480372811934
classic,0.0003537372189660341
contact immediately,0.00035371922504936234
letters,0.00035361272446936444
grants,0.0003533158611977926
mainly,0.00035318752446263877
necessary documents,0.00035303326624370123
healthier,0.0003530232732342062
favour,0.00035293081645315253
decisions,0.00035292627583588114
dos,0.0003527845736790503
uribl,0.00035278403531541387
cc email,0.00035274811128697145
holland,0.000352705207255102
27 2008,0.00035270470755382636
newer,0.0003525850013080566
2008 19,0.0003524687659062724
individuals,0.0003524621632929764
hasn,0.00035230111654310873
rest assured,0.0003522934599154851
cli,0.00035226006312312583
important dates,0.0003522314877053253
mohammed,0.0003520658632176999
south african,0.0003519644380018734
handy,0.00035185380430330756
deposited security,0.0003518107588175496
pls,0.0003518096201970734
disposition,0.0003517896076741374
owner account,0.00035162547706034874
probabilistic,0.00035156804943993166
trent,0.0003515156024773685
fastest growing,0.0003514975832086508
selling,0.00035138563608158173
mechanism,0.00035134431643823013
associates,0.00035125445341782993
mime version,0.0003512340943922754
reg,0.0003512107662377385
visual studio,0.0003511236908658803
filesystem,0.0003511224949381135
url copyright,0.00035109944491890094
investor,0.00035107443363534464
remained,0.000351060183525685
information need,0.00035095058422698964
revert,0.000350854539609981
traceback recent file,0.0003507613347639329
recent file,0.0003507613347639329
contact information,0.000350605557458055
wrote ve,0.0003505887922236256
following information,0.00035052398610528276
competition,0.0003505049053628113
exceptions,0.0003504634603388065
expr,0.00035043095831265275
date fri,0.00035038054337560007
pop,0.00035030003527242745
widely,0.0003502733329086277
threading,0.00035020282758305745
2008 01,0.00035012371344540034
255,0.0003500273101798637
keyword,0.00034998010955907064
terrorist,0.00034992433407488266
warm,0.0003498657812748372
daniel,0.00034985750971725795
opinions,0.00034976348730226777
albany,0.00034962483142211316
magic,0.0003495989995191286
counter,0.0003494779249338027
inline,0.00034939119900101283
interview,0.00034926937963822855
announced,0.00034904479302564945
ouagadougou burkina,0.00034895187794282983
ouagadougou burkina faso,0.00034895187794282983
802,0.0003489017411401761
assurance,0.00034888543615626264
local lib,0.0003488831591748156
usr local lib,0.0003488831591748156
read url,0.0003488276880100331
rejected,0.00034869615134690865
64bit,0.00034867219046552227
badly,0.00034846565398410624
tutorial,0.00034818059962961795
dot com,0.0003481695904180457
frequently,0.00034801883784356857
openssl,0.00034774688023162496
scan,0.0003477185815797997
confusion,0.00034770877504085854
terminal,0.00034746361650800784
web site url,0.00034740875571319965
func,0.0003471895718760869
urgent response,0.0003471442828056096
replying,0.0003470388707947629
favourite,0.00034702832853873104
grab,0.00034694074775910096
lets,0.00034689857546130166
existence,0.0003468305319729151
removed mailing,0.00034680061604306576
192,0.00034666883145731777
bruce,0.0003465772250768027
openoffice,0.0003465420115906281
signing,0.00034653092160093744
fect,0.0003464981555235507
obj,0.00034649658307947236
heading,0.0003462729661105314
milter,0.0003462281316875148
death father,0.00034621743772280826
younger,0.000346053943254701
accepts,0.0003459665538315552
delivering,0.00034583930250510757
disagree,0.0003456807881377173
players,0.0003456276837005202
monitoring,0.00034547577020455143
63,0.0003454680283739032
kyle,0.0003453664070945627
nw,0.0003452563070913249
repo,0.00034515618059643765
3d url,0.0003448907161409367
claimed,0.00034475822223135313
viewing,0.0003447287420420687
cs,0.0003446794855730724
encode,0.00034460265163597836
grand,0.00034453551545129637
reposed,0.00034449599433664997
stream,0.0003443194364976876
ward,0.00034425743396675716
bank africa,0.0003441898016068553
petroleum corporation,0.0003441590000096786
disks,0.0003441012841523999
outlook web,0.00034401573233186315
25 2008,0.00034399962466685237
eric,0.0003437555798372688
television,0.0003437507435346861
ilug,0.0003437222286309949
participation,0.00034372179317729566
url want,0.0003436273099645988
unseen,0.0003435700088241991
employment,0.00034356265505607595
industrial,0.00034340439436205664
edward,0.0003432644946421743
rev,0.0003431939352848133
logo,0.00034287831785899517
invested,0.0003427157180865846
cold,0.00034257542034194665
diplomatic,0.0003424372162525055
directions,0.00034228959845161657
markets,0.00034224170083600334
hear soon,0.0003420583379377735
reflect,0.0003418940766848858
speculative,0.00034184611717642013
yahoo mail,0.00034147154434166385
encoding quoted printable,0.0003414191600180512
encoding quoted,0.0003414191600180512
ro,0.00034132917928762324
compliance,0.00034132208685144153
console,0.0003411990328697235
secretary,0.00034110025764397614
just don,0.00034108434278654623
expertise,0.00034099917468156086
worked thanks,0.0003408378099377131
strictly confidential,0.0003407739831467388
12 2008,0.0003406921402304942
dialog,0.00034066140633934615
train,0.00034064562101082993
fixed deposit,0.00034062548228616917
anti spam,0.00034051450771297365
experiences,0.0003405002120792688
greatest,0.00034046997685329274
20 total,0.00034045185386183353
best regards mr,0.00034039418057625045
chinese,0.0003403140878486319
bt,0.00034004459467484383
br,0.00033999425827823505
josh,0.00033999382567105445
stupid,0.00033998704816200497
destroy,0.000339882173812222
promotion,0.00033980565208014475
confirmed,0.0003396397882204635
illness,0.0003393690798228036
proc,0.0003392686123744376
pull,0.00033925844974976455
november 2007,0.0003392279432148853
winter,0.0003391936451961957
antivirus,0.00033893204958850964
flight,0.0003388540324785389
naval,0.0003385735353153187
layout,0.00033850282272929514
occur,0.0003382240576180204
stack,0.00033816845281562367
interpreter,0.00033812854804245483
mac os,0.00033807962974565225
inheritance,0.0003379206829336009
consideration,0.0003378780244536231
material,0.0003378582868418539
razor2,0.0003372989082249823
pray,0.00033709714617480237
revealed,0.00033699317130427047
addressed,0.00033668380904928807
reboot,0.00033644606913301134
parameter,0.0003362637793431622
teach,0.0003362633207982554
qmail,0.0003362311417909441
invest money,0.0003362281194643252
aims,0.0003360412578579312
router,0.0003359061570335872
prepared,0.00033561990947377775
deposited sum,0.00033556329065325796
stan,0.00033552180112040144
c5,0.0003354839521028313
personal information,0.0003353747719120377
african development,0.0003353534392789035
miller,0.00033530046801763514
lagos nigeria,0.00033521239762148103
vous,0.00033512484076373946
money bank,0.0003350560289774666
corner,0.00033498192390423386
construction,0.00033484628052787786
refund,0.00033475380957754354
ut,0.0003346898120579957
ali,0.0003346094612011582
100 risk free,0.0003344355121451047
mailing lists,0.0003341989355918535
novel,0.000334023850555363
inconvenience,0.0003340021419494449
high level,0.00033391020392607636
grep,0.0003336324771133503
roman,0.00033360402404497753
amendment,0.00033356277572783866
2008 22,0.0003335193595332199
util,0.000333416643058213
lib cpanplus,0.00033337131385235177
mm,0.0003330693808881361
win32com client,0.00033274404653985915
springer,0.0003324926405017991
admit,0.0003320553077833844
sightings,0.00033170274176642396
explicit,0.00033164849254294705
masters,0.00033150150950370105
rezic,0.000331359454388026
establish,0.0003312951475894027
scholarships,0.00033120872886740484
agent systems,0.0003311410709303474
execute,0.0003310961913056853
invite,0.0003309465843118926
original message email,0.0003303474005615
severity,0.00033032434219966336
0600,0.0003302814126702609
hat linux,0.00033026361046996854
red hat linux,0.00033026361046996854
variables,0.00033003145753955025
breaking,0.00032995005963125276
vision,0.00032981735573545
dies,0.00032978787869735257
jabber,0.0003297132949656567
netball,0.0003294751793418399
declare,0.0003292767143157331
mail contact,0.00032917266799272946
reporting,0.000329088268663886
dealing,0.0003290451927877933
charset ascii,0.0003288735071757441
dll,0.00032862389018674317
ea,0.0003284165674457353
indicates,0.0003284001499815357
freeze,0.000328398149872893
sum million,0.0003282927311297893
capacity,0.0003281619584669406
believed,0.0003280966555178749
lying,0.00032764041437637287
introduced,0.0003274862314740786
thesis,0.00032741135243301447
extensions,0.0003272714932531882
photo album,0.000327170942306865
transactions,0.0003271267086822142
arrange,0.0003264649433064935
barcelona,0.0003263543591003312
fl,0.00032623056924588226
accra,0.0003261610644503692
denied,0.000326158794980399
information contained,0.00032601119507064
claiming,0.00032600528638952476
surface,0.00032583910507760696
new features,0.0003255791196897941
restricted,0.00032554213962675336
established,0.00032551423253381523
suit,0.0003255053003530546
audit,0.0003254921830324266
recovery,0.0003253898972568154
stands,0.0003253208192584793
weekly,0.0003253078393725961
drivers,0.0003252366431652621
election,0.0003252232383486251
originally,0.00032515527736374367
policy url,0.0003251100398433696
adams,0.00032499279174959776
security finance,0.00032499045044792363
wed feb,0.0003248576211620905
lifetime,0.00032483235528955916
zope,0.00032469532413278643
possession,0.00032436536821782484
winner,0.0003241974966436256
african development bank,0.00032387009136416594
sourceforge net,0.00032379804607954814
lib mail,0.00032375075354493065
lib mail spamassassin,0.00032375075354493065
indulgence,0.0003235990190967893
belong,0.000323532755033856
consulting,0.000323500029037363
assisting,0.0003234308691904744
messaging,0.00032336525597990426
program committee,0.0003231335072231253
information sign account,0.00032311769467772966
payment information look,0.00032311769467772966
payment information sign,0.00032311769467772966
2008 14,0.0003231056521674487
solving,0.0003230353560107121
socket,0.00032291705419590106
entire family,0.00032269242686692616
02 2008,0.0003226046456893255
magnitude,0.0003224868346494217
pakistan,0.0003224242578550153
30 2008,0.00032241076375632134
cp,0.00032239410462129556
hitch,0.00032233979145923576
culture,0.000322283222385088
graham,0.00032227515439777697
bios,0.0003221135249163072
account email,0.0003221125829011227
banner,0.000322017712455615
modeling,0.00032196484417044855
switching,0.00032192687659963847
splunk,0.00032192534059203985
relationships,0.00032177284887845105
warsaw,0.0003216302080589951
10 25,0.000321102014449221
accountant,0.00032099841456709156
come forward,0.00032095525691140956
laboratory,0.00032094047092459974
bet,0.00032079152983436216
mathematical,0.0003206946341092523
postal,0.0003206659297790688
alb,0.0003203335179299314
content disposition,0.00032015977335126257
affects,0.0003199694573252304
mounted,0.00031992340877900956
510,0.00031986493082652474
environments,0.00031984228701007915
exposed,0.00031979379851508074
url note,0.00031967277857389336
safe keeping,0.0003196548847155557
cpython,0.0003196362813578298
ease,0.00031955996775477456
para,0.000319478403722196
strength,0.00031947524346923983
hettinga,0.0003194376167188363
dict,0.0003192935757491531
click unsubscribe,0.0003190089951474461
embedded,0.00031859387304300875
currency,0.00031852852547437473
use link,0.00031838715914283693
78,0.0003183354951520111
winning,0.0003182903114542199
feb 24,0.000318257025643064
replaced,0.00031819627806281797
instructed,0.0003181853309649446
spf,0.0003181716885876883
restore,0.0003180869056541743
superior,0.00031797780458684425
mistake,0.00031789207676487713
refused,0.0003177654904570665
round,0.00031766274425109963
sam,0.0003174938128509587
nat,0.00031715051099117666
removed mailing list,0.0003171015473176881
multi agent systems,0.00031698342204547296
fox,0.00031681957604347196
mozilla,0.00031673505472607313
mta,0.000316527227778755
slave,0.00031652587582195626
serial,0.00031647675366304625
debugging,0.0003163072835076857
19 2008,0.0003162975354111305
concept,0.00031624875584696725
extract,0.0003161864414651089
followed,0.0003161547295279141
imho,0.00031599720267119015
cv,0.0003158040912858115
tries,0.0003156402521378577
kenya,0.0003155639087295964
lift,0.0003153004690851107
telephone fax number,0.00031526293047478003
account information,0.0003151580658825124
spanish,0.00031514456952843294
functionality,0.00031513640057492044
transfer encoding quoted,0.0003150232203296553
win32gui,0.00031477362199916
suspension,0.00031464636746871287
security reasons,0.0003146319680592381
feb 26,0.00031453604436537766
facebook,0.0003144670304774865
05 30,0.0003144544200411953
nvidia,0.00031421001341654456
gconf,0.00031413179260603977
mua,0.00031406642215433525
race,0.00031405387752702653
hours day,0.0003140375075308031
organizers,0.0003139728670595622
teams,0.000313886381132959
year ago,0.0003136238415261186
behaviour,0.00031360859423081223
message email email,0.0003134974136792474
dear sir madam,0.00031338773934412026
abuse,0.00031314735238352243
lucrative,0.0003130363712987125
views,0.00031292194010547114
money charity,0.00031273686232054275
douglas,0.0003125381181165868
82,0.00031248338005641945
come claim,0.0003124793407572733
broke,0.0003123597668350421
kinds,0.00031228508806937
verbose,0.00031220018181859593
realize,0.00031202787742596125
leah,0.00031196583143548896
virtualization,0.0003118967985658898
easy communication,0.00031185182404281785
error message,0.00031173600132900934
url list,0.00031169405323164907
mailman,0.0003115923246102107
answered,0.00031152902976277087
good idea,0.00031148491155975915
victims,0.00031146096900945737
associated,0.0003114491546901827
replacing,0.00031133973436533655
byte,0.00031132586467044315
just case,0.000311303345098051
democratic,0.0003112119262869469
utilities,0.00031108116339430633
2008 23,0.00031098730855766855
clarification,0.00031081701850363733
farms,0.0003108089992354019
businesses,0.0003107855803544604
continued,0.00031075299607779996
dropbox,0.0003106510626809714
solved,0.00031064661960229767
accounting,0.0003106202920820345
ideal,0.0003105630073852842
pythoncom,0.00031053318224630126
notified,0.00031048882529326806
don miss,0.0003104470891182713
lay,0.000310394546155579
theories,0.00031030852039640953
jesus,0.00031027590641362915
don understand,0.00031018129452921436
spoke,0.0003101502436438681
warn,0.0003101390490123885
willing assist,0.0003101013167148059
subject wekalist,0.00031000651230170777
pointed,0.0003099448120940114
international conference,0.00030992638273977724
overall,0.0003098638320599145
hotmail,0.0003097508329198629
jeremy,0.0003096076937006192
got information,0.000309487936220723
scsi,0.0003092286226093169
privacy policy url,0.00030907163733982426
dc,0.00030906508120468937
700,0.0003090574473277621
listing,0.00030894315016430937
royal,0.0003089326294438291
jw,0.0003088399953897487
heaven url spamassassin,0.00030877399981929054
32 bit,0.0003087286641560152
email sun,0.0003086885278347534
experiment,0.00030859538548683207
cmd,0.0003083674909973831
cyrus,0.0003083600156779102
unsubscribe change,0.00030829825910688247
list click,0.00030824666578790303
evaluation,0.00030815753566868404
successful execution,0.0003081263054636008
accordingly,0.00030785798283142007
compilation,0.00030785689283229336
statements,0.00030784339966442745
url unsubscribe group,0.00030777361592228167
upgrading,0.0003076182537865423
fellow,0.0003075988846769634
aa,0.000307392265278276
justice,0.00030731933140405943
offered,0.0003072343054205008
route,0.000307108355478541
url mail,0.0003070979736545777
sudden,0.00030695677827378076
proprietary,0.00030683894344527284
recommendations,0.0003066656212821486
fc,0.00030663470107746373
insert,0.00030659871226190635
concern,0.0003065955911686825
email best,0.000306556520039033
want use,0.0003065210541246416
division,0.0003065054084293088
indicating,0.0003062751386802642
1996,0.000306008693098297
circles,0.0003060034583085448
gen,0.00030566492138441856
graphics,0.0003056280515054579
queries,0.00030554140259157395
release date,0.0003051440639127092
checkout,0.00030505702006867883
365,0.0003050125761719194
ethernet,0.00030500559348174136
accessible,0.0003049798170168431
wrote begin,0.0003047457929641302
wrote begin pgp,0.0003047457929641302
emperor,0.00030468032587112765
render,0.00030465342473624834
familiar,0.00030458939111160157
send mail email,0.00030457466427377396
eng,0.00030440300076786046
walls,0.0003043847589282387
largely,0.00030422599437375704
13 2008,0.00030415194012820695
temporarily,0.0003041299038032786
ta,0.00030404142729981485
ati,0.00030382686641696176
heavily,0.000303779614508402
29 2008,0.0003037169799329925
vendors,0.00030349585597101416
corp,0.00030342860402105443
magazines,0.00030326783113257717
10 20,0.00030312872363071227
opensuse 10 x86,0.0003031233924357605
wrote tue,0.0003030856491834254
safest,0.0003029772866461961
disclose,0.00030297258633506783
options url,0.0003029579066534174
answer yes,0.0003029333506123348
barry warsaw,0.0003026251870938488
launch,0.00030256555221163067
destroyed,0.00030233266572510936
graphical,0.00030218458160927674
accidentally,0.0003021111265441925
yep,0.0003020821794799259
thoughts,0.0003020737374691254
claim funds,0.000301911736458928
player,0.000301902031484708
pos,0.00030187135046909287
integrated,0.0003018392091886226
approvals,0.00030178818804742777
check prices,0.0003017488179138539
substantial,0.0003017419267777391
interests,0.0003017334346029551
2008 18,0.00030169994176435644
coded,0.00030164244529469925
execution transaction,0.0003016396337325789
dirty,0.0003015185334511228
211,0.00030146602577847627
sun feb,0.00030141266872453184
coverage,0.000301234149504612
template,0.00030123114871373035
url special,0.00030121749215059247
years money,0.000301166496397441
gordon,0.00030113552289320027
korea,0.0003010996350753236
morris,0.00030082273186099787
example com,0.00030070840142986527
bound,0.0003006858917432319
102,0.0003006593640551197
shooting,0.00030062966939963
intl,0.0003006021969657551
jo,0.0003005307503296497
federal government,0.0003005290447939222
scholarship,0.00030037866454358326
postgraduate,0.0003001510350009834
broker,0.00030013851835555144
acting,0.00030013457359510405
assignment,0.00029984477973127294
incorrect,0.00029982528459226554
completed,0.0002997673114310635
rating,0.0002996508815413469
october 2007,0.0002995686309401595
semantics,0.00029955556204506583
money transferred,0.0002995548363815777
specification,0.00029951504630165883
67,0.00029949967910718477
indent,0.00029925434525280225
timeout,0.00029921437558307594
pieces,0.00029910218842302884
date wed,0.00029874829485881244
equal,0.0002987002357036225
earn,0.0002985510383902202
vary,0.00029850897470665795
satisfaction,0.0002984897237829147
japan,0.0002984400974128375
ron,0.00029823273174738653
keen,0.00029820710837017117
camera ready,0.0002981587679015071
responsibility,0.0002981455921875448
expectations,0.00029810598205149953
switzerland,0.00029799953048640786
slower,0.00029792610652686974
sig,0.00029792359031195694
postconf,0.0002978973786452087
cart,0.0002978934826226168
reply message,0.0002977300288306873
scotland,0.0002975833926644425
hmm,0.00029751328643761534
nation,0.00029749999700589365
exercise,0.00029735443551494084
parent,0.00029731254024991933
podcast,0.0002971496678078003
innovative,0.0002968916917372123
permitted,0.00029661423604460856
georg,0.000296555600765109
c9,0.00029650205129846263
updating,0.0002964782394784942
nv,0.0002964494559827003
sync,0.0002964451910567061
email best regards,0.00029642526090584295
weeks ago,0.0002963324191175986
favor,0.00029626667620136703
regrtest,0.0002961058469944485
content disposition inline,0.0002960058318375629
disposition inline,0.0002960058318375629
york ny,0.0002959122790778437
new york ny,0.0002959122790778437
sent monday,0.00029557833000792665
msi,0.000295479746409552
stub,0.000295445756771878
spams,0.0002954165661577118
readme,0.00029532440383554787
disclosure,0.0002952562295383369
18 2008,0.00029508187425607724
promotions,0.0002950216219454117
rom,0.00029499659064977335
amd,0.0002949864088478065
security finance company,0.00029492989453885465
remains,0.00029475581727500977
wed mar,0.0002944603275824839
determined,0.0002944375628870188
solely,0.00029437443984521485
211 11,0.00029429378946400046
140 211,0.00029429378946400046
140 211 11,0.00029429378946400046
zone,0.00029427924462315023
picked,0.00029427850088553794
weblog,0.00029423657395193466
want transfer,0.00029421119229584185
5million,0.0002941772312776186
capture,0.00029414012293503794
powered,0.00029412121524035196
transfer sum,0.00029404326746846986
sightings mailing,0.0002940148875516257
sightings mailing list,0.0002940148875516257
spamassassin sightings mailing,0.0002940148875516257
spamassassin sightings,0.0002940148875516257
url spamassassin sightings,0.0002940148875516257
blog url,0.0002939560557647507
offices,0.00029394751529412255
government officials,0.0002938711093345188
subscriber,0.0002938449504007195
sun feb 24,0.00029381111782165277
guest,0.00029369590192895265
asus,0.0002936923769519985
webmaster,0.00029367100991118647
31 pm,0.00029347677257319095
feb 24 10,0.0002930199315482472
email sun feb,0.0002930199315482472
philosophy,0.00029292785235975397
account number,0.0002927478180161671
rewrite,0.0002926129057722457
soonest,0.00029235549157027223
bea,0.0002923463395627112
literally,0.0002923027662338745
remit,0.0002922932996438562
file line,0.0002922325074103131
direct telephone,0.00029208577085507935
adult,0.00029208413847692065
closely,0.00029189980683351496
murdered,0.00029188927911155037
damage,0.0002917622561076594
snip,0.00029174978820960983
gray,0.0002916696390577334
02 08,0.0002915161363133809
evaluate,0.00029150139897007063
distant,0.0002913292882316553
blame,0.00029117642850176904
concepts,0.00029107241681198734
custody,0.00029101628394888595
23 2008,0.0002909110846785759
virtual alias,0.00029082910933032354
hostname,0.00029067591021802726
paper submission,0.00029063814392351174
2008 url,0.00029061767251939815
dedicated,0.0002906098138281813
pywin32,0.00029053756347284304
extent,0.00029033655566634544
dictionary,0.00029026664268075065
newly,0.0002902559694660426
effectively,0.0002900306570648838
logical,0.0002899899603204471
rant,0.0002899055205001044
neil,0.00028980280888424585
nfs,0.0002897520053931484
wrote wed,0.00028952798658106303
belief,0.0002895161376491213
defense,0.0002894362951609852
backward,0.0002892757490936615
combination,0.00028922881985891154
optimization,0.0002889532847009274
sees,0.0002889329496974604
amounts,0.00028882872397755475
avenue,0.00028878625348862226
secrets,0.00028866950745915746
successful execution transaction,0.00028860210802648636
telling,0.00028855323095591795
good luck,0.0002885137784776677
willingness,0.000288234360700285
publisher,0.0002881490163935247
jobs,0.00028806731073626043
sony,0.0002880476071098864
ll try,0.0002879423065416714
musa,0.000287931743205933
alan,0.0002878390818154048
influence,0.0002877388712731665
spamassassin trunk,0.000287653418991096
scheduled,0.00028755578170069023
2008 17,0.0002875353355636445
organizing,0.00028752443961676464
heaven url razor,0.00028711904116341655
makes sense,0.00028710689107227844
hesitate contact,0.0002870949717158757
mh,0.00028707114391768773
arranged,0.0002869980485835081
fault,0.0002869589451006879
sydney,0.0002866052070308308
cognitive,0.0002862616443176264
devel mailing,0.000286231496172933
devel mailing list,0.000286231496172933
epson,0.0002860586967286363
pair,0.00028597993644827223
postings,0.00028584130860320425
91,0.00028576456376037506
thank choosing,0.0002857277776402944
distributions,0.0002855219506481127
tr,0.00028550656702344706
configuration files,0.0002854101391952163
97,0.000285391520776143
saved,0.0002853575834402778
procedures,0.0002853354942018904
harry,0.00028533532202885096
essential,0.00028516009588027883
5th,0.0002851420154390086
smaller,0.0002848971039186451
sd,0.0002847793693819678
sought,0.0002847431354405646
drink,0.0002845680387500045
quantum,0.0002842594772458089
kb,0.0002842540388180297
essentially,0.00028393536935428015
1995,0.0002836458415315349
bazaar,0.0002835759409729085
mailing address,0.0002835420566006116
explanation,0.0002833262541801458
labs,0.0002833128200706173
signature python,0.0002833098145910164
pgp signature python,0.0002833098145910164
rebuild,0.00028313164684973886
egg,0.0002830679044304103
url site,0.00028292342871538397
detect,0.0002828785931258034
hth,0.0002828435594500562
sports,0.0002827260724844679
rcpt,0.00028270705065593744
utmost confidentiality,0.000282669395443529
sick,0.0002826558421552986
regexp,0.0002826277751001674
wheel,0.0002824712613386668
python2,0.00028246565488725665
149,0.0002824190655380857
liberal,0.00028223880519725303
relay domains,0.00028219467382005925
alexander,0.0002821581557052118
utf,0.00028213553484258703
eircom,0.00028212388640509387
money deposited,0.00028210711178075563
looking forward,0.0002817894770855291
component,0.0002817667444732316
gtk,0.0002817388133246574
just use,0.00028148902552286133
ml,0.0002814331951387239
anonymous,0.00028131442251187473
type multipart,0.00028125009868817415
unsuccessful,0.0002812097314882601
fuel,0.00028119846809140627
trivial,0.0002810933787577435
bf,0.00028095759664218154
electrical,0.0002809424179190459
receive mail,0.00028085933997690525
hard disk,0.0002808279311614991
residential,0.0002807864598336041
sector,0.0002806982553571665
acceptance proposal,0.00028055205921283504
bc,0.00028053307993696917
ring,0.00028050981049391457
urgency,0.0002804556092787045
subscribe unsubscribe,0.0002803853720634023
presence,0.00028022392125879355
finish,0.00028011565361055137
comment using,0.0002800606244382896
linux comment using,0.0002800606244382896
using gnupg,0.0002800606244382896
comment using gnupg,0.0002800606244382896
generation,0.0002798341053042863
email contact,0.0002797896895934443
forcing,0.0002797835524100949
accepted papers,0.0002797365569480804
cycle,0.0002797103935611587
inference,0.0002796274737954003
subject python,0.0002795851670791869
positions,0.0002795685974601327
15 2008,0.0002794928330381375
mar 18,0.0002793754473470929
rdns,0.0002791979964509287
relatively,0.00027902006095617744
atom,0.0002789602466310659
mail message,0.0002789371705337387
email delivered,0.0002787822902374804
email delivered email,0.0002787822902374804
fingerprint,0.000278631520467634
world largest,0.0002786272499843462
hitch free,0.00027860130043640797
contact address,0.0002785988845264083
c4,0.0002785381237640393
msgs,0.00027838690364580487
pack,0.0002783659206573203
symbolic,0.0002783303803693926
weren,0.0002779952260073343
homes,0.00027790824634115797
chip,0.00027777607122667986
days url,0.0002777685129664329
binding,0.0002777596939837765
fancy,0.0002776682279478126
want assist,0.0002776581138201148
attempting,0.00027754394005939355
amavis,0.0002774674537288483
approximately,0.0002774503426226056
investment country,0.0002773429840524102
targets,0.00027729542099849203
immediately receive,0.00027724506523060045
email email subject,0.0002770299315072949
notify sender,0.000276956749769999
nz,0.0002769530536297962
wrote mon,0.0002768646819614249
despite,0.0002767323946094133
mapping,0.0002767272280917893
nc,0.0002766009690319003
policies,0.00027646037740868386
ietf dkim,0.00027645155450505736
constant,0.00027641858459460033
lan,0.00027633742798899226
2021,0.0002762493838308355
date mon,0.0002761616754524291
strategy,0.00027605855302445395
crashed,0.00027603802222575925
glob,0.0002760143961567197
gnupg v1 darwin,0.0002759534516186885
v1 darwin,0.0002759534516186885
transaction 100,0.00027594036050845394
merely,0.00027593053489886166
nodes,0.0002757185849095567
content type multipart,0.00027567937235094806
affiliate,0.0002754781570743991
10 000,0.00027546772165156776
suggests,0.0002754513195370124
thailand,0.00027535241458412547
proposition,0.0002751772749998892
url don,0.00027516463179680665
8th,0.00027507137108069937
does make,0.0002750513519842579
numbered,0.0002748417817057302
use strict,0.00027483911743173526
van der,0.0002748174918664028
convinced,0.0002748049215657768
esslli,0.00027479810064168274
decided seek,0.00027479068735984956
sequences,0.00027475184127613485
holder,0.0002745549634066173
supporters,0.0002745168532274759
central bank,0.0002743277612165181
banker,0.00027409560215807885
550,0.00027408653941950466
3mb,0.0002740449309615936
kong,0.00027393140621660483
seeking assistance,0.0002739225286339008
marry,0.0002738738678437353
transfered,0.0002737421973559072
operated,0.0002735813797999238
ger,0.00027355702004095984
specifications,0.0002735156638830631
crystal,0.0002734286313418138
business relationship,0.00027338527803418114
unsigned,0.0002732611651061548
opposed,0.0002732526210607689
sp,0.0002731335446599331
dependency,0.00027311639754712907
debit,0.0002730371900915091
todo,0.0002730236644059725
runtime,0.00027300183941470646
activate account,0.0002728727857129727
muslim,0.00027285308774471935
west african,0.0002728465144497769
plain charset ascii,0.0002725912546044508
presentations,0.0002724202892323028
terry,0.0002723635959748492
2nd,0.00027223440804847304
submitting,0.0002721957580850741
loading,0.00027204005942978014
spamc,0.0002719370115826802
reputation,0.0002717609000174799
idle,0.0002716948804330991
business venture,0.00027147048842337987
links url,0.00027140400114451265
quiet,0.00027121975533609966
use warnings,0.00027113757495484504
devoted,0.00027111453233079813
highly appreciated,0.00027078135136433297
typically,0.000270732106855348
search engines,0.00027062758157752644
workaround,0.0002705157006061034
pennsylvania,0.00027048279768477967
dec,0.00027040279332868377
easy way,0.0002703526450555768
40 million,0.00027035050442824753
dual,0.0002700460572507664
retrieving,0.0002697785912089967
monitored,0.0002697030860745311
utrecht,0.00026970242968684673
explains,0.00026951524210255785
anytime,0.000269510677265022
privileges,0.0002695051861019014
danger,0.00026949735673477225
tags,0.00026941914495348364
heir,0.0002693930116083994
dollars account,0.0002693470680265684
encrypted,0.0002693173276372215
capabilities,0.00026924417281303615
begins,0.0002692394394469431
docusign,0.0002690330444459993
breach,0.0002689411734012493
similarly,0.0002687778999303592
r1,0.00026861747948817255
wrapper,0.0002686160116558966
tiny,0.0002685100853835877
subground,0.00026849496807873917
huge money,0.0002684089893019751
trees,0.00026835624301261673
tu,0.0002683313736045986
entity,0.00026831406702296776
need assistance,0.00026824923863389284
barry warsaw wrote,0.0002681496971370255
warsaw wrote,0.0002681496971370255
works fine,0.00026810440670630835
paperwork,0.0002680800551896587
wall street,0.0002679181089317375
biological,0.00026790431573495626
ntl,0.00026788019562907865
10 11,0.0002678763932426926
visible,0.0002677114848471512
windows xp,0.00026751095097892743
hong,0.0002674540876954296
ste,0.00026738901656604306
encouraged,0.0002673001477013303
agencies,0.00026723959763597663
gmbh,0.00026718665199426363
company europe,0.0002671676413920754
banks,0.0002670435521935697
days week,0.0002668653590788329
sb,0.00026672902792904525
real estate,0.0002666257412849749
finished,0.00026654926955129056
printed,0.0002664657174740596
numerous,0.00026644495708008794
boards,0.00026638925632160973
servants,0.0002663173885447362
money foreign,0.00026611246908588503
portal,0.00026607550151953554
sea,0.00026606645431434084
contractors,0.0002659375136439101
instances,0.0002659060834134476
budget,0.00026590322913758543
fbi,0.00026588115562443655
syntax error,0.0002658674182137433
exit,0.00026582383061459245
produces,0.0002658137896355039
bell,0.00026577641219568965
tables,0.0002657401598651764
protocols,0.000265732874700717
free shipping,0.00026567979229599335
delays,0.00026548222755335993
mailed,0.0002653893726071697
reduction,0.00026530941453429245
speaking people,0.00026522884302816605
forwarding,0.0002651667498497981
poster,0.00026510655903389386
rebel,0.00026492829547724694
interdisciplinary,0.00026477788752047617
thunderbird,0.000264738594329453
misc,0.0002647088284557496
exchange manager,0.00026470214615612227
ag,0.000264684283367891
temp,0.0002646224233436167
best practices,0.00026421031572141333
pdf file,0.0002642064640189669
troops,0.0002641979081210407
tuxonice users,0.00026415033925644796
python25,0.00026414990892530203
make test,0.0002641097435983959
nb,0.0002640511753935767
johannesburg south,0.00026384058233324564
johannesburg south africa,0.00026384058233324564
hill,0.0002637611489005349
components,0.0002637305874228962
cj,0.00026363581862422696
want money,0.0002636178855398995
ball,0.0002635276271207286
island,0.0002635111377934663
installer,0.00026334305799917727
private telephone fax,0.00026334262171719976
high end,0.00026295183146313606
unsubscribe send,0.00026293328371714415
donald,0.0002628406514519355
principal,0.0002628149890377432
national petroleum,0.00026276983113549863
customer care,0.0002626338374181564
shift,0.0002625902612817178
instability,0.0002625556311718378
dissemination,0.00026225421960949873
impression,0.00026214384441218194
stop receiving,0.00026196545831204854
50 000,0.0002618618359853734
endeavor,0.0002618387029985346
notice increase,0.00026178965355363673
20 years,0.00026172530987604505
rewards,0.0002616268278561249
announcements,0.000261503847296495
comfortable,0.0002614350262900279
wang,0.00026142529623528557
collections,0.0002614026495768086
barry begin pgp,0.0002613505551883481
barry begin,0.0002613505551883481
tue feb,0.00026134288583931967
ontologies,0.0002613390823071761
pub,0.00026128004495780123
reward,0.0002612162447514667
lcd,0.0002612116007480302
indiana,0.00026121126061443825
dsl,0.0002611778563381661
compensation,0.000261162575238509
strip,0.00026110363593897015
honestly,0.0002610693206116244
organisation,0.0002607097745098299
revenue,0.0002606642563575648
dig,0.0002606267694356049
email web,0.0002606240544860373
subprocess,0.00026059729901531587
coalition,0.0002605873967907865
20th,0.0002605174872016432
susan,0.0002604181473260895
sends,0.0002604056065397732
securing,0.000260307937407559
10 2008,0.000260226063634648
larry,0.00026019876400333
oo,0.00026008912646722533
council,0.0002599231896602601
smtpd tls,0.00025990238707809907
filters,0.0002598984979383483
smooth,0.0002598003580823874
applicable,0.00025968455463347873
tutorials,0.0002596541729295826
million seven,0.0002596525408576203
anticipation,0.000259539340497686
assistance transfer,0.00025945427418093257
step step,0.0002592569972155962
film,0.0002591812005371411
husband relatives,0.0002591552183690219
entertain,0.00025914587692773
acknowledge,0.0002590153615424202
shares,0.00025901156209337024
expiration,0.00025879435432589395
lib site,0.0002587941165766351
forward claim,0.00025871611134602873
recognize,0.000258646361132855
sbin,0.00025861770887081404
employers,0.0002585408194399954
file spec,0.00025832736120343823
bdist,0.0002583080611451251
100 000,0.0002582536927356631
trends,0.0002581660580131483
000000000,0.000257994391449321
telnet,0.0002579412198481118
mail security,0.0002579151052710418
moon,0.0002578021073595459
dust,0.0002576941457983987
reset,0.0002576067786301599
02 17,0.00025758567261527766
193,0.0002575524744896268
marcus,0.00025752559136062457
filled,0.00025729534716455665
hong kong,0.0002572602611835433
0j,0.0002572376049783782
investors,0.0002572353768265942
30 total,0.0002572213611369791
multipart alternative,0.00025716181229473316
ports,0.0002571388186169221
list message id,0.00025711996032478496
list message,0.00025711996032478496
node,0.0002571000887317763
died entire,0.0002569854705714774
died entire family,0.0002569854705714774
pretty good,0.00025682590872034975
kelly,0.00025666885566316266
microsoft visual studio,0.0002566651838337832
microsoft visual,0.0002566651838337832
studio 2008,0.0002566651838337832
visual studio 2008,0.0002566651838337832
v1 gnu,0.0002566293546156357
gnupg v1 gnu,0.0002566293546156357
v1 gnu linux,0.0002566293546156357
administrators,0.00025654745216114553
economics,0.00025650291124948514
adb,0.00025648414504478973
contrast,0.00025641119054978863
constraints,0.00025627358547789707
kernels,0.00025622259691016384
bangkok,0.0002562138241872354
respective,0.0002560857407497126
utf8,0.00025598435436194973
proceeds,0.00025597951578528415
faithfully mr,0.0002559725112983565
valuables,0.00025595784859916627
underlying,0.00025590142128933263
fetch,0.00025589374654430466
risks,0.00025585133696946495
batch,0.0002558402448520742
nicely,0.00025578292056972735
expanded,0.00025547106410018936
account country,0.00025543022292569056
employees,0.00025542269872970305
hwnd,0.00025530740885197243
200 000,0.0002552231106788783
incident,0.000255218774014595
fs,0.0002550640224918183
citizen,0.00025500534466346665
portion,0.0002548933293191165
compared,0.00025486126868120245
machinery,0.0002547435152852785
pm guido van,0.00025473898984590415
pm guido,0.00025473898984590415
evolutionary,0.0002546883818207123
reviewed,0.0002544769811268022
occupation,0.00025434181449360526
d3,0.0002542241023060176
indian,0.00025416170243415027
number fax,0.00025409367479179633
corresponding,0.00025404279960432503
email request,0.0002540246189655162
facts,0.00025396020990060895
129,0.00025384319798958703
envfrom intl id,0.00025378252530739207
ident envfrom intl,0.00025378252530739207
envfrom intl,0.00025378252530739207
intl id,0.00025378252530739207
envfrom,0.00025378252530739207
ident envfrom,0.00025378252530739207
msa,0.00025377053914707497
cities,0.000253684314529268
eastern,0.00025367276631246973
vital,0.00025355204394760206
ave,0.00025342427627244793
speaker,0.00025341247822357056
positive response,0.0002530994891467949
asm,0.00025304146434289776
wisdom,0.0002529496767555265
submission id,0.00025278266089170845
cgi,0.00025276367570070495
nr,0.0002527133444037267
sum money,0.0002525356996325277
vault,0.00025251145605292407
fighting,0.0002524924255880762
make sense,0.00025247340896396325
managing director,0.00025240317993365375
retrieval,0.0002523758839539261
stored,0.00025236415965100827
version content,0.0002522745000781399
mime version content,0.0002522745000781399
version content type,0.0002522745000781399
prince bismarck,0.0002522724550702408
ill,0.00025223240897430176
detention,0.0002522066133433803
account beneficiary,0.0002521534519712875
corporate,0.00025203298891381554
absa,0.0002520016986751367
representing,0.00025175490516170576
au,0.0002517266311057471
receive letter,0.0002515708561967606
designers,0.0002515387762279043
startup,0.0002514223453692298
furthermore,0.00025121735074497286
virtually,0.0002511955113060514
ident,0.000251147106827866
eating,0.0002511465708331264
alive,0.00025106794297553294
ups,0.0002509693395049262
101,0.00025094837069552313
producer,0.0002508329711602253
filed,0.00025080144651077826
symbols,0.0002507310180185855
ideally,0.0002507309906110417
number easy,0.0002506527669628703
tickets,0.0002506272333696629
performed,0.00025060754042031014
update account,0.00025053893820707634
rec,0.0002505213125192299
spirit,0.00025048877770798334
gpl,0.0002504155208253614
accra ghana,0.0002502576383795763
perl 10,0.00025017836523283734
measures,0.00025000196839295943
apis,0.00024997113071703554
admins,0.0002497777770008189
founder,0.0002497243860617234
tokens,0.00024970409140882686
national petroleum corporation,0.0002495959097997568
marc,0.00024949997153591506
navy,0.0002494877056316502
resulting,0.0002494330196357129
conclude,0.0002493262501198716
deceased indicated,0.0002492732245283301
receive reply,0.0002492061716423729
send blank,0.00024920341211774215
wrapping,0.0002490836624350984
87,0.0002490642668035543
feb 13 2008,0.00024897131152418965
course transaction,0.00024895974809200646
seek assistance,0.0002488461195086359
list list,0.0002488456758364664
explained,0.0002487847330484534
22 2008,0.00024869447213971837
predict,0.0002484247489669743
authorized,0.00024839743762953615
subversion,0.0002482381280745074
displays,0.00024805039760297283
disappoint,0.00024804089401533517
principle,0.00024800559000152765
004,0.00024799214148499163
exec,0.00024798041151544126
0d,0.00024792883297097373
definitions,0.00024790490352691617
gtk2,0.00024781025135723245
informatics,0.0002477586009847181
lm,0.0002477453333073386
band,0.0002476510494417027
requesting,0.0002476248138615989
email security,0.0002475401467420541
2gb,0.0002475395967725615
michal,0.0002475239440121144
disaster,0.0002474049218853017
del icio,0.00024738374506528486
icio,0.00024738374506528486
string perl,0.00024737593651820905
include string,0.00024737593651820905
include string perl,0.00024737593651820905
tray,0.00024714699197531884
coach,0.0002471235237167864
186,0.00024710275584293893
repeated,0.00024706376433584115
new url,0.0002469773770437465
vendor,0.00024685745680009554
package manager,0.0002467086238594098
overview,0.0002466614708891644
mime format nextpart,0.0002466416250635374
format nextpart,0.0002466416250635374
homepage,0.00024662881276687234
information technology,0.00024655670744575756
honesty,0.000246553992915936
memoirs,0.00024646626720643047
come forward claim,0.00024645091479874554
unlimited,0.00024642756548519515
frozen,0.00024638866486540714
hv,0.00024637198969505893
email thanks,0.0002463467351763503
gregory,0.0002462575947607457
tx,0.00024585484207986384
implementations,0.0002458331220164215
university california,0.0002456926861683471
turning,0.00024548614761628936
provision,0.00024548412350606846
sanity,0.00024545123032761206
golden,0.0002453151486115545
officially,0.0002452541135801736
wrap,0.0002451821123777512
noise,0.00024512226302523025
wells,0.0002450253140475225
abandoned sum,0.0002449896903087239
consequently,0.0002449771354762987
personalized,0.00024496634142215124
offline,0.00024488198343723764
2007 13,0.000244866495934798
obtained,0.0002447448764527068
lie,0.0002446971990940028
feet,0.0002446663487110608
ranking,0.0002446578125078123
families,0.0002445724050574718
bbmass,0.00024454066134118696
roundup,0.00024444183556335573
chase,0.0002443958299698892
covers,0.0002443536478750623
94,0.00024429769245250125
passing,0.00024425527960802697
headquarters,0.0002442171202235175
venema,0.0002441891031325098
come country,0.0002440378180510446
maturity,0.00024396663217419044
charles taylor,0.00024388856774570732
235,0.00024386496756371445
embassy,0.00024375639980650374
lodged,0.0002436694551575571
receive free,0.00024359925248563485
jar,0.0002434234718910719
wietse venema,0.0002432054835039894
bureau,0.0002431715626577492
reply private,0.00024315990642202783
transmitted,0.0002431452644709296
240,0.00024313643978438932
token,0.0002431069613464301
creation,0.00024304357918419493
scheduling,0.00024296326299798454
rubin,0.00024292736185904247
meetings,0.00024287359227628564
preserve,0.00024273609104803192
applying,0.00024271848101127915
electronics,0.00024266484873212225
gif,0.0002426567834138861
tied,0.0002426127274704812
seat,0.00024254450345547214
proposals,0.00024243319964618797
auditing accounting,0.000242368176777691
reaching,0.0002422718772224767
flowed,0.00024215972221312097
format flowed,0.00024215972221312097
country investment,0.0002420547084935511
explore,0.00024202845939113677
consumer,0.0002418905715268735
following error,0.00024188503248230103
d7,0.00024178636229688712
lang,0.00024162380239164792
url sf net,0.00024160085584494363
url sf,0.00024160085584494363
dist,0.0002415540410186916
seven thousand,0.00024144142041657623
career,0.00024141852372428011
sleep,0.00024140489880388716
pid,0.00024134648086555384
berkeley,0.00024132763107475883
genetics,0.00024126933096373465
central bank nigeria,0.00024115839949414515
cleaning,0.00024114052476119428
je,0.000241129278054859
source file,0.00024108873989376426
trade center,0.0002410106439863653
let start,0.00024083123430843068
privileged confidential,0.00024082011796447205
ist,0.00024080153962520247
nations,0.00024072006630482753
uid,0.00024059630687964088
assumption,0.00024057161516502482
2009,0.00024047736483664793
philadelphia,0.00024038525164150483
deceased indicated banking,0.00024034362333314428
indicated banking,0.00024034362333314428
worlds,0.00024034072847683435
natural language,0.00024022994685541288
winners,0.00023999167241122075
business transaction,0.0002398403694128459
molecular,0.00023962600355178446
inter,0.00023954901481371238
eligible,0.00023948948274154987
agency,0.00023947667965426545
unauthorized,0.00023944864586909265
publish,0.00023932796820489279
constraint,0.00023924741551338064
tilde,0.00023924230175340755
comprehensive,0.00023921677571651538
market company,0.00023917469505018834
117,0.00023901505144188463
shipped,0.00023896259078303613
que,0.00023894340295513435
covering,0.00023888137975296725
state art,0.00023885721235602673
white paper library,0.00023884993845631712
com white paper,0.00023884993845631712
com white,0.00023884993845631712
paper library,0.00023884993845631712
url links,0.00023879590564717775
movers,0.00023857424048274567
differently,0.00023847153723179188
solicit assistance,0.00023843698354743324
url email url,0.00023789536747024928
involves,0.00023751995416191566
humans,0.00023750291120898623
legally privileged,0.0002374641987342893
employee,0.000237456458817216
solaris,0.00023740849527327588
come surprise,0.00023740314375791764
profits,0.00023722723356736495
congratulations,0.0002371247653320965
nu,0.00023707140567881795
sent request,0.0002369395109134668
post list,0.00023682562628236806
pythonwin,0.0002368166503542935
kin come,0.00023671388109300657
python exe,0.00023667977610635757
astrology,0.00023665465327840014
typical,0.00023653003180912428
science university,0.00023638438524606142
hint,0.00023628722403317532
avg,0.00023628117227738167
descrambler,0.0002362710980852377
sur,0.0002362269601201572
circumstances,0.00023613983979649172
prints,0.0002361374768034065
d0,0.00023609509965742163
date tue,0.00023608421227490757
concerns,0.00023597272704310005
202,0.00023597151187778942
user id,0.00023591735522881358
signatures,0.00023577061546023066
sponsored microsoft,0.00023562006002548534
email sponsored microsoft,0.00023562006002548534
mimeole,0.00023549761563417302
unsubscribe list,0.00023528137921017086
email server,0.00023523363972701724
accuracy,0.00023521333862567116
white papers,0.00023512035116857698
sorts,0.0002350571597925282
future correspondence,0.00023495258687384872
file directory,0.00023493274645333277
special session,0.00023487272529200388
address telephone,0.00023486078996896485
deterministic,0.00023481550192123635
awards,0.00023479871836982476
bright,0.00023469721451136477
did know,0.00023465723787517064
005,0.00023463785857981274
mailboxes,0.00023455644208228665
subsequent disbursement,0.00023455177970667775
mutual benefit,0.00023448459862435852
account officer,0.00023447565973299677
transmitting,0.00023445565278950507
head state,0.00023439601011976638
thousand united state,0.00023438209353322638
screen tv,0.00023437874692507188
target 35,0.00023437874692507188
a0m0kx symbol,0.00023437874692507188
35 45,0.00023437874692507188
a0m0kx,0.00023437874692507188
agis movers growing,0.00023437874692507188
a0m0kx symbol m55frankfurtstock,0.00023437874692507188
screen tv maxx,0.00023437874692507188
symbol m55frankfurtstock exchangeshare,0.00023437874692507188
agis movers,0.00023437874692507188
target 35 45,0.00023437874692507188
agis,0.00023437874692507188
symbol m55frankfurtstock,0.00023437874692507188
toenter,0.00023437874692507188
zukunft des fernsehens,0.00023437874692507188
market company start,0.00023437874692507188
186 months,0.00023437874692507188
tv screen tv,0.00023437874692507188
m55frankfurtstock exchangeshare price,0.00023437874692507188
m55frankfurtstock exchangeshare,0.00023437874692507188
m55frankfurtstock,0.00023437874692507188
186 months target,0.00023437874692507188
company start,0.00023437874692507188
future television receive,0.00023437874692507188
future television,0.00023437874692507188
company start toenter,0.00023437874692507188
box producer,0.00023437874692507188
million german,0.00023437874692507188
million german speaking,0.00023437874692507188
producer given,0.00023437874692507188
producer given recommend,0.00023437874692507188
months target,0.00023437874692507188
months target 35,0.00023437874692507188
morethan 40,0.00023437874692507188
morethan 40 million,0.00023437874692507188
tv screen,0.00023437874692507188
tv maxx tv,0.00023437874692507188
german program,0.00023437874692507188
german program morethan,0.00023437874692507188
exchangeshare price,0.00023437874692507188
given recommend buy,0.00023437874692507188
market usa fall,0.00023437874692507188
exchangeshare,0.00023437874692507188
tv agwkn a0m0kx,0.00023437874692507188
tv channelworldwide,0.00023437874692507188
maketingcampaign covered ste,0.00023437874692507188
given recommend,0.00023437874692507188
maketingcampaign covered,0.00023437874692507188
maketingcampaign,0.00023437874692507188
tv channelworldwide iptv,0.00023437874692507188
exchangeshare price 186,0.00023437874692507188
tv market,0.00023437874692507188
tv market usa,0.00023437874692507188
tv maxx,0.00023437874692507188
german speaking people,0.00023437874692507188
german speaking,0.00023437874692507188
box producer given,0.00023437874692507188
costs maketingcampaign covered,0.00023437874692507188
2008 german program,0.00023437874692507188
begonnen,0.00023437874692507188
zukunft des,0.00023437874692507188
2008 german,0.00023437874692507188
zukunft,0.00023437874692507188
die zukunft,0.00023437874692507188
fall 2008 german,0.00023437874692507188
die zukunft des,0.00023437874692507188
des fernsehens hat,0.00023437874692507188
begonnen iptv,0.00023437874692507188
largest tv market,0.00023437874692507188
begonnen iptv future,0.00023437874692507188
largest tv,0.00023437874692507188
des fernsehens,0.00023437874692507188
fall 2008,0.00023437874692507188
bank adb,0.00023433695610933735
dice,0.00023421164998739467
sufficient,0.00023405133151171094
world trade,0.00023398862710855136
world trade center,0.00023398862710855136
61,0.0002338458936427076
aside expenses,0.00023374478378624565
set aside expenses,0.00023374478378624565
present kin,0.0002336863266283668
10 15,0.00023368622344770794
congo,0.00023362359840863332
storm,0.00023360104258137593
estimated,0.00023347276095723378
money release,0.000233379795492148
company abroad,0.00023335865162670347
reply private email,0.00023328403322859495
lib site packages,0.00023319925625095921
phone fax numbers,0.00023315086823032222
kaiser,0.00023310548547480914
ceas,0.0002330900496266792
money kin,0.00023308032166355258
provide details,0.0002329959607945811
mobutu,0.00023295314779643104
ir,0.00023290003461778896
million seven thousand,0.00023289267083116046
ht,0.00023286165582361555
dojo,0.00023279420927214115
applicants,0.0002327179070653379
168,0.00023267917582739424
02 12,0.00023267001013207634
department bank,0.0002326451484232623
formatting,0.00023263919871815603
20 total sum,0.00023260752553292788
compiz fusion,0.00023249308169689424
permissions,0.0002323793435607553
hopefully,0.00023236540305117366
receive additional,0.0002322292691924606
particulars,0.00023215299937267685
192 168,0.00023199207471778175
feb 27,0.000231942482808635
feeds,0.00023188396957031287
terms conditions,0.00023185102647868284
pcs,0.00023166132423066356
vast,0.0002316401521315529
fund transfer,0.0002316229514577727
capability,0.00023161915731442645
type multipart alternative,0.0002315867584645619
economy,0.0002315731661008828
shape,0.00023154848623478617
label,0.00023131712255346004
family members,0.0002312421660985298
detection,0.00023122139207816856
easy install,0.00023117600376319124
accumulated,0.00023117101696595155
advertisers,0.00023113763552165163
hire,0.00023080193543367785
receive funds,0.00023073890776208477
bridge,0.00023064030777710293
using python,0.00023053146238368821
20 10,0.00023043307304508777
partial,0.00023041792652744942
corn,0.00023037514381514163
ieee,0.00023028549104712795
recommendation,0.0002302850125315302
encryption,0.0002301411361472876
write letter,0.00023001775634658777
dl,0.0002299169578951585
republic south,0.00022991579636820535
republic south africa,0.00022991579636820535
bear,0.00022986853027529247
mr john,0.0002298243964954521
ontology,0.0002297186024223792
foo foo foo,0.00022955120324999345
verizon,0.00022949907306376574
typeerror,0.0002294755689871642
regression,0.00022942896557889115
iron,0.0002293462630661411
tel fax,0.00022933344370827972
developments,0.00022907884309892598
participate,0.00022904939015350076
forth,0.00022902625058827852
a0,0.0002290104820057995
username password,0.000228568085905557
manufacturing,0.00022843294494820298
28 10,0.0002284080652135786
usr share,0.000228354905276646
inst,0.00022815499827156263
challenges microsoft,0.00022811991189602718
defy,0.00022811991189602718
defy challenges,0.00022811991189602718
sponsored microsoft defy,0.00022811991189602718
microsoft defy,0.00022811991189602718
microsoft defy challenges,0.00022811991189602718
challenges microsoft visual,0.00022811991189602718
defy challenges microsoft,0.00022811991189602718
hard drive,0.00022805192254134649
mail address email,0.00022788914573156825
usable,0.00022755174481684925
thanks help,0.00022746500945631935
compliant,0.00022737993196319763
ultimate,0.00022735215695628857
attitude,0.00022723221608131745
dump,0.00022712512635369457
street suite,0.00022707991863537766
rr,0.00022705862029181895
vulnerable,0.0002268592368486644
company does,0.00022682340791393312
heat,0.00022670619477504358
lived life,0.00022665550808792994
pop3,0.00022661707248339353
amsterdam,0.0002264598123998034
10 pm,0.00022630522171573352
matches,0.0002262814890898862
layer,0.0002262713325695296
212,0.00022614595009097196
make use,0.00022595063446148087
backups,0.00022593129035911483
manager bank,0.00022588908743247479
oral,0.00022586828521260798
maori,0.00022577027555096708
investigation discovered,0.0002257047505327412
codes,0.00022551489266930274
confused,0.00022551317207099
tip,0.00022541304588245996
create new,0.00022539219921729122
message checked avg,0.000225370437064834
checked avg,0.000225370437064834
virus database,0.000225370437064834
brand new,0.00022536625062617531
yum,0.00022505169659030094
scanning,0.0002249818213829702
send message,0.00022497644711825995
ipod,0.00022482640020882993
nose,0.0002247771709252088
apply bank,0.00022472988404527214
guidance,0.0002246791156834279
keynote,0.00022462106103245233
25 total,0.000224582247526036
line future,0.00022452662444390488
subject line future,0.00022452662444390488
correspondence issue,0.00022452662444390488
ticket created,0.00022452662444390488
new ticket created,0.00022452662444390488
new ticket,0.00022452662444390488
line future correspondence,0.00022452662444390488
future correspondence issue,0.00022452662444390488
120,0.00022444657396529792
chain,0.00022440090827798226
argv,0.0002241484428617588
discuss modalities,0.00022407930871876097
beneficial,0.0002240592992593103
religious,0.00022381583440870222
played,0.00022379310710540662
wife children,0.00022367180762145148
graduate,0.00022354813237636143
url log,0.00022323173144013752
blocks,0.00022298003379426555
information death,0.00022297002873198287
got information death,0.00022297002873198287
entitled,0.00022277464837728078
workbench,0.00022265289251698197
viewed,0.00022263976162029164
rf,0.00022248816761891459
coding,0.0002223459838073814
96,0.00022227407392148458
australian,0.0002221997124437175
sched,0.00022219390513254306
multipart alternative boundary,0.00022215847100621062
alternative boundary,0.00022215847100621062
come claim money,0.0002221155465014401
sata,0.0002220294549252289
18th,0.00022199071689840854
tells,0.00022196731949918373
packaging,0.0002219291988757559
dcc,0.00022177651127344236
auth msa,0.00022177102494346619
ann,0.000221694959155718
30 pm,0.00022157892307709406
beijing,0.00022153784539558915
occurred,0.00022146384134014277
incomplete,0.00022145871626969878
don forget,0.0002214472012636199
spare,0.00022144509537590272
meta,0.00022136942154610926
integrate,0.00022123525746165743
x11,0.00022121138553819655
sides,0.0002211516133099999
assist transaction,0.00022113337841563825
fh,0.00022112951816378323
foreign customer,0.0002210950984987731
aaas,0.00022108576242252435
cvsroot,0.0002209990421311164
retrieving revision,0.0002209990421311164
era,0.00022090722008389222
square,0.00022084007537945854
daemon,0.00022082426956691797
orlando,0.00022081926720330622
yu,0.00022069774938814963
600,0.00022066651374972777
information account,0.00022064841422637766
amaury,0.00022058711237529267
leads,0.00022043030635852874
cup,0.00022042893192561014
constantinople,0.00022038594883096494
macro,0.0002203822383863212
materials,0.00022026570265091622
feb 27 2008,0.00022023375580623175
settle,0.00022022504698886026
transaction 100 risk,0.00022019065239838173
ve just,0.00022012819983692304
spambayes spambayes,0.00022002460831279324
dennis,0.00021976885554975776
temperature,0.00021963452490828634
needham ma 02494,0.00021959084848772198
techtarget rights,0.00021959084848772198
02494,0.00021959084848772198
117 kendrick,0.00021959084848772198
kendrick,0.00021959084848772198
ma 02494,0.00021959084848772198
needham ma,0.00021959084848772198
needham,0.00021959084848772198
techtarget rights reserved,0.00021959084848772198
walk,0.0002195403446837124
validation,0.00021952161199542442
fri feb,0.0002194879966895784
i586,0.00021947139601388325
earned,0.0002194247216050431
money paid,0.00021942142215495653
closes,0.00021942040690671357
parse,0.00021941631348860864
117 kendrick street,0.00021932522005397746
kendrick street,0.00021932522005397746
2008 techtarget,0.00021932522005397746
2008 techtarget rights,0.00021932522005397746
inherit,0.00021909489428988924
acquire,0.000219041665383502
announcing,0.00021897591477474198
electronically,0.0002187790668709871
pour,0.0002187634478625178
draw,0.00021866885625825965
civil servants,0.00021856579029340365
62,0.00021851833911687776
began,0.0002184500047567637
unsubscribe requests,0.00021831455922633077
prepare necessary,0.00021808288851674155
phones,0.0002179840449381116
displayed,0.00021791791952386908
threat,0.00021791541412121372
stroke,0.00021790077632909423
need make,0.00021782734490093764
entries,0.00021766446937169934
learning workbench list,0.0002176307805749242
machine learning workbench,0.0002176307805749242
weka machine learning,0.0002176307805749242
weka machine,0.0002176307805749242
workbench list,0.0002176307805749242
learning workbench,0.0002176307805749242
conduct,0.0002175238883478737
150,0.00021751408119629692
propagating,0.00021750746143038682
pdf format,0.00021748121819618746
url special offer,0.0002168858348408623
rose,0.00021674052522687226
nigerian national,0.00021672357668459487
esq,0.0002166974808351427
university technology,0.00021642254016686693
strict use,0.00021622326286884375
use strict use,0.00021622326286884375
ny apply,0.00021619800607650819
seminar,0.00021610661604383572
subjects,0.00021606360852919167
ll need,0.00021597841263072874
il,0.0002159734367011896
standing,0.00021590916273261625
mary,0.00021588188969848688
home directory,0.0002157436143003752
bugzilla,0.0002156880018321504
departments,0.0002155513352445726
retail,0.0002155381751735462
domestic,0.000215483874490805
com email,0.0002154427789267175
relays,0.00021527064585607795
message date fri,0.00021520844534575397
themes,0.00021512852485691417
finance security,0.00021502177118416552
burner,0.00021493822544688896
clock,0.000214776877994338
authorization,0.00021476184204369275
date thu,0.00021473196483818324
lpnmr,0.00021457410026174973
worried,0.00021455933268290948
money security,0.0002144910297622144
text application,0.0002144063518901441
identify,0.00021439569900156416
wietse venema wrote,0.0002143938866629764
venema wrote,0.0002143938866629764
operate foreign,0.00021438360285998997
dovecot,0.00021438186659229137
undergraduate,0.00021437389539578816
integral,0.00021430304367160244
address telephone fax,0.00021412766034045473
senders,0.00021401817789175727
directors,0.0002139214335984657
bank bank,0.0002135484666007044
database 269,0.0002135287160562266
virus database 269,0.0002135287160562266
beneficiary kin,0.0002133924721024702
boston ma,0.00021339071930642225
banking law,0.00021326413636430766
does allow,0.00021325367713358073
backend,0.00021312654169388604
minor,0.00021284233803625782
email send,0.00021283330782997576
robotics,0.00021282013564821186
locale,0.0002128002218045229
factory,0.00021278640677800645
information death expecting,0.00021271724560420206
expecting kin,0.00021271724560420206
death expecting kin,0.00021271724560420206
death expecting,0.00021271724560420206
15 48,0.00021267023857798558
responding,0.00021263397757345258
6th,0.00021257203370882283
probate,0.00021236607121146673
rfc822,0.00021235648897849831
spool,0.00021229804467495967
wrote thu,0.0002122968916015234
privacy promise,0.0002122964680437688
imperial,0.00021227134476205502
untimely,0.0002121993638291886
kaiser memoirs,0.00021213973868997315
trusting,0.00021205880318499626
tons,0.0002120252844116938
269,0.00021194284366947067
paid account,0.0002118400389523063
c3,0.0002117810199222483
bash,0.00021177066381627808
uv,0.00021167878989033744
privilege,0.00021154251204393967
applies claim,0.00021135752281765653
com url,0.00021135312559854015
special offer url,0.00021134155170195325
precisely,0.00021125701103191417
feb 28,0.00021114068353354413
investigate,0.00021113804118216224
venus,0.00021107830301132647
configurations,0.00021103287475846336
schranner,0.00021103055059051496
weeks old,0.00021098844745753604
coffee,0.00021079989920447435
know going,0.00021069959789349156
14 2008,0.0002106054305696847
edu,0.00021059311903424827
development bank adb,0.00021057087042228523
literature,0.00021041189948757034
search reliable,0.0002104083629073184
v5,0.00021035011101936248
tail,0.0002103497761919123
tie,0.00021017436951962528
sr,0.0002101435433666018
converting,0.00021007654028493963
76,0.00021005019676513965
pm url,0.000210041309613961
widow,0.00021003204188935163
saves,0.00020992761076088455
web based,0.00020988456208672357
running perl,0.00020980001484622064
abidjan cote,0.0002097465596775642
1300,0.00020973114796330212
private security,0.0002096635865089626
pressure,0.00020944589397971816
month notice,0.00020943172284290938
month notice increase,0.00020943172284290938
log message,0.00020925114923612382
10 set,0.00020921022627944257
address got,0.0002091619952520872
fraud,0.0002090395087348172
ended,0.00020900305568677366
firms,0.00020890221265046038
vb,0.00020886970906271662
electric,0.0002088509376666747
rbl,0.0002087063469478977
message subject,0.00020864761342975893
optimisation,0.00020860785870377888
comparison,0.00020859664592875291
survey,0.0002084512558817442
attorney prepare,0.00020843451325198292
attorney prepare necessary,0.00020843451325198292
hostile,0.00020840450636060688
turkey,0.00020834890543003294
publications,0.00020832931140735248
paths,0.0002082834900987153
preview,0.0002082548701714598
factor,0.0002082175411534521
lowest price,0.00020816956104158268
difficulty,0.0002081392760895002
succeeded,0.0002081058105814928
natural resources,0.0002080636523206026
handed,0.00020805651164556207
belongs foreign,0.00020792547839822856
theatre,0.00020787726422769672
authenticated,0.00020780780115421267
tl,0.0002076800554972224
world war,0.00020764441581951315
bring notice,0.00020745744592179865
confidence hope,0.000207433597999542
01 2008,0.00020735614975767998
10 set aside,0.00020733359938080313
continues,0.000207244217183935
profession,0.00020716837196424218
clearance,0.00020698643214745358
laser,0.0002069692414457388
banking guidelines,0.00020696199815376456
fax number easy,0.00020680061571658184
orig,0.00020680014270955173
signs,0.00020675383494636368
want receive,0.00020669930872716763
spam status,0.00020653729277382967
pricing,0.0002064667612097907
fax email,0.00020645755057044224
sized,0.00020639884348791715
acquisition,0.00020626238600950948
locating,0.00020616965007326613
reilly,0.00020602712532230934
sat feb,0.00020579020695640752
svnversion,0.00020552212589170876
end year,0.0002054460451316946
miscellaneous,0.00020543126775048807
willed,0.0002053446805476065
funding,0.0002053283711750211
precise,0.00020530111766528758
jp,0.00020522999577078118
parsing,0.00020522662524992663
japanese,0.00020520819633337598
raising,0.00020508516845561182
dearest,0.00020504337198813834
claim money release,0.00020485130752777674
release unless,0.00020478621949772586
discovered abandoned,0.00020461577907518108
engineers,0.0002045712248924918
honor,0.0002045310335259686
spot,0.00020437349580509887
scripting,0.00020429817132881258
securities,0.00020415047026503896
learn url,0.00020409260028894232
searchnetworking,0.00020384164593309931
adaptive,0.00020362246903843776
burn,0.00020343887484350568
inline filename,0.0002034087852206616
disposition inline filename,0.0002034087852206616
beneficiary fund,0.00020333727144168645
writer,0.0002033108919172368
distance,0.00020326145849051548
peer,0.00020310585936750015
confirmation mail,0.0002030732912731083
internals,0.00020303757827064013
institution,0.00020299092715288667
parallel,0.0002029507323738367
24 10 30,0.00020290784497773047
jeffrey,0.0002028095863279057
percentages,0.00020275635855614483
cleanup,0.00020275322342834558
invoke,0.00020271324034262117
extreme,0.0002026312652431306
stipulates,0.00020254274770944902
lc,0.00020248563214603422
member services,0.00020248428178185472
share ratio,0.00020224585458773116
clone,0.00020218381797151492
pm url email,0.0002021764852725951
loops,0.0002021737098912038
revised,0.0002021733737064949
overhead,0.000202058558759372
pdt,0.00020188714924036083
variogram,0.000201882728074803
cluster,0.00020186942239428315
graph,0.00020186700435254748
careful,0.0002015290661420674
universit,0.00020148049408639677
knowledge representation,0.00020136762280422146
number private,0.00020134119872968064
c2,0.00020127518326737767
faculty,0.00020107495971023476
workbench list message,0.00020098705911718588
list send,0.00020098613013263774
account provide,0.00020095341102322498
chamber,0.00020083427885726548
daddy,0.00020076146965997805
productivity,0.00020075411219410517
pattern recognition,0.00020056117884934872
gateway,0.00020055114201890365
hosted,0.00020052813739694246
edition version,0.00020046990901822337
void,0.00020037716835358987
replacement,0.0002002056671907326
knowledge discovery,0.00020003316448481722
frequent,0.00019985485688109872
iraqi,0.00019983864091994698
change mail,0.00019976958081105662
abc,0.00019952541162737066
bluetooth,0.0001994695528140708
notification acceptance,0.00019945490645751113
logged,0.00019933582620340634
resulted,0.00019932195716980777
bank deposit,0.00019927029079593058
edinburgh,0.00019925935671403838
subject python win32,0.00019922201023987284
trademark,0.0001991964522121172
aws,0.00019914509133527535
francisco ca,0.00019912813472985512
san francisco ca,0.00019912813472985512
neural networks,0.00019912338086706222
station,0.00019911474220639394
mini,0.0001990213172941021
ultimately,0.0001989851505738112
unclaimed fund,0.00019895094617311158
efficiently,0.00019885064117709607
network engineer,0.00019879040216787454
archives url,0.0001987645000431613
relating,0.00019866560056785388
account belongs,0.00019862012775002079
account belongs foreign,0.00019862012775002079
huge sum,0.00019845834541872177
newsletter published,0.00019845825106778238
relation deceased indicated,0.00019845429631269753
flush,0.00019839683130578714
bin perl,0.00019838405884853468
13 pm,0.0001983111057694868
contact customer,0.0001981990057043687
categories,0.00019803041133432416
assumed,0.00019789952692902038
indexing,0.00019783760422082457
unlike,0.00019762124283496547
controls,0.00019760398585727063
loa,0.0001975375254721464
icml,0.00019753064469451342
peter reutemann,0.0001973903975956919
reutemann,0.0001973903975956919
silverlight,0.00019736876547552567
titles,0.0001973172950100256
caller,0.0001972267675646428
24 2008,0.00019715478889946144
mailings time confirmation,0.00019712163955463484
mail sent request,0.00019712163955463484
unsubscribe requests 24,0.00019712163955463484
mailings time,0.00019712163955463484
time confirmation,0.00019712163955463484
sent request successfully,0.00019712163955463484
note unsubscribe,0.00019712163955463484
member services 117,0.00019712163955463484
request successfully processed,0.00019712163955463484
request successfully,0.00019712163955463484
suite 800 needham,0.00019712163955463484
note unsubscribe requests,0.00019712163955463484
suite 800,0.00019712163955463484
services 117,0.00019712163955463484
services 117 kendrick,0.00019712163955463484
requests 24,0.00019712163955463484
receive additional mailings,0.00019712163955463484
additional mailings,0.00019712163955463484
800 needham,0.00019712163955463484
time confirmation mail,0.00019712163955463484
hours process,0.00019712163955463484
additional mailings time,0.00019712163955463484
confirmation mail sent,0.00019712163955463484
process receive additional,0.00019712163955463484
800 needham ma,0.00019712163955463484
24 hours process,0.00019712163955463484
hours process receive,0.00019712163955463484
successfully processed,0.00019712163955463484
process receive,0.00019712163955463484
requests 24 hours,0.00019712163955463484
money release unless,0.00019686445622073905
web site techtarget,0.00019678171491661588
street suite 800,0.00019678171491661588
targeted web site,0.00019678171491661588
site techtarget,0.00019678171491661588
url note unsubscribe,0.00019678171491661588
com targeted web,0.00019678171491661588
kendrick street suite,0.00019678171491661588
com targeted,0.00019678171491661588
copyright 2008 techtarget,0.00019678171491661588
unsubscribe url note,0.00019678171491661588
targeted web,0.00019678171491661588
seven million,0.0001966028598683622
andreas schranner,0.00019650769934659705
s3,0.00019646012976192695
python25 lib,0.00019644927495342593
labels,0.00019637313067334808
override,0.0001963248306298398
nightly,0.00019628452412568596
foreign remittance,0.00019624701820038557
clima,0.00019621337111798437
toshiba,0.00019605821664970486
robust,0.00019588695023453097
limited time,0.00019572531536501942
falls,0.00019572182179045962
cmp,0.0001956799646975515
sent thursday,0.00019563935214228585
universe,0.00019555932519688975
cisco,0.00019554919715159525
asap,0.0001955219782628898
services llc,0.00019539205900803632
questions comments,0.00019536238080046636
hacker,0.00019533715442747983
discovered abandoned sum,0.00019531506406302837
fail bring notice,0.0001952661354716822
fail bring,0.0001952661354716822
dialogue,0.00019526537968163555
soccer,0.00019524315626012864
optimizing,0.00019516603190657982
config file,0.00019507499996262193
theater,0.00019501990164086497
dataset,0.00019490859240953282
229,0.0001947463413173233
decided make,0.00019466162898513145
visit country,0.0001945784532052552
135,0.0001945449440946975
onward,0.00019454407157604568
thanks god bless,0.00019450993716808718
thanks god,0.00019450993716808718
large scale,0.0001944277484306181
focused,0.00019434955953302562
goals,0.0001939239520348429
sum 10,0.0001939103914673825
unsure,0.00019387970098239257
09 2008,0.00019382684578092877
temporal,0.00019379860716310643
improvements,0.00019352980147979072
url links url,0.00019348060002597245
paper url,0.0001934725329056063
strict use warnings,0.00019343545455528552
beneficiary funds,0.00019340160046926519
republic congo,0.00019339039719151112
counts,0.00019331599940575903
unexpected,0.00019321133341172026
08 2008,0.00019319939791273365
address subscription,0.00019308631571364427
scientist,0.00019305310347450468
sed,0.00019302230760259996
micro,0.00019300950775941753
robert mugabe,0.00019295614939695134
lxml,0.0001925287112260857
enabling,0.00019252758907715986
ignoring,0.0001925232001303208
regularly,0.00019245537383219977
incurred process,0.00019231909403039633
subscription email,0.00019225497660714562
applies kin,0.00019223595603460076
chemical,0.0001921827827705968
221,0.0001921449389887964
listen,0.00019212372991743673
serving,0.0001920165067824545
tp,0.00019192140638492558
crop,0.00019188798686576629
email subscribe,0.00019185263237766757
lib perl5,0.00019180115762832545
02 14,0.000191539822364085
swift,0.0001915080360910675
died plane,0.00019147395811701628
died plane crash,0.00019147395811701628
indicated banking guidelines,0.00019145563645329929
presenting,0.00019116848262994935
belonging,0.00019108118094148367
eq,0.00019098249015685065
knowledge management,0.00019096268697779166
manufacturer,0.00019090305455244153
pst,0.00019081669516613848
2007 07,0.00019059988647194892
postfix smtp,0.0001905237897945149
accordance,0.0001905153738308847
trained,0.00019031405329743092
experimental,0.0001902969268980714
structured,0.000190223116262887
penis size,0.00019018842193534684
showers,0.00019018790948528445
shopping cart,0.00019007194422832326
did declare,0.00019001652347202963
quantity,0.0001900076976472187
sensitive,0.0001899793039031263
insights,0.00018997794476691192
belgium,0.00018992356768797003
web server,0.00018981598792020677
collaboration,0.00018980711457586757
contribute,0.00018965247185383514
require assistance,0.00018924800226105846
email received,0.0001890838038796759
1024,0.0001890448046953668
delayed,0.00018904046360500423
cent,0.0001890355096505856
type message,0.00018890492927059078
principles,0.00018886822205227912
220,0.0001888396431271323
business opportunity,0.00018879599059858486
cc email subject,0.00018877369405146166
release money,0.0001887645403895442
perspective,0.0001886918720718708
observe,0.0001886183783632979
psychology,0.00018861141070822127
illinois,0.00018861138371608813
change options url,0.00018853596947348135
info subscribe unsubscribe,0.00018853596947348135
info subscribe,0.00018853596947348135
unsubscribe change options,0.00018853596947348135
url list info,0.00018853596947348135
change options,0.00018853596947348135
civil service,0.0001885271767044386
laurent kabila,0.00018841137764994835
operator,0.00018824654157186083
reply immediately,0.00018799933805677157
structural,0.00018796938304704408
finds,0.00018794041510813118
reviewing,0.000187926962922635
right away,0.0001879183368340828
executable,0.00018786344479669955
00 million thousand,0.000187839921192736
don want money,0.00018774928759114948
spamhaus,0.0001877363294477213
majority,0.00018763865399950351
cvsroot spambayes,0.00018761032280942627
joshua,0.00018758931307729417
format url,0.00018757832413898547
err,0.00018755667314889678
reply send,0.00018754417375705415
minerals,0.00018749235643171223
names address,0.0001873946120922714
thinks,0.00018737535749103123
discussing,0.0001872731370117489
university college,0.0001871114049309596
discuss story,0.0001870621498938196
discuss story url,0.0001870621498938196
ext3,0.00018691338934528873
vice chancellor,0.0001866581232043505
matt,0.0001866368012200566
url view,0.00018662807966096426
content type message,0.00018658378548441158
ezm,0.00018658378548441158
message rfc822 content,0.00018658378548441158
message rfc822,0.00018658378548441158
inline filename beginners,0.00018658378548441158
type message rfc822,0.00018658378548441158
rfc822 content,0.00018658378548441158
rfc822 content disposition,0.00018658378548441158
filename beginners,0.00018658378548441158
40 00,0.0001862816769121206
doyle,0.000186259830159962
incredibly,0.00018615950456359664
headlines,0.00018604151178068775
million united state,0.00018560113102021405
expressed,0.00018554289481576876
premier,0.00018553757071675743
absence,0.0001854479955298702
malaysia,0.00018544413658837364
accurate,0.00018528777319756312
closer,0.0001852732916845019
seven days,0.0001851680647864874
supposed kin,0.00018486581641219462
observe utmost,0.00018456658899584954
users list,0.00018456512383131657
compliments,0.00018454582589729062
collaborative,0.0001844662273982547
checked avg free,0.0001844526071096563
bd,0.00018442575016709614
11 11,0.0001842642159354399
samsung,0.0001842349806507569
transfer funds,0.00018419814732134428
mas,0.00018408874383724292
sign free,0.00018402072721030973
generalized,0.00018383296324411325
uae,0.00018359412920936562
elements,0.0001835388697335932
url update,0.00018347720607596622
incorporate,0.00018338732404645614
help understand,0.00018332701451195224
regulations,0.0001833164402040513
request foreigner,0.00018324930347312724
92,0.00018317815423583652
conferences enterprise professionals,0.00018281312510750694
enterprise professionals copyright,0.00018281312510750694
offers magazines,0.00018281312510750694
newsletters webcasts conferences,0.00018281312510750694
magazines web,0.00018281312510750694
magazines web sites,0.00018281312510750694
newsletters webcasts,0.00018281312510750694
conferences enterprise,0.00018281312510750694
sites newsletters webcasts,0.00018281312510750694
offers magazines web,0.00018281312510750694
professionals copyright,0.00018281312510750694
enterprise professionals,0.00018281312510750694
web sites newsletters,0.00018281312510750694
techtarget offers magazines,0.00018281312510750694
webcasts conferences,0.00018281312510750694
techtarget offers,0.00018281312510750694
sites newsletters,0.00018281312510750694
webcasts conferences enterprise,0.00018281312510750694
dollars branch,0.0001827890156449359
real world,0.00018278678050845205
formats,0.00018270772827671159
outcome,0.00018265798899934208
extend,0.00018262756983812705
web application,0.00018262077848953885
streams,0.00018261737365024493
url subscribe,0.00018260225157939387
professionals copyright 2008,0.00018249136325299315
technique,0.0001823938474378769
transfer money account,0.00018239083415606979
mailq,0.00018235915146408446
inspired,0.00018232754109471778
rough,0.00018231608180993163
typing,0.000182243476286892
silver,0.00018222434228536388
dying,0.00018209649125887594
ultra,0.00018206889375893025
ve tried,0.00018194424612988955
city state,0.000181823795283507
url internet,0.0001817390678743473
stipulates money remained,0.0001816172267325312
money remained,0.0001816172267325312
stipulates money,0.0001816172267325312
personality,0.00018149294384374397
wrote trying,0.00018138239171545
utmost secrecy,0.00018137044161035547
email message id,0.00018136261670130546
1800,0.00018122445367004824
cnet networks rights,0.00018119576659764934
networks rights,0.00018119576659764934
networks rights reserved,0.00018119576659764934
strategies,0.0001809655399024841
url information,0.00018072478739644964
mandated,0.00018057437464569698
co2,0.00018032073025545174
learnt,0.00018010993840695953
semantic web,0.00017997540704637677
nok,0.00017992210418178622
cds,0.00017985095849970258
animals,0.00017977366983694217
linking,0.00017973069859760532
decline,0.0001795630073852957
animal,0.00017955193162935457
expecting kin come,0.00017942926933130324
goto,0.00017929560443090598
arrest,0.0001790989689334269
12 00,0.00017900870971717005
want make,0.0001787765608289095
wired,0.00017872364326328125
windows live,0.00017870426109958947
explaining,0.00017857425515874168
programmer,0.00017837162859057475
throw,0.00017836750884025983
responded,0.00017835694332411745
rest assured transaction,0.00017819474254689307
assured transaction,0.00017819474254689307
corrupt,0.00017818165478888188
teaching,0.00017806006106831486
9a,0.00017791083067137281
country disbursement,0.00017770710953654434
visit country disbursement,0.00017770710953654434
analyst,0.00017763505086816796
newbie,0.00017762458870195237
msa ip,0.00017758576794795318
auth msa ip,0.00017758576794795318
magazine news,0.0001775853002432785
imprecise probabilities,0.00017728290960094414
free entertain,0.00017710828157045783
portugal,0.0001770731739277157
hdd,0.00017705879726753087
debate,0.00017702038893760823
25 000,0.00017694879705386634
roi,0.0001767834209056775
release money kin,0.00017659005519886958
latest version,0.00017654617178759134
bin usr,0.00017649048223527673
sare,0.00017608512266441802
pentium,0.00017597355824342567
unless somebody,0.00017583883985681888
jr,0.00017552573340797936
effective communication,0.00017543686298959993
2008 02 14,0.00017538368868171025
com member,0.00017532462620520355
department discovered,0.00017529635721157274
applies kin relation,0.00017508623542773988
15th,0.0001749993823863737
status web,0.00017493664984097389
gzip,0.00017465446829512818
israel,0.0001745156617324597
conventional,0.00017438109434120155
keywords,0.000174350727744801
shall require,0.00017432081907741177
specialist,0.00017422920292119957
spin,0.0001742161728982149
emailing,0.00017413018490000607
url 20,0.00017412075528195923
templates,0.00017407383162049695
mx record,0.00017401219026725603
local lib perl5,0.00017400068724151934
a3,0.0001739987731790044
nj apply,0.00017345252690200374
203,0.0001734166597569746
reducing,0.00017332319459129606
classification,0.00017328662429655023
20pm,0.00017319600841816414
ghz,0.0001730793748325047
facing,0.00017296074244043758
puts,0.00017291859183311232
subject change,0.00017284208915712318
les,0.0001727019893464222
psf,0.00017268723451070578
remittance department,0.00017264661196820364
computational intelligence,0.00017262448355570407
architect,0.00017256282199197112
doug,0.0001725548268347185
bold,0.00017253234434321397
computer science university,0.00017236975366038344
data set,0.00017222548221264397
hewlett,0.0001722044485632668
25 000 000,0.00017218169902300594
12th,0.0001720146977900203
url visit,0.0001719243065338854
branch maturity,0.00017188995225866135
methodology,0.00017179136959372208
mapped,0.00017174891328714832
people like,0.00017161188852340053
url redhat,0.00017140654269769568
hormone,0.00017136770140461152
motion,0.00017131854488879115
language processing,0.0001712138791830576
searchnetworking com,0.00017118316548432936
conjunction,0.0001710727035373744
disease,0.00017100261978342878
morgan,0.00017095230901852988
claim discovery,0.00017093667235242211
software engineer,0.00017082115076055376
declare kin,0.0001706526049383649
did declare kin,0.0001706526049383649
limitations,0.00017060162327781165
editorial,0.0001706011161526499
crypto,0.00017057326858961586
army,0.00017051337056597026
plays,0.00017028425653690658
bank account number,0.0001702699847761827
15 feb,0.00017006143365338525
15 feb 2008,0.00017006143365338525
fri 15 feb,0.00017006143365338525
fri 15,0.00017006143365338525
things like,0.00016988538704390842
treasury unclaimed fund,0.00016986365224048422
ui,0.00016979163690958562
zdnet,0.00016976196179816584
amz,0.00016972884262663395
significantly,0.00016971116930379244
amazon com,0.0001696336624855417
street san,0.00016960318045437686
ontological,0.00016959051233341602
jersey,0.00016940071957569685
cameras,0.0001693772660337488
prepare necessary documents,0.00016926415223024525
wave,0.00016925643239802803
figures,0.0001691942100338772
url popular,0.00016908917577067593
send fax,0.00016908839877005283
ssp 02,0.00016883722683623924
science technology,0.0001688332063151612
kin business,0.0001688010612782351
safety subsequent disbursement,0.00016874512671035292
safety subsequent,0.00016874512671035292
customer foreigner,0.00016866324197746727
kin come claim,0.00016866324197746727
routing,0.00016865588613854717
producing,0.00016862322296510877
classifier,0.00016835217260183224
locals,0.00016835138197837627
lecture notes,0.00016822271912350997
2008 47,0.00016812410627131355
integrity,0.00016808852479752257
free newsletters,0.0001680035300109811
person knows,0.0001675316857898623
css,0.00016752017335702906
hitch free entertain,0.0001674954551715144
contest,0.00016747145122450024
bind,0.0001674411959636007
forfeited,0.00016729987610426516
story url links,0.00016711118072353234
1200,0.00016681413076027025
syslog,0.00016677751584830603
simon,0.00016670323201896904
podcasts,0.00016660681769589908
fundamental,0.00016660650980529373
labor,0.0001666060872588127
asp,0.00016650364741834965
safari,0.00016646605473814836
cambridge,0.00016646493976035892
urban,0.00016646009510658412
forecast,0.00016642735360768084
schwab,0.00016639483697867711
demonstrate,0.00016636650889341543
30 money,0.0001660641020300401
cpp,0.00016605273150908196
account opened,0.00016583864667949898
subsequent disbursement coming,0.0001658336630858909
disbursement coming,0.0001658336630858909
methodologies,0.00016569464028123607
macos,0.00016565406570303454
88,0.00016561961612253086
rcvd,0.00016544632795589484
alias maps,0.0001651955986202783
fly,0.00016516767542997462
builder,0.00016516157136663926
work fine,0.00016509491573468802
release unless somebody,0.00016504281061811079
file python25,0.00016488723135123966
usr sbin,0.00016479105004993388
simplify,0.00016467733440758968
university usa,0.0001645317664506779
40pm,0.00016434204354331917
100000,0.00016434091777755327
information retrieval,0.0001641853210954753
consultants,0.00016395904094262113
universiteit,0.00016381033080848623
dollars account belongs,0.00016380203393303257
money approved,0.00016369968835495917
dsn,0.00016355628046324578
communities,0.00016347073164706022
pda,0.00016318042397163825
formatted,0.00016316549667493583
address subscription email,0.00016315095173214945
77,0.00016309218006778492
visit url email,0.000163089907151437
append,0.0001630779381232597
heatsink,0.0001629219437585225
bristol,0.0001628547765607631
smoothly,0.00016276253175932995
sentence,0.00016270934255125744
512,0.00016266516775036616
19 13,0.0001626164175532997
iles,0.00016258947410728608
primarily,0.00016257701537915865
var spool,0.00016222968175687457
knows account,0.000162159444651898
providers,0.00016212789298420224
math,0.00016211486258679272
department discovered abandoned,0.0001621065463503334
feb 2008 12,0.00016207841691549536
web browser,0.0001620339093698391
delivers,0.00016203056196599839
entertainment,0.00016199221595605563
account security,0.00016174216509413187
natural language processing,0.00016165931621502493
foreigner stand,0.00016162594793367113
isa isa,0.00016158682898462446
quarter,0.00016155009264123913
belongs foreign customer,0.00016137977339904762
shall provide,0.00016131205150572735
shall provide details,0.00016131205150572735
python25 lib site,0.00016125312524986854
san jose,0.00016125090318742637
similarity,0.00016110066323167066
invest share,0.00016090660929580437
data integration,0.00016088686789988597
ol,0.00016087532250927075
prototype,0.0001608677346572925
komodo,0.0001606666593414285
perl v5,0.00016064533880729806
residents,0.0001605820548936637
enhance,0.00016036093665469173
accessing,0.00016029235350983526
faces,0.0001600814916553903
world wide,0.00015981609721567392
s1,0.00015978619734785703
consortium,0.0001597567288071854
date sat,0.0001597566471907899
unfortunately learnt,0.0001596102530845999
00 01,0.00015935956393966293
sharp,0.00015934379672513833
educational,0.00015918065700926574
stdout,0.00015878502217809914
2008 cnet,0.00015872692737625637
image processing,0.00015834823163547694
money bank treasury,0.00015824037918088475
want money bank,0.00015824037918088475
foreigner kin business,0.00015821667256044284
foreigner kin,0.00015821667256044284
marriott,0.00015821288251131465
probability theory,0.0001581235194130618
kin foreigner,0.0001579774886764468
stand kin foreigner,0.0001579774886764468
net url,0.00015796567180166352
fact customer foreigner,0.00015794473642841828
fact customer,0.00015794473642841828
enable immediate,0.00015794473642841828
boxplot,0.00015767571065524686
fifth,0.00015759953324575386
blind,0.00015726521602992943
girth width,0.00015707379213218204
benefits month,0.00015707379213218204
size inches,0.00015707379213218204
inches plus,0.00015707379213218204
inches plus increase,0.00015707379213218204
increase girth,0.00015707379213218204
increase girth width,0.00015707379213218204
size inches plus,0.00015707379213218204
plus increase girth,0.00015707379213218204
plus increase,0.00015707379213218204
plus benefits month,0.00015707379213218204
plus benefits,0.00015707379213218204
supervised,0.00015689226886096924
00 usd,0.0001568691877135711
noticeable,0.00015683414679143912
sizes,0.00015681145865224143
list reply,0.00015669006130849752
designs,0.0001564703950206726
user interfaces,0.00015641976988995754
massachusetts,0.00015618245675625369
money remitted,0.00015602023630522966
derived,0.00015593340173816376
clustering,0.00015589197387049238
information visit,0.00015582965891973652
suspend,0.00015569035731985073
include limited,0.000155556084673251
spam relays,0.00015554729224467997
cvsroot spambayes spambayes,0.00015549047152578236
86,0.0001554888396570768
search engine,0.00015545862134213787
2007 14,0.00015543598881310227
immediately soon,0.0001552733213919934
immediately soon receive,0.0001552733213919934
arbitrary,0.00015518565216997459
change notice,0.00015518455224258426
thu mar,0.00015487450554329995
evolution,0.0001547591737467851
cells,0.00015460326868134295
mixed,0.0001545973900031889
subscription email unsubscribe,0.00015455259734914706
linguistic,0.00015454122796997082
immediate transfer,0.0001543800864907286
af6,0.00015431464964513496
web applications,0.00015429299973159972
awareness,0.00015407540458149872
crash leaving,0.0001539542475897702
plane crash leaving,0.0001539542475897702
rights reserved unsubscribe,0.00015389867138913512
2008 cnet networks,0.00015388181843683314
15 49,0.00015354017202570664
idc,0.00015353549209396993
f7,0.00015332786937358533
grading,0.000153312202200958
subscribers,0.0001532003357056328
assign,0.00015317023987837788
thu feb,0.00015311793064695623
announces,0.0001529118903153596
dumb,0.00015290551838629374
alongside,0.0001528218542754417
authors url,0.0001526863276685511
lifetime membership,0.00015267443407676758
hear immediately,0.00015267105096824192
cpanplus internals,0.0001526318752176969
hans,0.00015262710117337574
ca 94105,0.00015237808706550945
94105,0.00015237808706550945
francisco ca 94105,0.00015237808706550945
buildbot status,0.00015197539969095483
lazy,0.00015188661614281502
windows server,0.0001518538301167418
high performance,0.00015174193076486717
foremost,0.00015173630400162826
street san francisco,0.00015158354491391534
acpi,0.00015153269376660865
815,0.00015137685732582125
sign free newsletters,0.0001511992706631832
processed contact,0.00015117950901879598
newsletter newsletter published,0.00015117950901879598
successfully processed contact,0.00015117950901879598
newsletter newsletter,0.00015117950901879598
10 02,0.0001508543713280761
original email,0.00015082920831783006
busy,0.0001507751641757503
affected,0.00015069134990936607
describes,0.00015064712419572785
disbursement according,0.00015055859304916226
software engineering,0.00015041751803796565
plant,0.0001503530060923451
fno,0.00015031242085936715
hams,0.00015023973957480494
conflict,0.00015019163396295574
jackson,0.00015001840989819595
spending,0.00014997612916084957
posters,0.00014996565889554176
invited submit,0.00014992933852041494
growth hormone,0.00014986019574237154
inquiries,0.0001498161349521914
morrigan,0.00014980371286443117
emerging,0.00014970317522514895
indicated enable,0.00014967433241834044
indicated enable immediate,0.00014967433241834044
2008 message id,0.00014966463205495374
cxin,0.00014955128783844716
123,0.0001495297197894453
site perl,0.0001495248071204163
submission papers,0.00014938159920551095
stress,0.00014894293849111436
20 url,0.00014892981112000616
senator,0.00014892542854146677
unfortunately learnt supposed,0.00014890838597281285
learnt supposed kin,0.00014890838597281285
learnt supposed,0.00014890838597281285
leak,0.00014889033734412273
a1,0.00014884345793345506
20 2008,0.00014875932797840736
2007 09,0.00014868194227439635
receipt reply,0.00014867996737137629
pacific,0.00014858598905358148
longer wish,0.0001485164742614588
et al,0.0001485130350375631
bulk email,0.00014839085277703907
events company,0.00014830505816975395
optimize,0.00014817104567285886
virtual alias maps,0.00014812264538191988
represents,0.0001481038981828823
processors,0.0001480673098979013
harvard,0.00014800300014674577
packard,0.00014797279729475578
hewlett packard,0.00014797279729475578
hd dvd,0.00014794329467694885
advances,0.00014792095151772305
cached,0.0001478527327290965
actors,0.00014781495813531395
aimed,0.00014777200609265926
sasl auth,0.00014768397414238139
direct access,0.0001475815764224795
date fri 15,0.00014730697008194749
crave,0.00014730153174269734
relation deceased safety,0.0001472847342450252
deceased safety subsequent,0.0001472847342450252
deceased safety,0.0001472847342450252
request foreigner kin,0.00014726081260868964
une,0.00014705088105751638
leaves,0.000147005679952546
santos,0.00014700154464515104
fund arranged apply,0.0001469864100521242
easy effective communication,0.0001469864100521242
easy effective,0.0001469864100521242
arranged apply,0.0001469864100521242
arranged apply bank,0.0001469864100521242
fund arranged,0.0001469864100521242
descriptions,0.00014655722236477195
austin,0.0001465282474534529
extensive,0.00014647236550145552
morrigan tuatha,0.00014637460673416254
morrigan tuatha org,0.00014637460673416254
tuatha,0.00014637460673416254
tuatha org,0.00014637460673416254
enormous,0.00014635889718477943
packets,0.00014616936975767264
institute technology,0.00014614838635955147
operational,0.00014601185575206015
diabetes,0.00014598328643668278
8221,0.00014572742990053063
8220,0.00014572742990053063
referenced,0.00014565860322701948
cet,0.00014561479192383789
submit papers,0.0001455639968244912
lights,0.0001455148092896345
innovation,0.0001454542468051329
topics include,0.00014528061622948987
16 feb,0.00014524710603151824
money order,0.00014485214361632874
enhanced,0.00014481498677594183
mail address subscription,0.00014473836111663233
21 2008,0.00014471078940939914
ansi,0.00014462021107959183
ce c1,0.00014448665976398787
26 15 49,0.0001444423262050134
copyright 2008 cnet,0.0001444236007899342
id date,0.000144382225371336
message id date,0.000144382225371336
chunk,0.00014421390092013415
smtpd 15907,0.00014420288712757167
smtpd 15907 rec,0.00014420288712757167
type len,0.00014420288712757167
gettext,0.00014418855602346082
sectors,0.00014384119314954803
latin,0.00014371239450969626
sorting,0.00014365989951921966
29 99,0.00014363767322097328
help email,0.00014348396751266
89,0.00014339968385506467
aspect,0.00014338457497017865
16 feb 2008,0.00014333711624914028
sat 16,0.00014333711624914028
sat 16 feb,0.00014333711624914028
hired,0.000143206298086529
chances,0.00014312930135766363
webcast alert,0.00014285798987067296
enterprises,0.0001427711740141399
email text,0.00014268035626076076
following url,0.00014262063019188027
duseithreads,0.00014253916708185067
increasingly,0.00014243638631997665
moylan,0.00014224586120512123
j2ee,0.0001421804798986454
aliasing,0.00014204399443093106
insider,0.00014193232558216244
d2,0.0001418735298272639
location money,0.00014163484230408704
assessment,0.00014153674349314077
v0,0.00014151831574609646
readers,0.00014148326148628686
generates,0.0001413982940999605
unclaimed banking,0.00014139495547058984
unclaimed banking law,0.00014139495547058984
71,0.00014126142405247795
95 url,0.0001412283928523839
trusting hear immediately,0.00014122360820537235
trusting hear,0.00014122360820537235
genes,0.000141164994384472
owens,0.00014072144505906164
courses,0.00014054941912553887
camp,0.00014047793061849808
8859 format,0.0001403738450574406
phase,0.00014032582855121238
ff ff,0.00014020213992515634
spamhaus org,0.00013979925841109026
highlight,0.00013973618078862786
iv,0.00013966955764820198
10 27,0.00013962183444261487
modelling,0.00013961360966777944
hibernate,0.000139430862616768
leverage,0.00013914873545009754
12 14,0.0001390565869571317
prog,0.00013905273114904118
panic,0.00013888838896374895
leaked,0.0001388235813121188
oilfield,0.00013871944932631475
feb 2008 15,0.00013871389137107764
maildir,0.00013870702730326798
visit subscription,0.0001386842261810671
datasets,0.00013854171300788844
send fax email,0.00013850996611136334
notice transaction hitch,0.00013850996611136334
entertain atom fear,0.00013850996611136334
notice transaction,0.00013850996611136334
email text application,0.00013850996611136334
transaction hitch free,0.00013850996611136334
entertain atom,0.00013850996611136334
blogging,0.00013850535119835987
object oriented,0.00013832917497485958
plug,0.00013832209527097838
d6,0.00013830581301764938
longer wish receive,0.00013811603436074475
tco,0.00013808910819062376
otis,0.00013801141918283265
privacy policy copyright,0.00013781728019933174
policy copyright 2008,0.00013781728019933174
policy copyright,0.00013781728019933174
copyright 2002,0.00013775933575290182
kid,0.00013775709745387322
99 99,0.0001376767282220983
110,0.00013765508411327313
york ny apply,0.00013764663825505564
receipt reply send,0.0001375932029048731
meraki,0.00013756607306735505
portable,0.00013749868191973946
highlights,0.00013745403155009561
aaaaaaaaaaaaaaaaaaaaaaaaaaaaaaaaaaaaaaaaaaaaaaaaaaaaaaaaaaaaaaaaaaaaaaaaaaaa,0.0001373460949189681
science express,0.00013717452609173262
cb cf,0.00013681601096674457
bodies,0.00013680008684380417
buildbot status web,0.00013674505350075628
junk mail,0.0001366384107522236
sponsors,0.0001366378882405052
visit subscription center,0.00013661265054505667
subscription center,0.00013661265054505667
vol,0.00013636108471242814
45pm,0.0001363119692865746
died alongside,0.00013612710323587524
plants,0.00013603487334628157
pocket,0.00013579951040842704
ascii content,0.00013552382594134074
charset ascii content,0.00013552382594134074
3e,0.0001354321908031755
10 57,0.0001353860267042647
blogs,0.00013521625705671854
sda,0.0001348101944585356
significance,0.0001347901891480855
update profile,0.00013474714098077849
slot,0.00013466708204461366
cert,0.00013464369829790235
manufacturers,0.0001344855440425345
fewer,0.00013430804854286724
columns,0.00013428299395469408
cheers mark,0.00013426823421944494
var spool postfix,0.00013424858956945975
spool postfix,0.00013424858956945975
contribution,0.000134204273151066
media roi experts,0.000133988515533881
media roi,0.000133988515533881
roi experts,0.000133988515533881
techtarget media,0.000133988515533881
techtarget media roi,0.000133988515533881
trunk build,0.00013396439292209263
lynch,0.0001339362206365942
introductory,0.00013387676949077384
digit,0.0001338088387369548
waikato,0.00013373305788081773
university waikato,0.00013373305788081773
density,0.0001337315471184179
modified spamassassin,0.00013371890940372486
modified spamassassin trunk,0.00013371890940372486
gap,0.00013358168609971645
lncs,0.00013349417638207318
site techtarget media,0.00013344587438299385
wed feb 27,0.00013333248961870442
fm,0.0001332997749723747
organizing committee,0.0001330893331335187
company techtarget,0.00013296491159007535
events company techtarget,0.00013296491159007535
company techtarget offers,0.00013296491159007535
employed,0.00013290329646647517
factors,0.0001328210377032218
826,0.00013280465228572412
18 00,0.00013279808571069272
wekalist mailing,0.00013278196081350976
wekalist mailing list,0.00013278196081350976
networks 235,0.00013265034412894962
235 second,0.00013265034412894962
second street san,0.00013265034412894962
235 second street,0.00013265034412894962
networks 235 second,0.00013265034412894962
cnet networks 235,0.00013265034412894962
second street,0.00013265034412894962
trend,0.00013252989758499165
d4,0.0001324529419310508
duo,0.00013230259250194347
valentine,0.00013230258300748538
requiring,0.00013218225363551326
copy paste,0.0001321578522789217
ftoc,0.00013214058219795138
ranges,0.00013210464710100046
09 20,0.00013180625881513197
disciplines,0.00013178623338550344
slots,0.0001315827001373343
subject body,0.0001315759675327113
stewart,0.00013150073721871245
submission notes,0.00013147619478738403
106,0.00013132847798274082
319,0.00013118935336749228
corrected,0.00013107231616153386
weblog url,0.00013089066484955645
test set,0.00013079496285324087
news url,0.00013063699072532993
18 feb,0.0001304249929352725
ff ff ff,0.0001303633932637419
1h,0.00013032655967965456
bla,0.00013004258609131483
fdntech com,0.00012995671171732809
soman,0.00012995671171732809
soman fdntech com,0.00012995671171732809
soman fdntech,0.00012995671171732809
fdntech,0.00012995671171732809
standardisation,0.00012993566191898758
required tests,0.0001299203620727853
foods,0.00012988095350740684
licensing,0.0001298401958421375
cents,0.00012977238950488777
newsletters cnet,0.000129649405876897
iso 8859 format,0.00012945938008905936
8859 format flowed,0.00012945938008905936
decore,0.00012944058149589363
af6 decore,0.00012944058149589363
summit,0.00012940981409775956
15 50,0.00012929368220112312
644,0.0001287163485958521
retailers,0.00012854393160532945
cf d7,0.0001284651258492472
person managing,0.0001282585549623032
poland,0.00012818046899175893
af6 decore cpp,0.00012817562204831565
decore cpp,0.00012817562204831565
cf c4,0.0001279715596519303
hole,0.0001279658653514765
non text,0.00012783747203778148
feb 16,0.00012769285391907057
georg brandl,0.00012764354328283805
brandl,0.00012764354328283805
added submission,0.00012734391083817607
added submission id,0.00012734391083817607
wan,0.00012731210219664037
consumption,0.00012730783641496225
13 09,0.0001272904551513199
canon,0.00012717244240096875
endian,0.00012691374430189798
smp,0.00012690030055282267
studying,0.00012674786363419888
10pm,0.00012667639145393843
000000,0.000126569120765071
accessor,0.00012645150489474176
colombian,0.00012634065261361578
mips,0.00012631660602006187
wide web,0.00012612618133611483
view webcasts,0.00012611003499464748
paper submission deadline,0.00012607231648675046
populations,0.0001260410687381289
tunisia,0.00012599881075513926
tricks,0.00012594389442603597
carnegie,0.00012589730853771402
15 52,0.00012587682903536371
31 march,0.00012580325692013882
zadeh,0.00012577262642173817
dvd rw,0.00012553712408578754
notebook,0.00012547097081060723
dd,0.00012542283404309482
abstracts,0.00012529744793588564
cnrs,0.00012524938023029193
news com,0.0001249300575730146
decision making,0.00012482690814257506
editors choice,0.0001247918008494128
technology url,0.00012456766193399488
30 april,0.00012448177294020751
nightlymc,0.0001244697071718592
build nightlymc,0.0001244697071718592
spamassassin trunk build,0.0001244697071718592
trunk build nightlymc,0.0001244697071718592
fuzzy sets,0.00012410506846560765
world wide web,0.00012397268270420084
ok perl,0.00012391005235853133
chas,0.00012390228820446348
advisory,0.0001236113646270799
aix,0.0001235323099273907
verlag,0.00012345818909507896
springer verlag,0.00012345818909507896
100 100,0.00012345645761535965
faq advertise,0.00012321602289334425
migration,0.0001230505882766135
103,0.00012300589319928835
10 31,0.00012298929823133635
state university,0.00012286458049238824
switched,0.00012269431908959057
99 url special,0.0001225957514035553
wed 13 feb,0.00012259307287880317
wed 13,0.00012259307287880317
sc,0.00012245529052577953
perl lib,0.0001223897339779359
messages authors,0.0001222542519807908
messages authors url,0.0001222542519807908
predictions,0.0001222416761140933
sourcing,0.00012194855847037054
com unsubscribe,0.0001217063167001352
compiz fusion plugins,0.00012165985747377202
fusion plugins,0.00012165985747377202
d1,0.00012152367289456038
deployment,0.00012142678302069459
255 255,0.00012139728282791193
core duo,0.0001213923147852589
mainframe,0.00012135657276989462
0a,0.00012125316786853056
13 feb,0.00012119071340712325
13 feb 2008,0.00012119071340712325
matrix,0.0001209681911974078
manage newsletters,0.00012091382215446256
martha,0.00012089665275001944
mitchell,0.0001208324700994984
submission notes submission,0.00012077094143946994
notes submission id,0.00012077094143946994
notes submission,0.00012077094143946994
email reach,0.00012039431106209157
cutoff,0.00012036859605019997
endnote,0.00012032036440791719
scrubbed,0.0001200870351672023
feb 14,0.00011991638776694305
feb 14 2008,0.00011991638776694305
submissions email,0.00011973679827547234
sql server,0.00011937387255750499
strict aliasing,0.00011900942352625125
fno strict aliasing,0.00011900942352625125
fno strict,0.00011900942352625125
initrd,0.0001189550265450961
14 15,0.00011881201558418694
tcp,0.00011877826058579407
institute informatics,0.0001186492735210263
zen,0.00011857229436267237
16 oct,0.00011851149803162313
16 oct 2007,0.00011851149803162313
webinar,0.00011850507676828433
excite,0.00011842802556392123
unset,0.0001183906212886956
score uribl,0.00011837509847649617
fish,0.00011836172737959713
webcast podcast,0.0001181642756717941
fuzzy logic,0.00011814440842269692
service mark,0.00011810854017777378
e4,0.00011776102372929381
mellon,0.00011772535342075791
carnegie mellon,0.00011772535342075791
email subscribe unsubscribe,0.00011757594565252178
exhibit,0.0001175608169836963
bnn,0.00011753384281210436
org ident envfrom,0.00011750836228653652
org ident,0.00011750836228653652
esmtp id,0.00011725925731143064
webby,0.00011697518010000164
ajaxworld,0.00011688122615586451
local include,0.00011665295176657168
feature selection,0.0001162234687349489
pittsburgh,0.00011619232212010322
hr xml,0.00011601774667157857
data sets,0.0001158089846299395
enables,0.0001157240282772132
senate,0.00011567556125945291
tuesday july,0.0001156490769890046
measurement,0.00011561463526289625
d9,0.0001155982581892554
picks,0.00011555268272679503
college london,0.00011545508079502937
mail spf,0.0001154316811376314
na na,0.00011530351429967359
columbia,0.00011529991944694257
aaaaaaaaaaaaaaaaaaaaaaaaaaaaaaaaaaaaaaaaaaaaaaaaaaaaaaaaaaaaaaaaaaaaaaaaaaaa aaaaaaaaaaaaaaaaaaaaaaaaaaaaaaaaaaaaaaaaaaaaaaaaaaaaaaaaaaaaaaaaaaaaaaaaaaaa,0.00011519471177490178
url url email,0.00011517333059246828
listening,0.00011505910233831259
line invoked,0.00011486187689541114
windows vista,0.00011481974516766195
information systems,0.0001146691539103696
mkdir,0.00011459725867441917
manuscripts,0.00011436567731081447
localdomain,0.00011434837322671612
postfix esmtp,0.00011411095230200478
thursday april,0.00011392330341865466
mar 15,0.00011364336769681204
130,0.00011337521066372368
message date thu,0.00011333684506301985
directory usr,0.000113330117979961
papers published,0.00011326437620808243
dvd player,0.00011323733788745158
url created,0.00011321614788841272
bridging,0.0001131017157470505
strategic,0.00011308994965660524
2002 18,0.00011298364101369967
rapidly,0.0001129257802177385
logic based,0.00011288231755881362
receiver,0.00011283727881557115
personnel,0.00011260977584887843
b7,0.0001125796542820107
currently subscribed,0.00011233536582869801
middle east,0.00011232695650961456
price 99,0.00011229469149865604
subscribe unsubscribe world,0.00011228094827451709
message subject body,0.00011228094827451709
digest today topics,0.00011228094827451709
body help email,0.00011228094827451709
body help,0.00011228094827451709
url email send,0.00011228094827451709
digest today,0.00011228094827451709
line specific,0.00011228094827451709
specific contents,0.00011228094827451709
submissions email subscribe,0.00011228094827451709
list email replying,0.00011228094827451709
list submissions,0.00011228094827451709
list submissions email,0.00011228094827451709
email reach person,0.00011228094827451709
email replying,0.00011228094827451709
email replying edit,0.00011228094827451709
email send message,0.00011228094827451709
edit subject line,0.00011228094827451709
person managing list,0.00011228094827451709
edit subject,0.00011228094827451709
subject body help,0.00011228094827451709
subject line specific,0.00011228094827451709
mailing list submissions,0.00011228094827451709
managing list,0.00011228094827451709
line specific contents,0.00011228094827451709
unsubscribe world,0.00011228094827451709
unsubscribe world wide,0.00011228094827451709
managing list email,0.00011228094827451709
send message subject,0.00011228094827451709
today topics,0.00011228094827451709
wide web visit,0.00011228094827451709
web visit,0.00011228094827451709
web visit url,0.00011228094827451709
replying edit,0.00011228094827451709
reach person,0.00011228094827451709
replying edit subject,0.00011228094827451709
help email reach,0.00011228094827451709
reach person managing,0.00011228094827451709
carnegie mellon university,0.00011217191659723607
mellon university,0.00011217191659723607
smoker,0.00011202639748301425
tmpfs,0.0001117395461507682
30 april 2008,0.00011168001774830967
644 hams 557,0.00011164205947427854
hams 557 spams,0.00011164205947427854
hams 557,0.00011164205947427854
557 spams,0.00011164205947427854
644 hams,0.00011164205947427854
557,0.00011164205947427854
postfix esmtp id,0.00011153279599214334
read review,0.00011144400448089496
lib python2,0.00011141195661270232
subjective,0.00011114694259709561
dependent,0.00011111920601048447
analyze,0.00011110610195876527
mynetworks,0.00011104174220331233
february 11,0.00011091231048797078
february 11 2008,0.00011091231048797078
hammer,0.00011063952089018756
b5,0.00011057478238427588
wire,0.00011048559044147572
martha stewart,0.00011046503452215355
cpanplus dist,0.00011032740641683937
splitting,0.00011032522825565733
caltech,0.00011009844312030693
11a,0.00010992653370362111
ezm email,0.0001098923229131157
d5,0.00010987750552900373
msgs unseen,0.00010987344112024066
const,0.00010979510692569691
small business,0.00010977069053385162
hash postfix,0.00010966469813283722
darkportals,0.00010961190580622174
controller,0.0001094452158925771
message message,0.00010880234114170479
18 feb 2008,0.00010838453224625041
dept computer,0.00010818097217441483
dept computer science,0.00010818097217441483
file txt,0.00010811416223696898
hybrid,0.00010803869182773954
adapter,0.00010801582382736013
teksystems,0.00010785547426147581
bulletin,0.00010774235410628517
c6,0.00010764577676525915
ma apply,0.00010759318030806817
message date mon,0.00010738822189613143
skype,0.00010727888218353289
atomic,0.00010717643798456858
unsupervised,0.00010717179472520355
00 00,0.0001065029530687368
proteins,0.0001065005279378791
c9 cb,0.00010648999077967169
org helo,0.00010648140864508908
dkim ssp,0.00010636451561238237
message logged yes,0.00010627914316856819
yes user id,0.00010627914316856819
logged yes,0.00010627914316856819
logged yes user,0.00010627914316856819
message logged,0.00010627914316856819
yes user,0.00010627914316856819
mon 18 feb,0.00010614979216213086
mon 18,0.00010614979216213086
libperl,0.00010602606447235986
tue 16,0.00010600063494137084
tue 16 oct,0.00010600063494137084
elx,0.00010596906983502955
localhost localdomain,0.00010557130594841197
portions,0.00010555974762706121
bow,0.00010554654833829785
washington dc,0.0001050522686047825
thai,0.00010500980437131386
00 url,0.00010481951123718074
list price,0.00010473605531184264
topics include limited,0.00010467431459416918
prediction markets,0.00010448262688650357
contributing,0.00010439794615527435
simulation,0.00010395516731656401
makers,0.00010382406057462541
mainstream,0.00010350584256093872
26 15 50,0.00010347322397720693
usr local bin,0.0001034696294621138
local bin,0.0001034696294621138
synthetic,0.00010337610346611874
feb 19,0.00010322716000356417
government grants,0.00010314357284001984
thu feb 14,0.00010301273055443141
duselargefiles,0.00010294062859095609
formal ontologies,0.00010287390022713137
digest vol,0.00010265777332649621
foreach,0.00010264112534054097
da c1,0.00010261200822505842
cb cf d7,0.00010261200822505842
c9 cb cf,0.00010261200822505842
imaging,0.00010260210673611907
links url url,0.0001022892787448208
chas owens,0.00010224514524205075
extraction,0.0001022087638759667
memorial,0.00010219205218865056
26 15 52,0.0001021814312367753
precisiation,0.00010217828939378991
ph 64,0.0001021380390525499
url search,0.0001020967267607447
s1 spamd,0.0001013211235707214
adoption,0.00010117504087732192
version spamassassin,0.000101005454766658
email mime,0.00010088651634008071
usa email,0.00010071671660671908
users want,0.00010024223521497924
24 1h,0.00010011123147982948
tuxonice users mailing,0.00010010723611633193
attachment scrubbed,0.00010001996032410452
inet,9.999635056970918e-05
discusses,9.993644658028825e-05
feb 2008 11,9.982924636911215e-05
aaaaaaaaaaaaaaaaaaaaaaaaaaaaaaaaaaaaaaaaaaaaaaaaaaaaaaaaaaaaaaaaaaaaaaaaaaaa aaaaaaaaaaaaaaaaaaaaaaaaaaaaaaaaaaaaaaaaaaaaaaaaaaaaaaaaaaaaaaaaaaaaaaaaaaaa aaaaaaaaaaaaaaaaaaaaaaaaaaaaaaaaaaaaaaaaaaaaaaaaaaaaaaaaaaaaaaaaaaaaaaaaaaaa,9.931391901085041e-05
xfce,9.907283113440476e-05
optimized,9.891648165589861e-05
dperl,9.882900944624058e-05
bases,9.882070915781342e-05
pa apply,9.872748008099581e-05
recertified,9.86917279163308e-05
tough,9.863140683133546e-05
service oriented,9.862297319544783e-05
74,9.858414191855094e-05
architectures,9.839921821772983e-05
subject ietf dkim,9.839853157631225e-05
subject ietf,9.839853157631225e-05
declaration,9.828054572814991e-05
opts,9.803598601435834e-05
postfix master,9.786472220950834e-05
ssp discovery,9.778674476398131e-05
home bbmass,9.777583223291868e-05
virtualized,9.77489821146523e-05
na na na,9.768769961500124e-05
35pm,9.7685036016293e-05
clarity,9.752328499067733e-05
jmason org,9.746753378799606e-05
radish,9.746753378799606e-05
radish jmason,9.746753378799606e-05
radish jmason org,9.746753378799606e-05
22 oct,9.744917619804787e-05
22 oct 2007,9.744917619804787e-05
bpm,9.734172508979563e-05
protein,9.719529156279452e-05
libc,9.686760496773433e-05
nigel,9.672096843521385e-05
biomedical,9.66602768965414e-05
hoover,9.659009650511404e-05
new grid,9.657745092142373e-05
log subground,9.657745092142373e-05
jmason,9.653233844897924e-05
dna,9.652835432290809e-05
dept posted,9.646491103482941e-05
perl usr,9.645037099421327e-05
draft ietf,9.638183928462293e-05
draft ietf dkim,9.638183928462293e-05
256,9.632764408383427e-05
ria,9.608419719353923e-05
usr local include,9.601552718314694e-05
url end,9.592539525963767e-05
soa world,9.588617629970999e-05
stat,9.570582969642573e-05
april 14,9.569454219941355e-05
enterprise java,9.56284324849752e-05
yellow,9.556472090879327e-05
lidar,9.553960094932812e-05
sender virus,9.533200069650053e-05
virus total,9.533200069650053e-05
sender virus total,9.533200069650053e-05
350,9.531892344808164e-05
surbl,9.524389199565653e-05
2008 email,9.522798999404432e-05
virus total submission,9.51983970910363e-05
total submission,9.51983970910363e-05
total submission notes,9.51983970910363e-05
autolearn,9.510759271589218e-05
url email sat,9.466589957421068e-05
html attachment,9.445336191856464e-05
scrubbed url url,9.445336191856464e-05
html attachment scrubbed,9.445336191856464e-05
attachment scrubbed url,9.445336191856464e-05
scrubbed url,9.445336191856464e-05
timer,9.432548166589427e-05
high speed,9.426496651262371e-05
802 11a,9.424215420956514e-05
intel core,9.421318913415452e-05
url redhat i386,9.415037190218579e-05
redhat i386,9.415037190218579e-05
classifiers,9.3694797597595e-05
a2,9.358101474229923e-05
0800 pst,9.308272425937505e-05
ct apply,9.303249233194857e-05
alliance,9.298352947385941e-05
weaken,9.289740069904194e-05
mark hall,9.25930065903596e-05
testground,9.247415802822456e-05
listings,9.246719761920051e-05
journals,9.24099646758539e-05
raritan,9.206143232148476e-05
suites,9.151897086360842e-05
amdt,9.147375957938025e-05
governance,9.146987749796866e-05
09 09,9.145126749252373e-05
2008 ref,9.127436283668159e-05
postfix virtual,9.121258057067599e-05
feb 2008 22,9.118102531506623e-05
50pm,9.112648174207467e-05
continuing,9.099500077007815e-05
log url,9.098543192402695e-05
apache org helo,9.098319791857897e-05
hector,9.086658439033038e-05
cutoff 1800,9.058097645790468e-05
cutoff 1800 width,9.058097645790468e-05
1800 width,9.058097645790468e-05
meals,9.00939544001642e-05
powershell,9.002247557119565e-05
com ident envfrom,8.975726829413207e-05
com ident,8.975726829413207e-05
optical,8.967678775262505e-05
lib usr,8.962526870957431e-05
31 march 2008,8.950112267516299e-05
mashups,8.911870551862861e-05
bsd,8.895314296057795e-05
search url,8.887128052895011e-05
delivered email received,8.862860130136554e-05
url web,8.858115957919929e-05
expo,8.832132138215411e-05
webcam,8.825938097656706e-05
experiments,8.816743638264577e-05
cachedir,8.793748316637262e-05
cdrecord,8.769949884766553e-05
borg,8.752014834274727e-05
case study,8.709738071694211e-05
org postfix,8.69014629436804e-05
15 03,8.655857864953751e-05
b6,8.654442810465141e-05
email mime version,8.654437058173348e-05
3c,8.637846023053771e-05
telecommunications,8.627599723915711e-05
15 10,8.574532435665423e-05
meal,8.56582836186376e-05
college dublin,8.54963018840708e-05
subground cutoff,8.54398335926099e-05
subground cutoff 1800,8.54398335926099e-05
reverbnation,8.523621707992123e-05
11 12,8.5228031761922e-05
lcd display,8.508320462195668e-05
mon 22,8.445153328264273e-05
feb 13 09,8.423644517667376e-05
mar 2008 ref,8.397241380974706e-05
cordless,8.3866303448214e-05
2gb ram,8.367679341700487e-05
new york city,8.351483464216762e-05
york city,8.351483464216762e-05
trainer,8.326041730397898e-05
1gb,8.284407364066042e-05
dma,8.266589854318338e-05
seed,8.259747734571345e-05
introductory course,8.25782647325434e-05
18 51,8.242800068379715e-05
libexec,8.220470220545794e-05
intel core duo,8.169982504006531e-05
hub,8.12285258347748e-05
fold,8.10853542813769e-05
new biz,8.083343678275394e-05
techmentor,8.052250585826067e-05
lib perl,8.037479418749771e-05
intl id auth,8.037479351554243e-05
id auth,8.037479351554243e-05
smarsh email encryption,8.030136722622662e-05
email encryption,8.030136722622662e-05
smarsh email,8.030136722622662e-05
smarsh,8.030136722622662e-05
rebate,8.008977904166185e-05
org postfix esmtp,8.002576298919324e-05
motorola,7.99814519838595e-05
ietf dkim ssp,7.988822089554e-05
heartland america,7.971842657083967e-05
heartland,7.971842657083967e-05
environ,7.969199537328672e-05
ip 140 211,7.963661827166384e-05
ip 140,7.963661827166384e-05
waikato nz url,7.961126035307752e-05
cheers peter peter,7.961126035307752e-05
cheers peter,7.961126035307752e-05
waikato nz,7.961126035307752e-05
5174,7.961126035307752e-05
university waikato nz,7.961126035307752e-05
reutemann dept computer,7.961126035307752e-05
peter peter reutemann,7.961126035307752e-05
science university waikato,7.961126035307752e-05
peter peter,7.961126035307752e-05
peter reutemann dept,7.961126035307752e-05
reutemann dept,7.961126035307752e-05
reverbnation com,7.955380260792649e-05
subject tuxonice,7.951576748813316e-05
subject tuxonice users,7.951576748813316e-05
feb 2008 10,7.951023038000244e-05
kriging,7.944335912909085e-05
nominal,7.917113168490272e-05
date sun,7.900138801418434e-05
340,7.89437333785088e-05
nz url,7.889429654690188e-05
rosebuds support,7.886934161254314e-05
rosebuds,7.886934161254314e-05
bin usr local,7.868187330495267e-05
132,7.814920660135273e-05
advanced course,7.799058335851322e-05
url blog,7.783080704070059e-05
original email delivered,7.770954484451774e-05
hermes,7.763861518430075e-05
telecom,7.761883613452644e-05
cette,7.758079196793413e-05
mark andrew,7.740847684109415e-05
andrew hall,7.740847684109415e-05
mark andrew hall,7.740847684109415e-05
reutemann subject wekalist,7.74060419799887e-05
reutemann subject,7.74060419799887e-05
peter reutemann subject,7.74060419799887e-05
u8,7.736175443116945e-05
zen spamhaus org,7.712696485837551e-05
zen spamhaus,7.712696485837551e-05
sbin usr,7.689158334669623e-05
visit following,7.666131707002295e-05
24 10 27,7.649378119143186e-05
105,7.645593642395223e-05
802 11b,7.640933147674789e-05
11b,7.640933147674789e-05
enc,7.604672269642474e-05
buy com,7.588093792772755e-05
3d url 3d,7.583611971558164e-05
nbsp,7.576731110593592e-05
url rank,7.573712675692262e-05
failed leader,7.57273630668595e-05
america price,7.563030213130941e-05
heartland america price,7.563030213130941e-05
qmgr,7.562897760203753e-05
ezm email sat,7.545445830451803e-05
powerpc,7.522050271920481e-05
sha,7.505494540019925e-05
user interface,7.503011319033855e-05
url 3d,7.495478545808304e-05
general public,7.48494759134901e-05
sd sda,7.476328597544805e-05
id auth msa,7.475936755843446e-05
simplest,7.473586006445224e-05
org server,7.471639820312887e-05
08 url,7.467182191291253e-05
arrays,7.434546805774975e-05
athena apache org,7.41011563755176e-05
athena apache,7.41011563755176e-05
athena,7.41011563755176e-05
line 826 proc,7.389522419082806e-05
sbin hibernate,7.389522419082806e-05
826 proc,7.389522419082806e-05
sbin hibernate line,7.389522419082806e-05
hibernate line,7.389522419082806e-05
usr sbin hibernate,7.389522419082806e-05
line 826,7.389522419082806e-05
hibernate line 826,7.389522419082806e-05
environ file,7.389522419082806e-05
environ file directory,7.389522419082806e-05
zmi,7.387230479684826e-05
49 38,7.375182693055671e-05
princeton,7.364970315148003e-05
tech update,7.330996353781132e-05
84,7.31245371013917e-05
widget,7.310874889292953e-05
wekalist digest,7.299643441154544e-05
sat feb 16,7.289033777260362e-05
unseen 18,7.285679936371778e-05
unseen 18 51,7.285679936371778e-05
msgs unseen 18,7.285679936371778e-05
b2,7.232472611082414e-05
feb 16 2008,7.214611873105958e-05
plain charset utf,7.197574384188139e-05
charset utf,7.197574384188139e-05
portions message,7.197446256553703e-05
feb 17,7.19624242135771e-05
0100 ist,7.17746254099537e-05
boston ma apply,7.159063437661416e-05
minotaur apache,7.154837196366844e-05
minotaur apache org,7.154837196366844e-05
ldl,7.137149075838002e-05
836000,7.117144542970796e-05
3diso,7.115265761585375e-05
charset 3diso 8859,7.115265761585375e-05
charset 3diso,7.115265761585375e-05
plain charset 3diso,7.115265761585375e-05
3diso 8859,7.115265761585375e-05
qscand,7.103812997863293e-05
soil,7.082805105920569e-05
00 url special,7.067781210595803e-05
md apply,7.065978270149327e-05
allocate,7.061733534985388e-05
university college dublin,7.048521825646917e-05
minotaur,6.99711119227628e-05
directory usr sbin,6.991857249901071e-05
business intelligence,6.983527720074933e-05
apache org ident,6.976520086016905e-05
2008 new,6.951692142970983e-05
perl usr local,6.840374157586243e-05
headphones,6.812609409939335e-05
virtual mailbox,6.809907102672305e-05
date mon 18,6.798925015310587e-05
133,6.792338467328938e-05
localhost 127,6.761846039191104e-05
vstring,6.759660879838002e-05
id date wed,6.709767336468283e-05
lori,6.685957377458849e-05
megapixel,6.68112662122716e-05
pavilion,6.649446989490378e-05
choice url,6.641358925456618e-05
0000 00,6.641153996454775e-05
gh1,6.637283182565387e-05
leader lib,6.62529342974249e-05
failed leader lib,6.62529342974249e-05
feb 2008 09,6.621032629411573e-05
robustness,6.616141594933825e-05
bow tie,6.603792026247207e-05
08 url created,6.571084286073727e-05
editors choice url,6.556727400528705e-05
cinemas,6.534832040625864e-05
trojan,6.521148182327962e-05
wso2,6.517851500646775e-05
fdntech com ident,6.497835585866404e-05
r574664,6.497835585866404e-05
127 radish,6.497835585866404e-05
127 radish jmason,6.497835585866404e-05
msa spam,6.497835585866404e-05
localhost 127 radish,6.497835585866404e-05
message date tue,6.491294122502493e-05
whitelisting,6.47951347522476e-05
file directory usr,6.465832116697456e-05
news desk,6.464081896948884e-05
software development,6.40787001602236e-05
cc email mime,6.367307795288376e-05
feb 28 10,6.348296469948746e-05
28 10 57,6.348296469948746e-05
email url end,6.339897073752418e-05
847,6.335076750835691e-05
leader lib cpanplus,6.322662437315121e-05
data lock,6.309016821182135e-05
postfix qmgr,6.279042017295612e-05
directory url,6.25241194562879e-05
esb,6.210407946548435e-05
yes smtpd,6.207265843026987e-05
836000 sd sda,6.168605826689624e-05
836000 sd,6.168605826689624e-05
hth cheers peter,6.166444732028427e-05
hth cheers,6.166444732028427e-05
acpi pci,6.149216663384052e-05
copy write,6.13990042522767e-05
accflags dperl,6.13990042522767e-05
accflags,6.13990042522767e-05
accflags dperl old,6.13990042522767e-05
dperl old,6.13990042522767e-05
dperl old copy,6.13990042522767e-05
old copy write,6.13990042522767e-05
old copy,6.13990042522767e-05
intel pentium,6.13465339481674e-05
conference expo,6.123450418168324e-05
smtpd sasl,6.115445657586874e-05
undefined symbol,6.114307000531859e-05
discardable,6.111360090697734e-05
earnings,6.102728302396025e-05
url sony,6.076440474142033e-05
test result,6.049393049129872e-05
pci interrupt,6.0262323301163706e-05
acpi pci interrupt,6.0262323301163706e-05
flowed content transfer,6.009309945642988e-05
flowed content,6.009309945642988e-05
4096,6.0089062436426404e-05
aug 29,5.998598134171936e-05
dba,5.977760358563747e-05
florian,5.97481031343021e-05
drinking,5.9595184817851305e-05
00 02,5.932486830090697e-05
anti aging,5.8998072733914554e-05
tmpfs aicache nightly,5.8624988777581744e-05
restart 500,5.8624988777581744e-05
aicache,5.8624988777581744e-05
aicache nightly,5.8624988777581744e-05
tmpfs aicache,5.8624988777581744e-05
cachedir tmpfs aicache,5.8624988777581744e-05
cachedir tmpfs,5.8624988777581744e-05
15552000,5.8624988777581744e-05
nightlymc corpus,5.8624988777581744e-05
cache cachedir tmpfs,5.8624988777581744e-05
build nightlymc corpus,5.8624988777581744e-05
15552000 tail,5.8624988777581744e-05
cache cachedir,5.8624988777581744e-05
middleware,5.837610264412016e-05
visit following url,5.8336537742744144e-05
pmml,5.828256813436234e-05
libsvm,5.825306288322856e-05
spy,5.8112005022244585e-05
211 11 rdns,5.754278149029053e-05
11 rdns,5.754278149029053e-05
home premium,5.7300571884794685e-05
104,5.7021165641864837e-05
git,5.663590692114252e-05
vista home,5.638968849039545e-05
vista home premium,5.638968849039545e-05
fileno,5.634663239156964e-05
monday april,5.629140400543893e-05
2008 east,5.604036332738108e-05
136,5.544650678214345e-05
wxga,5.469236320799687e-05
sony url,5.467862696346927e-05
url sony url,5.467862696346927e-05
instancequery,5.46650611174928e-05
url 3d url,5.464661567740441e-05
buy com price,5.457914516381225e-05
com price,5.457914516381225e-05
pause,5.4334705012367325e-05
smart cd,5.414650587783305e-05
fc8 url,5.3812280899984146e-05
evaluator,5.370320997862899e-05
association rules,5.3698226411274914e-05
399,5.3649585173586515e-05
aug 29 18,5.356918624248942e-05
29 18,5.356918624248942e-05
gorilla postfix,5.356918624248942e-05
receivers,5.3524352267502045e-05
waugh id,5.340329298420688e-05
waugh id au,5.340329298420688e-05
waugh,5.340329298420688e-05
id au,5.340329298420688e-05
node waugh,5.340329298420688e-05
node waugh id,5.340329298420688e-05
digital camera,5.327435833250808e-05
mar 15 03,5.31940131118429e-05
acid,5.3077005046997956e-05
21 feb,5.275226627629881e-05
id mime,5.250713590722264e-05
message id mime,5.250713590722264e-05
id mime version,5.250713590722264e-05
5174 email,5.248775480702134e-05
msa ip 140,5.2307411528314646e-05
fc8,5.19521338183185e-05
10 30 45,5.186732113750499e-05
30 45 2008,5.186732113750499e-05
30 45,5.186732113750499e-05
45 2008,5.186732113750499e-05
a5,5.1845879077056444e-05
21 22,5.1828817528084786e-05
offer url sony,5.165797763400647e-05
aging formula,5.1623313642175244e-05
subject wekalist weka,5.159168201010486e-05
wekalist weka,5.159168201010486e-05
monday april 14,5.1505381963807584e-05
yellow pages,5.130862638264945e-05
838,5.1125782887376356e-05
level closing,5.1113643188541696e-05
21 feb 2008,5.0969647220038386e-05
thu 21,5.0969647220038386e-05
thu 21 feb,5.0969647220038386e-05
svcur,5.0582685589610803e-05
fresh perl,5.0460561753225975e-05
ok fresh,5.0460561753225975e-05
ok fresh perl,5.0460561753225975e-05
24 10 31,5.037849260315844e-05
wireless 802,5.033646368571031e-05
aurora,4.999043272908276e-05
received qmail,4.998938780355519e-05
theserverside,4.9967456282995034e-05
helo mail,4.920698176272862e-05
irq,4.919373330707241e-05
free budget shipping,4.9121230647431024e-05
free budget,4.9121230647431024e-05
budget shipping,4.9121230647431024e-05
auth msa spam,4.9028313033598356e-05
zoom,4.891738624631488e-05
weka models,4.8178713380996174e-05
4466,4.8178146189745285e-05
838 4466,4.8178146189745285e-05
4466 ext 5174,4.8178146189745285e-05
4466 ext,4.8178146189745285e-05
url 64 838,4.8178146189745285e-05
838 4466 ext,4.8178146189745285e-05
1300 peter reutemann,4.8178146189745285e-05
1300 peter,4.8178146189745285e-05
64 838 4466,4.8178146189745285e-05
64 838,4.8178146189745285e-05
ext 5174,4.8178146189745285e-05
nz url 64,4.8178146189745285e-05
url 64,4.8178146189745285e-05
org apache,4.8165746649877495e-05
org apache org,4.8165746649877495e-05
url 12,4.810019055771184e-05
wekalist digest vol,4.7991893413326936e-05
pci interrupt link,4.79638899743956e-05
interrupt link,4.79638899743956e-05
138,4.7903245375825e-05
dual core,4.790172134673636e-05
result size,4.7607233496104274e-05
dkim policy,4.7575855510673965e-05
45 2008 message,4.6709182638310836e-05
fc7,4.66373101133196e-05
fc7 url,4.66373101133196e-05
22 23,4.639027383344914e-05
apic,4.6249703095575485e-05
org soman fdntech,4.616817544626472e-05
org soman,4.616817544626472e-05
url tuesday,4.611842581759865e-05
july 30th 2002,4.611842581759865e-05
url tuesday july,4.611842581759865e-05
july 30th,4.611842581759865e-05
tuesday july 30th,4.611842581759865e-05
30th 2002,4.611842581759865e-05
knowledge flow,4.6065807214771697e-05
coli,4.560513767164846e-05
3e 3c,4.537741517328098e-05
3b,4.526291771260519e-05
darkportals postfix,4.513431415550306e-05
11 soman,4.508168732600871e-05
11 soman fdntech,4.508168732600871e-05
10 11 12,4.5023265300636175e-05
msr,4.496936883483263e-05
0000 received,4.478236351591337e-05
25h 24,4.46925140534953e-05
25h,4.46925140534953e-05
athx,4.463178140259776e-05
gold smart cd,4.459124013468605e-05
biz op,4.459124013468605e-05
gold smart,4.459124013468605e-05
gridsearch,4.423678144799245e-05
op threads,4.415299153407273e-05
39 2008,4.404220238280249e-05
outlook exe,4.355897244220035e-05
oct 2007 10,4.3322213542613005e-05
cond,4.326351481094626e-05
musings,4.2934381732538956e-05
thursday april 17,4.286621126920882e-05
april 17,4.286621126920882e-05
spamhaus org zen,4.276250165972865e-05
spamhaus org server,4.276250165972865e-05
server ns,4.276250165972865e-05
ns spamhaus,4.276250165972865e-05
org zen,4.276250165972865e-05
server ns spamhaus,4.276250165972865e-05
ns spamhaus org,4.276250165972865e-05
org server ns,4.276250165972865e-05
org zen spamhaus,4.276250165972865e-05
sha asm,4.25957221869465e-05
ezm email sun,4.254965215873828e-05
apply unix,4.2483185221096774e-05
apache org apache,4.243599411681986e-05
invoked uid,4.243599411681986e-05
nbsp 3b,4.2211548998400905e-05
wdm,4.206476554844474e-05
stamford,4.2054325924808065e-05
irqs,4.181467331101155e-05
wireless notebook,4.172869050050216e-05
39 2008 message,4.1301061831795993e-05
0ghz,4.1282235192238754e-05
mail apache org,4.099381011502379e-05
mail apache,4.099381011502379e-05
hermes apache org,4.099381011502379e-05
hermes apache,4.099381011502379e-05
failed test line,4.075232857821795e-05
test line,4.075232857821795e-05
0b,4.074860822302881e-05
apply business,4.0488883242382955e-05
crypto sha asm,3.993348955026234e-05
crypto sha,3.993348955026234e-05
apache org 140,3.981830913583192e-05
org 140,3.981830913583192e-05
org 140 211,3.981830913583192e-05
missing test result,3.9758369344602883e-05
result child status,3.9758369344602883e-05
result child,3.9758369344602883e-05
child status 14,3.9758369344602883e-05
test line 99,3.9758369344602883e-05
status 14,3.9758369344602883e-05
line 99,3.9758369344602883e-05
99 ok,3.9758369344602883e-05
line 99 ok,3.9758369344602883e-05
14 failed test,3.9758369344602883e-05
14 failed,3.9758369344602883e-05
test result child,3.9758369344602883e-05
missing test,3.9758369344602883e-05
status 14 failed,3.9758369344602883e-05
child status,3.9758369344602883e-05
sda1,3.959144004732882e-05
mem,3.918101949595815e-05
drive dvd,3.902505508201223e-05
02 txt,3.875719002235871e-05
ssp 02 txt,3.875719002235871e-05
dkim ssp 02,3.875719002235871e-05
manufacturer recertified,3.86693288369088e-05
sha512 sse2,3.8602373231920265e-05
sha512,3.8602373231920265e-05
sha asm sha512,3.8602373231920265e-05
sse2,3.8602373231920265e-05
asm sha512 sse2,3.8602373231920265e-05
asm sha512,3.8602373231920265e-05
99 mail,3.8493331334458174e-05
672000,3.814473767518592e-05
logitech,3.795796346916452e-05
2ghz,3.786023536325687e-05
160gb,3.731205840417504e-05
hcd,3.7303306367123164e-05
sse2 asm,3.727125691357818e-05
sha512 sse2 asm,3.727125691357818e-05
3a,3.66136199190828e-05
dept posted zonk,3.64362795788275e-05
posted zonk,3.64362795788275e-05
zonk thursday april,3.64362795788275e-05
zonk thursday,3.64362795788275e-05
zonk,3.64362795788275e-05
posted zonk thursday,3.64362795788275e-05
2590043 added,3.606368369224124e-05
2590043,3.606368369224124e-05
submission id 2590043,3.606368369224124e-05
id 2590043 added,3.606368369224124e-05
id 2590043,3.606368369224124e-05
2590043 added submission,3.606368369224124e-05
nutrients,3.59727915370316e-05
centrino,3.5793497505558344e-05
ddr2,3.567763102784107e-05
rw wireless,3.56266278591877e-05
dvd rw wireless,3.56266278591877e-05
digital zoom,3.534851391024082e-05
general public license,3.4912079357247574e-05
public license,3.4912079357247574e-05
1h 24,3.486016096172634e-05
24 1h 24,3.486016096172634e-05
a2006 undefined symbol,3.4609024276894026e-05
a2006 undefined,3.4609024276894026e-05
symbol xmmword,3.4609024276894026e-05
error a2006,3.4609024276894026e-05
xmmword,3.4609024276894026e-05
error a2006 undefined,3.4609024276894026e-05
undefined symbol xmmword,3.4609024276894026e-05
a2006,3.4609024276894026e-05
license gnu,3.448106603184945e-05
20 21,3.445567876804824e-05
dc apply,3.4351679384639384e-05
washington dc apply,3.4351679384639384e-05
tuner,3.413863112607352e-05
carbs,3.412875598686622e-05
op threads line,3.364037450215065e-05
threads line,3.364037450215065e-05
dovecot imap,3.360153497878189e-05
rw wireless notebook,3.3533880021625455e-05
xmmword crypto sha,3.327790795855195e-05
xmmword crypto,3.327790795855195e-05
symbol xmmword crypto,3.327790795855195e-05
sda write,3.3228127100199134e-05
sd sda write,3.3228127100199134e-05
cache enabled,3.3228127100199134e-05
usbcore,3.314357852092247e-05
gnu general public,3.2757012730256985e-05
gnu general,3.2757012730256985e-05
shipping buy,3.274748709828735e-05
shipping buy com,3.274748709828735e-05
apply business analyst,3.267147620255431e-05
vaio,3.2468053387802623e-05
license gpl,3.2325999404858864e-05
license gnu general,3.2325999404858864e-05
license gpl url,3.2325999404858864e-05
public license gpl,3.2325999404858864e-05
gpl url,3.2325999404858864e-05
gpl url url,3.2325999404858864e-05
ambassadors,3.228736853999049e-05
mar 15 10,3.223879582535933e-05
submission id 2520262,3.2091961977440267e-05
id 2520262 added,3.2091961977440267e-05
2520262 added submission,3.2091961977440267e-05
id 2520262,3.2091961977440267e-05
2520262 added,3.2091961977440267e-05
2520262,3.2091961977440267e-05
nutritional,3.204501161842884e-05
784000,3.1975926649597066e-05
dvd rw drive,3.142255563862181e-05
rw drive,3.142255563862181e-05
99 list,3.092818225949361e-05
budget shipping buy,3.092818225949361e-05
99 list price,3.092818225949361e-05
cond timedwait,3.081273624206723e-05
timedwait,3.081273624206723e-05
000000 acpi,3.074608331692026e-05
windows vista home,3.0352677864738045e-05
3d 3d,3.016684261766713e-05
org submission notes,3.002007936125746e-05
virscan org submission,3.002007936125746e-05
virscan org,3.002007936125746e-05
virscan,3.002007936125746e-05
sender virscan,3.002007936125746e-05
org submission,3.002007936125746e-05
sender virscan org,3.002007936125746e-05
species,2.9813238296141514e-05
hash table,2.964839895695629e-05
672000 acpi,2.952113857479465e-05
672000 acpi pci,2.952113857479465e-05
1h 25h 24,2.9497059275306898e-05
1h 25h,2.9497059275306898e-05
nutritionism,2.9430622041392907e-05
buy4now,2.921955104418383e-05
dev sda1,2.9197338156940568e-05
latency,2.8648325802316594e-05
8azp,2.863103971483976e-05
24 1h 25h,2.860320899423699e-05
radio weblog,2.8590103913559146e-05
radio weblog url,2.8590103913559146e-05
3cfont,2.849279557392061e-05
ecost com,2.8375628910029044e-05
ecost,2.8375628910029044e-05
404000,2.829129524211784e-05
saa7134,2.8286396651566633e-05
core duo dvd,2.7921440011381103e-05
duo dvd rw,2.7921440011381103e-05
duo dvd,2.7921440011381103e-05
2ffont 3e,2.7437506848960587e-05
3c 2ffont 3e,2.7437506848960587e-05
3e 3cfont,2.7437506848960587e-05
2ffont,2.7437506848960587e-05
3c 2ffont,2.7437506848960587e-05
savings url,2.6876534876704775e-05
mail savings url,2.6876534876704775e-05
mail savings,2.6876534876704775e-05
21 22 23,2.6794649476948796e-05
dual layer,2.662364978924683e-05
nbsp 3b nbsp,2.6382218124000567e-05
3b nbsp 3b,2.6382218124000567e-05
3b nbsp,2.6382218124000567e-05
plug play,2.6369905728747415e-05
wireless 802 11a,2.6243672795715183e-05
anodpocnjgcdginpdpff,2.6229184926430183e-05
anodpocnjgcdginpdpff content type,2.6229184926430183e-05
anodpocnjgcdginpdpff content,2.6229184926430183e-05
20 21 22,2.6075086004831027e-05
00 mail,2.6068434164639836e-05
ddr2 ram,2.5981562987571598e-05
pnp,2.5826709986213016e-05
org url,2.5595426408984407e-05
03 22,2.431720008925104e-05
12 14 15,2.3970968319758245e-05
low fat,2.3313224062236218e-05
amz wdm,2.3262719768307305e-05
color 3d,2.3216351949120502e-05
geforce,2.3009299730563438e-05
url hewlett packard,2.292357456313085e-05
url hewlett,2.292357456313085e-05
hewlett packard url,2.292357456313085e-05
packard url,2.292357456313085e-05
layer dvd,2.2579552378808698e-05
layer dvd rw,2.2579552378808698e-05
dual layer dvd,2.2579552378808698e-05
22 darkportals,2.256715707775153e-05
3d 3d url,2.2304741092818127e-05
license url,2.1806442710093866e-05
declared scope,2.121411827075213e-05
declared scope af6,2.121411827075213e-05
scope af6 decore,2.121411827075213e-05
scope af6,2.121411827075213e-05
lock ok,2.0873143905916516e-05
00000000,2.0590776443880484e-05
8azp amz,2.0578559795041077e-05
3cfont color,2.0050485774240433e-05
3cfont color 3d,2.0050485774240433e-05
hard drive dvd,1.9919482502868833e-05
drive dvd rw,1.9919482502868833e-05
wireless notebook webcam,1.9914374990524505e-05
notebook webcam,1.9914374990524505e-05
wdm 8azp,1.9683839803952336e-05
11 12 14,1.9677493322828963e-05
irqs 10,1.9677493322828963e-05
irqs 10 11,1.9677493322828963e-05
device 0000,1.9677493322828963e-05
24r,1.9664706183537933e-05
nutrient,1.962041469426194e-05
dietary,1.962041469426194e-05
processor 2gb,1.927058551715748e-05
99 mail savings,1.9248477564854584e-05
3e 3cfont color,1.899519704928041e-05
25h 24 1h,1.8770855902468025e-05
tv tuner,1.860703639581977e-05
device 0000 00,1.844764999015215e-05
webcam vista,1.8236607774858584e-05
64 x2,1.8086620571494748e-05
x2,1.8086620571494748e-05
vaio intel,1.8045722246122075e-05
3darial,1.7939908324320387e-05
face 3darial,1.7939908324320387e-05
offer url hewlett,1.791997332500216e-05
3d url 20,1.7843792874254504e-05
modem wireless 802,1.7711705904036624e-05
modem wireless,1.7711705904036624e-05
processor 1gb,1.7558404473551776e-05
timer device 0000,1.7217806657475342e-05
pci setting latency,1.7217806657475342e-05
timer device,1.7217806657475342e-05
0000 00 02,1.7217806657475342e-05
pci setting,1.7217806657475342e-05
setting latency timer,1.7217806657475342e-05
752000,1.7217806657475342e-05
latency timer device,1.7217806657475342e-05
latency timer,1.7217806657475342e-05
setting latency,1.7217806657475342e-05
notebook webcam vista,1.71817248073268e-05
24r 24,1.6983155340328213e-05
1h 2k,1.6983155340328213e-05
2k 24,1.6983155340328213e-05
1h 2k 24,1.6983155340328213e-05
2k 24 1h,1.6983155340328213e-05
drive modem,1.6960034329988915e-05
2ffont 3e 3c,1.6884619599360364e-05
2k,1.6614005367017652e-05
nvidia geforce,1.660572651479662e-05
1h 24r 24,1.6089305059258305e-05
1h 24r,1.6089305059258305e-05
24 1h 24r,1.6089305059258305e-05
24 1h 2k,1.6089305059258305e-05
24r 24 1h,1.6089305059258305e-05
vaio intel core,1.607995588419106e-05
776000,1.6017354868105742e-05
1gb ddr2 ram,1.5618958066474383e-05
1gb ddr2,1.5618958066474383e-05
1280 800,1.5618958066474383e-05
1280,1.5618958066474383e-05
display wxga,1.550395759166088e-05
160gb hard,1.535995801852833e-05
160gb hard drive,1.535995801852833e-05
face 3darial size,1.4774042149440318e-05
676000,1.4758119992121723e-05
752000 pnp 00,1.4758119992121723e-05
pnp 00,1.4758119992121723e-05
404000 pci,1.4758119992121723e-05
752000 pnp,1.4758119992121723e-05
i2c,1.4758119992121723e-05
internet url,1.4716108421161581e-05
1280 800 windows,1.4495933432450836e-05
8azp amz wdm,1.431551985741988e-05
amd turion,1.4229977824987139e-05
journal url,1.4063653119083095e-05
x2 dual core,1.3614671667314863e-05
64 x2 dual,1.3614671667314863e-05
x2 dual,1.3614671667314863e-05
reserved 752000 pnp,1.3528276659444914e-05
reserved 752000,1.3528276659444914e-05
780000,1.3528276659444914e-05
irqs 20,1.3528276659444914e-05
irqs 20 21,1.3528276659444914e-05
084000,1.3528276659444914e-05
xwme1j0,1.3420799866331135e-05
104000,1.294209531942368e-05
676000 acpi,1.2298433326768102e-05
window disabled 784000,1.2298433326768102e-05
784000 pci,1.2298433326768102e-05
window disabled,1.2298433326768102e-05
472000,1.2298433326768102e-05
gsi,1.2298433326768102e-05
disabled 784000,1.2298433326768102e-05
changes release,1.206837311114731e-05
bugfixes,1.2060948745652143e-05
15 672000,1.1068589994091292e-05
0e,1.1068589994091292e-05
disabled 672000,1.1068589994091292e-05
00 0e,1.1068589994091292e-05
676000 acpi pci,1.1068589994091292e-05
disabled 672000 acpi,1.1068589994091292e-05
14 15 672000,1.1068589994091292e-05
ohci,1.1068589994091292e-05
000000 bios,1.1068589994091292e-05
15 672000 acpi,1.1068589994091292e-05
notes detected,1.0705253347914106e-05
detected trojan,1.0705253347914106e-05
submission notes detected,1.0705253347914106e-05
notes detected trojan,1.0705253347914106e-05
ht msi,9.838746661414481e-06
eeprom,9.838746661414481e-06
msi mapping 0000,9.838746661414481e-06
msi mapping,9.838746661414481e-06
table entries,9.838746661414481e-06
i2c eeprom,9.838746661414481e-06
saa7134 i2c eeprom,9.838746661414481e-06
low irq,9.838746661414481e-06
bios e820,9.838746661414481e-06
saa7134 i2c,9.838746661414481e-06
ht msi mapping,9.838746661414481e-06
level low irq,9.838746661414481e-06
mapping 0000,9.838746661414481e-06
pci interrupt 0000,9.838746661414481e-06
hcd 0000 00,9.838746661414481e-06
000000 bios e820,9.838746661414481e-06
e820,9.838746661414481e-06
hcd 0000,9.838746661414481e-06
level low,9.838746661414481e-06
hash table entries,9.838746661414481e-06
mapping 0000 00,9.838746661414481e-06
interrupt 0000,9.838746661414481e-06
registered new,9.83384807086328e-06
usbcore registered,9.83384807086328e-06
usbcore registered new,9.83384807086328e-06
ehci,9.221375699800475e-06
license url url,9.051279833360482e-06
pnp 00 01,8.608903328737671e-06
sata nv,8.608903328737671e-06
enabled irq,8.608903328737671e-06
15 disabled,8.608903328737671e-06
15 disabled 672000,8.608903328737671e-06
interface driver,8.60400473818647e-06
new interface driver,8.60400473818647e-06
new interface,8.60400473818647e-06
registered new interface,8.60400473818647e-06
30th 2002 10,7.758239857166127e-06
30th 2002 18,6.896213206369892e-06
url blogging,6.7459795751094625e-06
url life,6.7459795751094625e-06
monblogue com,5.461031084612422e-06
sur monblogue com,5.461031084612422e-06
monblogue com url,5.461031084612422e-06
url weblog,5.461031084612422e-06
monblogue,5.461031084612422e-06
sur monblogue,5.461031084612422e-06
blogging network,5.139793961988162e-06
thoughts url,4.818556839363901e-06
sender jotti submission,4.745985784871404e-06
jotti submission,4.745985784871404e-06
sender jotti,4.745985784871404e-06
jotti,4.745985784871404e-06
jotti submission notes,4.745985784871404e-06
id 2482437 added,4.297232059388662e-06
2482437 added,4.297232059388662e-06
2482437,4.297232059388662e-06
submission id 2482437,4.297232059388662e-06
2482437 added submission,4.297232059388662e-06
id 2482437,4.297232059388662e-06
id 2417748,4.1589014959813945e-06
submission id 2417748,4.1589014959813945e-06
2417748 added,4.1589014959813945e-06
2417748,4.1589014959813945e-06
id 2417748 added,4.1589014959813945e-06
2417748 added submission,4.1589014959813945e-06
virus alias,4.13228394920797e-06
bitdefender,4.13228394920797e-06
bitdefender submission id,4.13228394920797e-06
bitdefender submission,4.13228394920797e-06
added virus alias,3.998680343743741e-06
added virus,3.998680343743741e-06
trojan dropper,3.8421828606246405e-06
dropper,3.8421828606246405e-06
detected trojan dropper,3.8421828606246405e-06
downloader,3.4611395598384515e-06
trojan downloader,3.4611395598384515e-06
id 2516195 added,2.700400365860295e-06
2516195 added submission,2.700400365860295e-06
id 2516195,2.700400365860295e-06
2516195 added,2.700400365860295e-06
submission id 2516195,2.700400365860295e-06
2516195,2.700400365860295e-06
virus alias trojan,2.6016666394584488e-06
alias trojan,2.6016666394584488e-06
2468790 added submission,2.174892546605268e-06
2468790 added,2.174892546605268e-06
2468790,2.174892546605268e-06
submission id 2468790,2.174892546605268e-06
id 2468790 added,2.174892546605268e-06
id 2468790,2.174892546605268e-06
